user_budget,hostel_rent,rent_difference,budget_ratio,location_score,room_score,facility_score,availability_score,available_rooms,wifi_required,mess_required,heating_required,bathroom_required,hostel_has_wifi,hostel_has_mess,hostel_has_heating,hostel_has_bathroom,target_score
10441,9000,1441,0.862,30,0,100,100,10,0,0,0,0,1,1,1,0,69.24
14760,8000,6760,0.542,30,0,50.0,100,13,0,1,0,1,1,1,1,0,49.1
9780,1000,8780,0.1022,30,0,100.0,0,0,0,1,0,1,1,1,1,1,28.6
7751,11000,3249,1.4192,30,0,100.0,100,10,1,0,0,0,1,1,1,1,56.73
10680,14000,3320,1.3109,30,100,100.0,100,4,1,0,1,1,1,1,1,1,75.28
7816,8500,684,1.0875,30,0,50.0,100,8,1,0,1,0,1,1,0,0,56.42
10008,1000,9008,0.0999,30,0,100.0,0,0,1,1,1,1,1,1,1,1,27.99
6752,14000,7248,2.0735,30,0,100.0,100,4,1,1,1,1,1,1,1,1,42.82
11053,11500,447,1.0404,30,100,50.0,100,5,0,1,0,1,1,0,1,1,73.01
10318,11000,682,1.0661,30,100,100.0,100,10,0,0,1,0,1,1,1,1,83.45
5964,9000,3036,1.5091,30,100,50.0,100,10,0,1,0,1,1,1,1,0,59.08
12733,9500,3233,0.7461,30,0,33.33,100,9,1,0,1,1,1,1,0,0,49.35
12822,1000,11822,0.078,30,0,100,0,0,0,0,0,0,1,1,1,1,29.09
7165,9500,2335,1.3259,30,0,100.0,100,4,0,0,1,0,1,0,1,1,64.02
10635,9000,1635,0.8463,30,0,100.0,100,10,1,1,0,0,1,1,1,0,68.25
9122,9500,378,1.0414,30,0,50.0,100,9,1,1,1,1,1,1,0,0,61.62
13726,9000,4726,0.6557,30,100,66.67,100,11,1,1,1,0,1,0,1,0,71.42
7020,11500,4480,1.6382,30,0,75.0,100,5,1,1,1,1,1,0,1,1,49.82
12701,9500,3201,0.748,30,0,50.0,100,9,1,1,1,1,1,1,0,0,51.24
12950,8500,4450,0.6564,30,100,50.0,100,12,0,0,1,1,1,1,1,0,66.59
5294,7000,1706,1.3223,30,0,100,100,20,0,0,0,0,0,1,1,0,62.98
5486,10000,4514,1.8228,30,100,50.0,100,7,1,0,0,1,1,1,1,0,52.92
11069,8500,2569,0.7679,30,0,0.0,100,12,0,0,0,1,1,1,1,0,44.89
11546,10000,1546,0.8661,30,0,100.0,100,8,1,1,1,0,1,1,1,1,67.55
10481,9500,981,0.9064,30,0,100.0,100,9,0,1,0,0,1,1,0,0,67.34
11777,8000,3777,0.6793,30,100,100,100,13,0,0,0,0,1,1,1,0,77.26
11121,9500,1621,0.8542,30,100,100.0,100,4,1,0,0,0,1,0,1,1,82.85
11207,10000,1207,0.8923,30,100,75.0,100,7,1,1,1,1,1,1,1,0,80.27
14503,8500,6003,0.5861,30,0,100.0,100,12,1,1,0,0,1,1,1,0,57.66
10142,12000,1858,1.1832,30,0,100.0,100,5,1,1,0,0,1,1,1,1,63.36
11182,6500,4682,0.5813,30,0,100,100,16,0,0,0,0,0,1,1,0,57.43
9767,1000,8767,0.1024,30,0,100.0,0,0,1,1,0,0,1,1,1,1,30.45
11260,9500,1760,0.8437,30,0,50.0,100,9,1,1,1,1,1,1,0,0,59.02
6712,13000,6288,1.9368,30,0,100.0,80,3,0,1,0,1,1,1,1,1,37.35
14973,14000,973,0.935,30,0,100.0,100,4,0,1,0,0,1,1,1,1,67.03
13554,7000,6554,0.5165,30,0,33.33,100,20,1,1,0,1,0,1,1,0,43.64
11135,14000,2865,1.2573,30,0,100.0,100,4,1,0,0,0,1,1,1,1,60.54
9293,11000,1707,1.1837,100,0,100,100,10,0,0,0,0,1,1,1,1,81.32
13072,9500,3572,0.7267,30,0,75.0,100,4,1,1,1,1,1,0,1,1,57.29
5375,11000,5625,2.0465,30,0,100,100,10,0,0,0,0,1,1,1,1,42.54
11745,11000,745,0.9366,30,0,100.0,100,10,1,0,0,1,1,1,1,1,68.98
13481,9500,3981,0.7047,30,0,75.0,100,4,1,1,1,1,1,0,1,1,56.13
5611,9500,3889,1.6931,100,0,66.67,100,4,1,1,0,1,1,0,1,1,56.74
14056,7000,7056,0.498,30,0,100,100,20,0,0,0,0,0,1,1,0,58.04
7995,12000,4005,1.5009,30,0,100.0,100,5,0,1,1,1,1,1,1,1,58.75
10709,8000,2709,0.747,30,0,50.0,100,13,0,0,1,1,1,1,1,0,56.18
10501,9500,1001,0.9047,30,0,50.0,100,9,0,1,1,0,1,1,0,0,59.95
14122,10000,4122,0.7081,30,0,100.0,100,8,1,1,1,1,1,1,1,1,63.96
8318,9500,1182,1.1421,30,100,100.0,100,9,1,0,0,0,1,1,0,0,82.92
7372,13000,5628,1.7634,30,100,100.0,80,3,0,1,1,1,1,1,1,1,60.99
13356,9500,3856,0.7113,30,0,50.0,100,4,0,1,1,0,1,0,1,1,54.0
7023,8500,1477,1.2103,100,0,75.0,100,12,1,1,1,1,1,1,1,0,76.23
12690,10000,2690,0.788,30,0,50.0,100,7,1,0,0,1,1,1,1,0,52.29
5013,8000,2987,1.5959,30,100,0.0,100,13,0,0,0,1,1,1,1,0,45.5
11686,9000,2686,0.7702,30,0,66.67,100,11,1,1,1,0,1,0,1,0,54.7
5901,10000,4099,1.6946,30,0,100.0,100,8,0,1,0,1,1,1,1,1,50.67
8592,9500,908,1.1057,30,100,50.0,100,9,1,1,1,1,1,1,0,0,74.12
13089,8000,5089,0.6112,30,0,66.67,100,13,1,1,0,1,1,1,1,0,53.28
13859,8500,5359,0.6133,30,100,100.0,100,8,0,1,0,0,1,1,0,0,77.13
6392,9500,3108,1.4862,30,0,75.0,100,4,1,1,1,1,1,0,1,1,48.58
5557,9000,3443,1.6196,30,0,100,100,11,0,0,0,0,1,0,1,0,52.92
8887,9500,613,1.069,30,100,66.67,100,9,1,1,0,1,1,1,0,0,75.33
7618,10000,2382,1.3127,30,0,100.0,100,7,1,0,1,0,1,1,1,0,63.6
7740,14000,6260,1.8088,30,100,100,100,4,0,0,0,0,1,1,1,1,61.45
5271,12000,6729,2.2766,30,0,100.0,100,5,1,1,0,1,1,1,1,1,41.44
11112,10000,1112,0.8999,30,0,100.0,100,8,1,1,1,1,1,1,1,1,68.57
13404,1000,12404,0.0746,30,0,100.0,0,0,0,0,1,0,1,1,1,1,27.24
7954,10000,2046,1.2572,30,100,100.0,100,8,0,1,1,1,1,1,1,1,81.16
7618,8500,882,1.1158,30,100,100,100,8,0,0,0,0,1,1,0,0,79.88
10588,7500,3088,0.7083,30,0,33.33,100,15,1,0,1,1,0,1,1,0,51.52
12134,13000,866,1.0714,30,0,100.0,80,3,1,0,0,1,1,1,1,1,67.98
7344,11000,3656,1.4978,30,0,100.0,100,10,1,1,1,1,1,1,1,1,57.03
12595,13000,405,1.0322,30,100,100.0,80,3,0,0,0,1,1,1,1,1,81.33
5855,8000,2145,1.3664,30,100,75.0,100,13,1,1,1,1,1,1,1,0,69.1
8642,8500,142,0.9836,100,0,0.0,100,12,0,0,0,1,1,1,1,0,67.21
9121,13000,3879,1.4253,30,0,100,80,3,0,0,0,0,1,1,1,1,55.13
10191,10500,309,1.0303,30,0,75.0,100,6,1,1,1,1,1,1,0,1,62.82
11423,7000,4423,0.6128,30,0,100.0,100,14,0,1,0,0,1,1,1,0,59.49
6297,9500,3203,1.5087,30,0,33.33,100,9,0,1,1,1,1,1,0,0,41.56
14117,12000,2117,0.85,100,0,100.0,100,5,0,1,1,1,1,1,1,1,77.89
12023,11500,523,0.9565,30,0,66.67,100,5,1,1,1,0,1,0,1,1,62.85
5556,6500,944,1.1699,30,0,50.0,100,16,1,0,1,0,0,1,1,0,55.41
5012,9000,3988,1.7957,30,0,50.0,100,11,1,1,1,1,1,0,1,0,35.77
8582,7500,1082,0.8739,100,100,33.33,100,15,1,1,0,1,0,1,1,0,83.25
6215,6500,285,1.0459,30,0,100.0,100,16,0,1,1,0,0,1,1,0,66.7
14070,14000,70,0.995,30,0,100.0,100,4,0,1,1,0,1,1,1,1,69.19
7970,11500,3530,1.4429,30,100,0.0,100,5,0,1,0,0,1,0,1,1,50.68
9376,8500,876,0.9066,30,0,50.0,100,8,1,1,1,1,1,1,0,0,58.26
8083,6500,1583,0.8042,30,0,50.0,100,16,1,1,1,1,0,1,1,0,54.16
12750,9000,3750,0.7059,30,0,50.0,100,11,1,1,1,1,1,0,1,0,50.8
11420,11000,420,0.9632,30,0,100.0,100,10,1,0,1,1,1,1,1,1,72.08
9491,8500,991,0.8956,30,0,33.33,100,8,0,1,1,1,1,1,0,0,52.35
8910,11500,2590,1.2907,30,0,100.0,100,5,1,0,0,1,1,0,1,1,61.3
5380,9000,3620,1.6729,30,100,100,100,11,0,0,0,0,1,0,1,0,67.87
14546,9500,5046,0.6531,30,0,75.0,100,4,1,1,1,1,1,0,1,1,56.67
8155,10000,1845,1.2262,30,100,100,100,8,0,0,0,0,1,1,1,1,76.46
9914,10000,86,1.0087,30,0,66.67,100,7,1,0,1,1,1,1,1,0,63.03
10499,10000,499,0.9525,30,0,0.0,100,7,0,0,0,1,1,1,1,0,48.83
14201,14000,201,0.9858,30,0,100,100,4,0,0,0,0,1,1,1,1,69.45
14565,10000,4565,0.6866,30,0,75.0,100,7,1,1,1,1,1,1,1,0,56.95
7063,11000,3937,1.5574,30,0,100.0,100,10,1,1,0,1,1,1,1,1,55.06
12426,7500,4926,0.6036,100,100,66.67,100,15,1,1,1,0,0,1,1,0,79.44
13389,9000,4389,0.6722,30,0,75.0,100,10,1,1,1,1,1,1,1,0,56.46
13889,11000,2889,0.792,30,0,100.0,100,10,0,1,1,0,1,1,1,1,63.68
13577,1000,12577,0.0737,100,100,100.0,0,0,1,1,1,1,1,1,1,1,59.02
13381,8500,4881,0.6352,30,100,100,100,12,0,0,0,0,1,1,1,0,74.63
11676,9500,2176,0.8136,30,0,50.0,100,9,1,1,1,1,1,1,0,0,55.0
8299,10000,1701,1.205,100,0,100.0,100,8,0,1,0,1,1,1,1,1,78.27
13763,13000,763,0.9446,30,100,100.0,80,3,0,1,1,0,1,1,1,1,84.32
13170,11500,1670,0.8732,30,100,75.0,100,5,1,1,1,1,1,0,1,1,76.66
8658,8500,158,0.9818,30,100,50.0,100,8,1,1,1,1,1,1,0,0,74.87
6259,8500,2241,1.358,30,100,0.0,100,12,0,0,0,1,1,1,1,0,52.89
8543,1000,7543,0.1171,30,0,100.0,0,0,0,0,1,0,1,1,1,1,27.16
12068,14000,1932,1.1601,30,100,100.0,100,4,1,1,1,1,1,1,1,1,80.74
9422,7500,1922,0.796,30,0,50.0,100,15,1,1,1,1,0,1,1,0,56.18
8774,1000,7774,0.114,30,0,100,0,0,0,0,0,0,1,1,1,1,31.43
9526,10000,474,1.0498,100,0,100.0,100,8,1,1,1,1,1,1,1,1,81.44
13969,7000,6969,0.5011,30,0,75.0,100,14,1,1,1,1,1,1,1,0,49.24
6062,10000,3938,1.6496,30,100,100.0,100,8,0,1,1,0,1,1,1,1,66.0
14374,7000,7374,0.487,100,100,33.33,100,20,1,1,0,1,0,1,1,0,71.58
14272,7000,7272,0.4905,30,100,0.0,100,20,0,0,0,1,0,1,1,0,50.49
13839,6500,7339,0.4697,30,100,50.0,100,16,0,0,1,1,0,1,1,0,60.24
10055,1000,9055,0.0995,30,0,100.0,0,0,0,0,1,0,1,1,1,1,28.86
12013,7500,4513,0.6243,30,0,50.0,100,15,1,1,1,1,0,1,1,0,48.06
9524,10000,476,1.05,30,0,100.0,100,8,1,1,1,1,1,1,1,1,69.22
12216,11000,1216,0.9005,30,0,100.0,100,10,1,0,0,1,1,1,1,1,66.44
10876,7000,3876,0.6436,30,100,33.33,100,20,1,1,0,1,0,1,1,0,59.11
7895,9500,1605,1.2033,30,0,100,100,9,0,0,0,0,1,1,0,0,64.86
7137,8000,863,1.1209,100,0,100.0,100,13,0,1,1,0,1,1,1,0,79.39
8219,11500,3281,1.3992,30,100,75.0,100,5,1,1,1,1,1,0,1,1,69.26
7817,14000,6183,1.791,30,0,100.0,100,4,0,1,0,0,1,1,1,1,47.71
6176,9000,2824,1.4573,30,100,50.0,100,11,1,1,1,1,1,0,1,0,63.31
9244,11000,1756,1.19,30,100,100,100,10,0,0,0,0,1,1,1,1,77.69
11589,9500,2089,0.8197,30,100,100.0,100,9,1,0,0,0,1,1,0,0,82.62
8673,7000,1673,0.8071,30,100,100.0,100,20,0,0,1,0,0,1,1,0,77.82
9797,9000,797,0.9186,30,0,75.0,100,10,1,1,1,1,1,1,1,0,64.22
13724,9500,4224,0.6922,30,100,50.0,100,9,1,0,0,1,1,1,0,0,69.45
10140,10000,140,0.9862,30,100,100.0,100,7,1,0,0,0,1,1,1,0,87.84
11711,8500,3211,0.7258,30,0,0.0,100,8,0,0,1,1,1,1,0,0,43.93
10722,1000,9722,0.0933,100,0,100,0,0,0,0,0,0,1,1,1,1,44.64
10560,11500,940,1.089,30,0,75.0,100,5,1,1,1,1,1,0,1,1,65.1
6674,7000,326,1.0488,30,0,66.67,100,14,1,0,1,1,1,1,1,0,65.62
12856,12000,856,0.9334,30,100,100.0,100,5,1,1,1,1,1,1,1,1,84.93
7458,10500,3042,1.4079,30,100,100,100,6,0,0,0,0,1,1,0,1,72.79
8554,9500,946,1.1106,30,0,66.67,100,9,1,1,1,0,1,1,0,0,63.81
8764,6500,2264,0.7417,30,100,100.0,100,16,0,1,0,0,0,1,1,0,79.69
8564,1000,7564,0.1168,30,100,100.0,0,0,1,1,1,1,1,1,1,1,45.99
7057,7500,443,1.0628,30,0,33.33,100,15,1,0,1,1,0,1,1,0,57.63
5141,9000,3859,1.7506,30,0,100.0,100,11,1,0,0,0,1,0,1,0,48.27
10530,8500,2030,0.8072,30,0,100.0,100,8,1,1,0,0,1,1,0,0,64.19
10690,7500,3190,0.7016,30,100,100,100,15,0,0,0,0,0,1,1,0,79.3
7283,8500,1217,1.1671,30,100,75.0,100,12,1,1,1,1,1,1,1,0,78.65
14045,13000,1045,0.9256,30,0,100.0,80,3,0,0,1,1,1,1,1,1,65.46
12644,11500,1144,0.9095,30,0,75.0,100,5,1,1,1,1,1,0,1,1,63.07
14780,9000,5780,0.6089,30,100,100.0,100,10,0,1,0,0,1,1,1,0,73.0
8079,7500,579,0.9283,30,100,100.0,100,15,0,1,1,0,0,1,1,0,81.36
10306,9500,806,0.9218,30,100,100,100,9,0,0,0,0,1,1,0,0,84.84
11070,10000,1070,0.9033,30,0,50.0,100,7,1,0,0,1,1,1,1,0,60.47
6082,8500,2418,1.3976,30,0,50.0,100,8,1,1,1,1,1,1,0,0,50.75
11703,10000,1703,0.8545,100,0,100.0,100,8,1,1,1,1,1,1,1,1,80.59
14081,8000,6081,0.5681,30,0,75.0,100,13,1,1,1,1,1,1,1,0,50.49
14096,9000,5096,0.6385,30,0,50.0,100,11,1,0,0,1,1,0,1,0,52.81
7722,9500,1778,1.2303,30,0,50.0,100,9,1,0,0,1,1,1,0,0,54.06
10952,1000,9952,0.0913,30,100,100.0,0,0,1,1,0,1,1,1,1,1,45.72
6382,9500,3118,1.4886,30,0,100,100,9,0,0,0,0,1,1,0,0,54.75
14799,10000,4799,0.6757,30,0,100.0,100,8,1,1,1,1,1,1,1,1,62.4
10992,9000,1992,0.8188,30,0,66.67,100,11,1,1,1,0,1,0,1,0,55.95
13929,14000,71,1.0051,30,0,100.0,100,4,1,0,1,0,1,1,1,1,73.14
6337,9500,3163,1.4991,30,100,100,100,9,0,0,0,0,1,1,0,0,71.24
6266,10500,4234,1.6757,30,0,100,100,6,0,0,0,0,1,1,0,1,52.77
11524,10000,1524,0.8678,30,0,100,100,7,0,0,0,0,1,1,1,0,66.68
5968,7000,1032,1.1729,30,0,100,100,14,0,0,0,0,1,1,1,0,64.77
7425,12000,4575,1.6162,30,0,100.0,100,5,1,0,0,0,1,1,1,1,53.85
14517,1000,13517,0.0689,30,0,100.0,0,0,0,0,1,0,1,1,1,1,28.75
14864,11000,3864,0.74,30,0,100.0,100,10,0,1,1,1,1,1,1,1,65.23
5872,12000,6128,2.0436,30,0,100.0,100,5,0,1,1,0,1,1,1,1,39.06
8606,10000,1394,1.162,30,100,75.0,100,7,1,1,1,1,1,1,1,0,78.7
8149,9500,1351,1.1658,30,0,66.67,100,9,1,1,1,0,1,1,0,0,59.03
12336,14000,1664,1.1349,30,100,100.0,100,4,0,1,0,1,1,1,1,1,82.21
11419,10500,919,0.9195,30,0,100,100,6,0,0,0,0,1,1,0,1,68.33
8490,10000,1510,1.1779,30,0,100.0,100,8,1,0,1,1,1,1,1,1,67.93
14901,8500,6401,0.5704,30,100,50.0,100,8,0,1,1,0,1,1,0,0,65.74
8790,9500,710,1.0808,30,0,50.0,100,9,1,1,1,1,1,1,0,0,59.52
13116,12000,1116,0.9149,30,100,100.0,100,5,1,1,1,1,1,1,1,1,84.78
6244,9000,2756,1.4414,30,100,66.67,100,11,1,1,1,0,1,0,1,0,65.63
13894,11500,2394,0.8277,30,0,75.0,100,5,1,1,1,1,1,0,1,1,63.03
10096,7500,2596,0.7429,30,0,66.67,100,15,0,1,1,1,0,1,1,0,57.44
12337,8500,3837,0.689,30,0,66.67,100,8,1,1,0,1,1,1,0,0,53.0
13520,8500,5020,0.6287,30,100,50.0,100,8,1,1,1,1,1,1,0,0,63.06
7818,10000,2182,1.2791,30,100,100,100,8,0,0,0,0,1,1,1,1,80.24
7963,13000,5037,1.6326,30,0,100.0,80,3,0,0,1,0,1,1,1,1,50.98
8109,14000,5891,1.7265,30,100,100,100,4,0,0,0,0,1,1,1,1,64.7
13046,1000,12046,0.0767,30,100,100.0,0,0,1,1,0,1,1,1,1,1,41.77
11564,9000,2564,0.7783,30,0,50.0,100,10,1,0,0,1,1,1,1,0,51.37
6031,13000,6969,2.1555,30,100,100.0,80,3,0,0,0,1,1,1,1,1,51.64
14817,7000,7817,0.4724,30,100,66.67,100,20,1,1,1,0,0,1,1,0,63.87
12349,14000,1651,1.1337,30,0,100.0,100,4,0,1,1,1,1,1,1,1,64.45
9528,9500,28,0.9971,30,0,100.0,100,9,1,1,0,0,1,1,0,0,71.49
13761,7000,6761,0.5087,30,0,66.67,100,14,1,0,1,1,1,1,1,0,48.45
14389,9500,4889,0.6602,30,0,50.0,100,9,1,1,1,1,1,1,0,0,53.35
10090,13000,2910,1.2884,30,100,100.0,80,3,1,0,1,1,1,1,1,1,76.86
11670,6500,5170,0.557,30,0,100,100,16,0,0,0,0,0,1,1,0,60.59
7929,14000,6071,1.7657,30,100,100.0,100,4,1,1,0,1,1,1,1,1,65.35
8637,10500,1863,1.2157,30,0,66.67,100,6,1,0,1,1,1,1,0,1,60.55
10260,10000,260,0.9747,30,0,100,100,8,0,0,0,0,1,1,1,1,68.79
13037,13000,37,0.9972,30,100,100.0,80,3,1,1,1,1,1,1,1,1,81.96
10601,6500,4101,0.6131,30,100,50.0,100,16,1,1,1,1,0,1,1,0,62.68
10952,10000,952,0.9131,100,100,100.0,100,7,0,1,0,0,1,1,1,0,99.63
7288,9000,1712,1.2349,30,0,75.0,100,10,1,1,1,1,1,1,1,0,58.37
14729,7000,7729,0.4753,30,0,100.0,100,14,1,1,1,0,1,1,1,0,52.44
13722,10500,3222,0.7652,30,0,100,100,6,0,0,0,0,1,1,0,1,66.17
11254,9500,1754,0.8441,30,0,100.0,100,9,0,1,0,0,1,1,0,0,65.59
6483,14000,7517,2.1595,30,100,100.0,100,4,1,0,1,1,1,1,1,1,56.77
7462,9500,2038,1.2731,30,100,100,100,9,0,0,0,0,1,1,0,0,75.47
6520,7500,980,1.1503,100,0,66.67,100,15,1,1,1,0,0,1,1,0,76.35
5309,11000,5691,2.072,30,0,100.0,100,10,0,1,0,1,1,1,1,1,38.92
9149,13000,3851,1.4209,100,100,100.0,80,3,0,1,1,1,1,1,1,1,85.17
5957,9500,3543,1.5948,30,0,100,100,9,0,0,0,0,1,1,0,0,51.81
8437,8500,63,1.0075,30,0,50.0,100,8,1,1,1,1,1,1,0,0,62.65
11934,1000,10934,0.0838,30,100,100.0,0,0,1,0,1,0,1,1,1,1,41.0
8078,7000,1078,0.8666,100,0,100.0,100,20,0,1,1,0,0,1,1,0,78.78
11316,13000,1684,1.1488,30,0,100.0,80,3,1,1,0,1,1,1,1,1,61.1
13076,10500,2576,0.803,30,0,66.67,100,6,0,1,1,1,1,1,0,1,58.48
10290,10000,290,0.9718,30,0,100.0,100,8,1,1,1,0,1,1,1,1,67.68
7354,8500,1146,1.1558,30,100,50.0,100,8,1,1,1,1,1,1,0,0,70.16
7168,9500,2332,1.3253,30,0,50.0,100,9,1,1,1,1,1,1,0,0,52.88
13485,9000,4485,0.6674,30,0,100.0,100,11,1,0,0,0,1,0,1,0,60.91
6581,7000,419,1.0637,30,0,66.67,100,20,0,1,1,1,0,1,1,0,60.97
6284,10000,3716,1.5913,30,0,50.0,100,7,0,0,1,1,1,1,1,0,43.62
11885,9500,2385,0.7993,30,0,100,100,9,0,0,0,0,1,1,0,0,67.79
8182,10000,1818,1.2222,30,0,75.0,100,7,1,1,1,1,1,1,1,0,60.43
7695,11000,3305,1.4295,30,0,100.0,100,10,0,1,1,1,1,1,1,1,58.17
12521,12000,521,0.9584,30,0,100.0,100,5,1,0,0,0,1,1,1,1,66.94
9730,14000,4270,1.4388,30,0,100.0,100,4,1,1,0,0,1,1,1,1,57.63
12501,8500,4001,0.6799,30,0,100.0,100,12,1,1,1,0,1,1,1,0,59.62
10939,8500,2439,0.777,30,100,50.0,100,8,1,1,1,1,1,1,0,0,70.32
8715,11500,2785,1.3196,30,0,100,100,5,0,0,0,0,1,0,1,1,64.23
5864,11500,5636,1.9611,30,0,75.0,100,5,1,1,1,1,1,0,1,1,35.98
7677,9000,1323,1.1723,30,0,50.0,100,10,1,0,0,1,1,1,1,0,57.29
11186,9000,2186,0.8046,30,0,100.0,100,10,1,0,0,0,1,1,1,0,67.68
14520,6500,8020,0.4477,30,0,0.0,100,16,1,0,0,0,0,1,1,0,34.18
6949,10500,3551,1.511,30,0,100,100,6,0,0,0,0,1,1,0,1,56.23
6605,7500,895,1.1355,30,0,50.0,100,15,1,0,1,0,0,1,1,0,59.61
11335,9000,2335,0.794,30,0,33.33,100,11,1,1,0,1,1,0,1,0,49.81
8570,9000,430,1.0502,30,0,100,100,11,0,0,0,0,1,0,1,0,66.73
11590,6500,5090,0.5608,100,0,100,100,16,0,0,0,0,0,1,1,0,74.06
10340,8500,1840,0.8221,30,0,66.67,100,12,1,1,0,1,1,1,1,0,57.31
12016,9000,3016,0.749,30,0,100,100,11,0,0,0,0,1,0,1,0,63.63
7920,8500,580,1.0732,30,0,66.67,100,12,1,1,0,1,1,1,1,0,59.32
8087,10000,1913,1.2366,30,100,100,100,8,0,0,0,0,1,1,1,1,79.09
7644,1000,6644,0.1308,30,0,100.0,0,0,1,1,1,0,1,1,1,1,30.58
6659,9000,2341,1.3516,30,100,66.67,100,10,0,1,1,1,1,1,1,0,69.56
6228,1000,5228,0.1606,30,100,100.0,0,0,1,1,1,1,1,1,1,1,43.94
6981,1000,5981,0.1432,30,0,100.0,0,0,1,1,1,0,1,1,1,1,30.82
12685,1000,11685,0.0788,30,0,100,0,0,0,0,0,0,1,1,1,1,26.79
5395,8500,3105,1.5755,100,0,0.0,100,8,0,0,1,0,1,1,0,0,48.45
9193,12000,2807,1.3053,30,100,100.0,100,5,0,0,1,0,1,1,1,1,75.47
10421,13000,2579,1.2475,100,100,100.0,80,3,1,0,1,1,1,1,1,1,90.83
11065,9000,2065,0.8134,30,0,33.33,100,11,1,1,0,1,1,0,1,0,53.34
7922,9000,1078,1.1361,30,0,100,100,10,0,0,0,0,1,1,1,0,66.48
5297,7000,1703,1.3215,30,100,50.0,100,20,1,0,1,0,0,1,1,0,65.32
14643,9000,5643,0.6146,30,100,50.0,100,10,0,0,1,1,1,1,1,0,66.59
11305,9000,2305,0.7961,30,0,100.0,100,10,0,0,1,0,1,1,1,0,63.92
7317,11500,4183,1.5717,30,0,100,100,5,0,0,0,0,1,0,1,1,52.84
7675,8500,825,1.1075,30,0,33.33,100,8,0,1,1,1,1,1,0,0,55.04
12490,10500,1990,0.8407,30,100,66.67,100,6,1,1,1,0,1,1,0,1,73.2
6256,12000,5744,1.9182,100,0,100.0,100,5,1,0,1,0,1,1,1,1,58.65
8618,14000,5382,1.6245,30,100,100.0,100,4,1,1,1,1,1,1,1,1,64.61
10536,9500,1036,0.9017,30,0,66.67,100,9,1,1,1,0,1,1,0,0,61.71
11972,11500,472,0.9606,30,100,100.0,100,5,0,0,0,1,1,0,1,1,86.07
11728,13000,1272,1.1085,30,0,100.0,80,3,1,1,1,1,1,1,1,1,65.68
14270,9500,4770,0.6657,30,0,50.0,100,9,1,0,0,1,1,1,0,0,52.47
5583,6500,917,1.1642,30,100,66.67,100,16,1,1,1,0,0,1,1,0,72.32
5904,6500,596,1.1009,30,0,100,100,16,0,0,0,0,0,1,1,0,65.24
8989,9000,11,1.0012,30,0,0.0,100,11,0,1,0,0,1,0,1,0,51.41
6097,9500,3403,1.5581,30,100,100.0,100,4,0,0,1,1,1,0,1,1,70.82
9190,8500,690,0.9249,30,0,66.67,100,12,1,1,0,1,1,1,1,0,60.43
14854,10000,4854,0.6732,100,0,100.0,100,8,1,1,0,0,1,1,1,1,74.4
7423,14000,6577,1.886,30,0,100,100,4,0,0,0,0,1,1,1,1,43.61
9890,8000,1890,0.8089,30,100,50.0,100,13,0,0,1,1,1,1,1,0,68.94
13680,6500,7180,0.4751,30,0,100,100,16,0,0,0,0,0,1,1,0,56.33
8981,14000,5019,1.5588,30,0,100.0,100,4,0,0,0,1,1,1,1,1,55.22
7778,8500,722,1.0928,30,100,50.0,100,8,1,0,0,1,1,1,0,0,71.38
6251,7000,749,1.1198,30,0,0.0,100,20,1,0,0,1,0,1,1,0,48.62
13116,9000,4116,0.6862,30,100,33.33,100,11,0,1,1,1,1,0,1,0,63.37
8727,10500,1773,1.2032,30,0,75.0,100,6,1,1,1,1,1,1,0,1,59.24
7312,10000,2688,1.3676,30,0,100.0,100,8,1,0,1,1,1,1,1,1,57.61
13359,8500,4859,0.6363,30,0,66.67,100,12,1,0,1,1,1,1,1,0,54.3
9904,7000,2904,0.7068,30,0,100.0,100,14,0,0,1,0,1,1,1,0,61.04
13369,12000,1369,0.8976,30,100,100.0,100,5,0,1,1,1,1,1,1,1,82.99
5110,10000,4890,1.9569,30,0,100,100,8,0,0,0,0,1,1,1,1,44.12
11144,8500,2644,0.7627,30,0,50.0,100,12,1,0,0,1,1,1,1,0,54.39
5567,8500,2933,1.5269,30,0,50.0,100,8,1,1,1,1,1,1,0,0,42.78
8901,11500,2599,1.292,100,100,75.0,100,5,1,1,1,1,1,0,1,1,87.95
8454,11500,3046,1.3603,30,0,66.67,100,5,1,1,1,0,1,0,1,1,52.87
5728,9000,3272,1.5712,30,0,100,100,10,0,0,0,0,1,1,1,0,52.11
13431,8500,4931,0.6329,30,100,100,100,12,0,0,0,0,1,1,1,0,74.77
6052,10000,3948,1.6523,30,0,66.67,100,7,1,1,0,1,1,1,1,0,42.96
10264,12000,1736,1.1691,30,0,100,100,5,0,0,0,0,1,1,1,1,63.19
7353,9000,1647,1.224,30,0,50.0,100,11,1,1,1,1,1,0,1,0,51.39
9117,1000,8117,0.1097,30,100,100,0,0,0,0,0,0,1,1,1,1,45.08
14019,13000,1019,0.9273,100,0,100.0,80,3,0,0,1,1,1,1,1,1,77.06
5986,7000,1014,1.1694,100,0,66.67,100,20,1,1,1,0,0,1,1,0,73.01
5185,7500,2315,1.4465,30,100,0.0,100,15,1,0,0,1,0,1,1,0,51.57
7205,12000,4795,1.6655,30,0,100.0,100,5,1,1,0,1,1,1,1,1,52.76
10244,9500,744,0.9274,30,0,50.0,100,9,0,1,1,0,1,1,0,0,61.64
5996,10500,4504,1.7512,30,100,100,100,6,0,0,0,0,1,1,0,1,60.69
10620,11500,880,1.0829,30,100,100.0,100,5,1,0,0,1,1,0,1,1,82.29
11760,7000,4760,0.5952,30,0,100.0,100,20,0,1,0,0,0,1,1,0,56.48
9410,7000,2410,0.7439,30,100,100.0,100,14,1,0,0,0,1,1,1,0,80.47
11462,8500,2962,0.7416,30,0,50.0,100,8,0,1,1,0,1,1,0,0,52.84
8377,11500,3123,1.3728,100,0,66.67,100,5,1,1,1,0,1,0,1,1,66.41
6586,10000,3414,1.5184,30,0,100.0,100,8,1,1,1,1,1,1,1,1,54.27
11504,7000,4504,0.6085,30,0,50.0,100,20,1,1,1,1,0,1,1,0,47.33
12518,8500,4018,0.679,30,100,50.0,100,12,0,1,0,1,1,1,1,0,69.06
12378,10000,2378,0.8079,30,0,100.0,100,8,1,0,0,0,1,1,1,1,66.06
9149,7000,2149,0.7651,30,0,50.0,100,14,0,0,1,1,1,1,1,0,50.97
10645,7000,3645,0.6576,30,100,100.0,100,14,1,1,0,0,1,1,1,0,78.21
8061,13000,4939,1.6127,30,0,100.0,80,3,1,1,1,1,1,1,1,1,47.26
8038,7000,1038,0.8709,30,100,50.0,100,20,1,1,0,0,0,1,1,0,71.87
14568,9500,5068,0.6521,30,0,66.67,100,9,1,1,1,0,1,1,0,0,56.11
12960,9500,3460,0.733,30,100,100.0,100,4,1,0,0,1,1,0,1,1,79.83
12240,7500,4740,0.6127,30,0,100.0,100,15,0,1,1,0,0,1,1,0,60.97
9324,14000,4676,1.5015,30,100,100.0,100,4,0,0,0,1,1,1,1,1,72.29
13939,1000,12939,0.0717,30,0,100.0,0,0,1,0,0,1,1,1,1,1,27.16
8515,9000,485,1.057,30,0,50.0,100,11,1,1,1,1,1,0,1,0,59.69
7199,10000,2801,1.3891,30,0,100.0,100,8,0,1,0,0,1,1,1,1,59.13
14362,10000,4362,0.6963,30,0,50.0,100,7,0,0,1,1,1,1,1,0,49.95
10779,13000,2221,1.206,30,100,100,80,3,0,0,0,0,1,1,1,1,79.72
10208,9000,1208,0.8817,30,0,100,100,10,0,0,0,0,1,1,1,0,65.12
11875,8000,3875,0.6737,100,100,100.0,100,13,0,1,0,0,1,1,1,0,90.95
10026,7000,3026,0.6982,30,100,100.0,100,14,1,1,0,0,1,1,1,0,79.1
8343,10000,1657,1.1986,30,0,100.0,100,8,1,1,0,0,1,1,1,1,65.19
8190,7000,1190,0.8547,30,0,66.67,100,14,0,1,1,1,1,1,1,0,61.48
6937,9500,2563,1.3695,100,0,50.0,100,9,1,0,1,0,1,1,0,0,61.8
13324,14000,676,1.0507,30,0,100.0,100,4,1,1,1,1,1,1,1,1,71.68
7611,14000,6389,1.8394,30,0,100.0,100,4,1,1,1,1,1,1,1,1,43.99
10190,7000,3190,0.6869,30,0,75.0,100,14,1,1,1,1,1,1,1,0,55.89
9501,12000,2499,1.263,30,0,100.0,100,5,1,1,1,1,1,1,1,1,63.77
10927,9500,1427,0.8694,30,100,75.0,100,4,1,1,1,1,1,0,1,1,76.22
8610,10500,1890,1.2195,30,100,100.0,100,6,0,1,0,0,1,1,0,1,78.55
9385,9500,115,1.0123,30,0,100,100,9,0,0,0,0,1,1,0,0,72.99
11189,11000,189,0.9831,30,0,100.0,100,10,0,1,0,0,1,1,1,1,72.32
6929,10000,3071,1.4432,30,100,100,100,8,0,0,0,0,1,1,1,1,73.87
8252,8500,248,1.0301,30,0,75.0,100,12,1,1,1,1,1,1,1,0,62.86
8659,14000,5341,1.6168,30,0,100,100,4,0,0,0,0,1,1,1,1,52.63
12594,7000,5594,0.5558,30,100,66.67,100,14,0,1,1,1,1,1,1,0,63.78
5918,11500,5582,1.9432,30,0,75.0,100,5,1,1,1,1,1,0,1,1,39.39
13037,7000,6037,0.5369,30,100,50.0,100,20,0,0,1,1,0,1,1,0,60.77
13791,9500,4291,0.6889,30,0,50.0,100,4,1,1,0,0,1,0,1,1,54.21
5051,9500,4449,1.8808,30,100,66.67,100,9,1,1,1,0,1,1,0,0,50.41
5183,11500,6317,2.2188,30,100,100.0,100,5,0,0,1,0,1,0,1,1,58.17
7412,12000,4588,1.619,30,0,100.0,100,5,1,1,1,1,1,1,1,1,55.16
6648,10500,3852,1.5794,30,100,100,100,6,0,0,0,0,1,1,0,1,67.33
10539,9000,1539,0.854,30,100,50.0,100,11,1,1,1,1,1,0,1,0,73.44
8140,9500,1360,1.1671,30,0,100,100,9,0,0,0,0,1,1,0,0,66.78
14611,8500,6111,0.5818,30,0,100.0,100,12,0,1,0,0,1,1,1,0,60.0
13229,9000,4229,0.6803,30,0,100.0,100,11,1,0,0,0,1,0,1,0,64.15
6424,11000,4576,1.7123,30,0,100,100,10,0,0,0,0,1,1,1,1,47.93
7084,11000,3916,1.5528,100,0,100.0,100,10,1,1,1,1,1,1,1,1,69.03
13399,10500,2899,0.7836,30,0,75.0,100,6,1,1,1,1,1,1,0,1,60.2
12977,11500,1477,0.8862,30,0,50.0,100,5,0,1,1,0,1,0,1,1,55.21
6457,9500,3043,1.4713,30,100,66.67,100,4,1,1,1,0,1,0,1,1,62.48
12577,7500,5077,0.5963,30,100,100,100,15,0,0,0,0,0,1,1,0,72.54
14257,10000,4257,0.7014,30,0,66.67,100,7,1,1,0,1,1,1,1,0,53.46
13799,8000,5799,0.5798,30,0,66.67,100,13,1,1,0,1,1,1,1,0,52.5
13164,7000,6164,0.5318,30,100,100.0,100,14,0,0,1,0,1,1,1,0,72.37
8283,9500,1217,1.1469,30,0,75.0,100,4,1,1,1,1,1,0,1,1,60.88
9363,7000,2363,0.7476,30,0,100,100,14,0,0,0,0,1,1,1,0,65.58
9708,8000,1708,0.8241,30,0,100.0,100,13,1,1,1,0,1,1,1,0,64.23
6051,10500,4449,1.7353,30,0,100,100,6,0,0,0,0,1,1,0,1,47.22
13330,7000,6330,0.5251,30,0,66.67,100,20,1,1,1,0,0,1,1,0,51.08
12210,9000,3210,0.7371,30,100,100.0,100,10,0,1,1,0,1,1,1,0,77.06
8271,12000,3729,1.4509,100,0,100.0,100,5,1,0,1,0,1,1,1,1,71.54
9640,11500,1860,1.1929,30,0,75.0,100,5,1,1,1,1,1,0,1,1,57.56
7257,7000,257,0.9646,30,0,100.0,100,20,0,1,0,0,0,1,1,0,69.76
10705,11000,295,1.0276,30,100,100.0,100,10,0,1,1,1,1,1,1,1,83.06
13154,8500,4654,0.6462,30,100,66.67,100,12,1,0,1,1,1,1,1,0,67.91
9868,6500,3368,0.6587,30,0,0.0,100,16,1,0,0,1,0,1,1,0,40.6
6085,9000,2915,1.479,30,0,100.0,100,11,1,0,1,0,1,0,1,0,57.1
14626,8500,6126,0.5812,30,0,50.0,100,8,1,1,1,1,1,1,0,0,50.03
10875,14000,3125,1.2874,30,0,100.0,100,4,1,0,0,0,1,1,1,1,62.73
12639,11500,1139,0.9099,30,0,100.0,100,5,1,0,1,0,1,0,1,1,67.07
12931,14000,1069,1.0827,30,0,100.0,100,4,0,1,1,0,1,1,1,1,67.13
11737,10000,1737,0.852,30,0,75.0,100,7,1,1,1,1,1,1,1,0,61.6
9390,12000,2610,1.278,30,0,100.0,100,5,0,0,1,1,1,1,1,1,63.78
6891,8000,1109,1.1609,30,100,100.0,100,13,1,1,1,0,1,1,1,0,79.67
12227,9500,2727,0.777,30,100,50.0,100,4,1,1,0,0,1,0,1,1,67.8
11184,7000,4184,0.6259,30,0,100.0,100,14,1,1,0,0,1,1,1,0,60.23
10071,9000,1071,0.8937,30,0,0.0,100,11,0,1,0,0,1,0,1,0,45.81
5041,10000,4959,1.9837,30,100,100.0,100,7,0,0,1,0,1,1,1,0,58.05
10236,9000,1236,0.8792,30,0,50.0,100,11,1,1,1,1,1,0,1,0,58.1
15000,10500,4500,0.7,30,0,50.0,100,6,0,0,1,1,1,1,0,1,50.23
7821,1000,6821,0.1279,30,100,100.0,0,0,1,1,1,1,1,1,1,1,45.23
7131,10000,2869,1.4023,100,0,100.0,100,7,1,0,1,0,1,1,1,0,73.14
5463,7000,1537,1.2813,30,100,100.0,100,14,1,1,1,0,1,1,1,0,78.83
7940,6500,1440,0.8186,30,100,33.33,100,16,1,0,1,1,0,1,1,0,64.49
6196,7000,804,1.1298,30,0,100,100,20,0,0,0,0,0,1,1,0,68.64
12073,8000,4073,0.6626,30,0,100.0,100,13,1,0,0,0,1,1,1,0,59.15
10884,14000,3116,1.2863,30,100,100.0,100,4,1,1,1,1,1,1,1,1,76.53
14687,7000,7687,0.4766,30,0,50.0,100,20,1,1,1,1,0,1,1,0,42.43
9873,12000,2127,1.2154,100,0,100,100,5,0,0,0,0,1,1,1,1,77.17
14141,10500,3641,0.7425,30,0,75.0,100,6,1,1,1,1,1,1,0,1,58.91
14292,9000,5292,0.6297,30,100,50.0,100,11,1,1,1,1,1,0,1,0,63.52
6592,10000,3408,1.517,30,100,100,100,8,0,0,0,0,1,1,1,1,72.2
10022,6500,3522,0.6486,30,100,0.0,100,16,1,0,0,0,0,1,1,0,57.55
5015,1000,4015,0.1994,30,0,100.0,0,0,1,0,0,1,1,1,1,1,33.28
14466,11500,2966,0.795,30,0,66.67,100,5,1,1,0,1,1,0,1,1,57.47
14076,1000,13076,0.071,30,0,100,0,0,0,0,0,0,1,1,1,1,26.48
14790,9500,5290,0.6423,30,0,50.0,100,9,1,1,1,1,1,1,0,0,51.57
5654,13000,7346,2.2993,30,0,100.0,80,3,1,1,1,1,1,1,1,1,37.32
8687,7000,1687,0.8058,30,0,100.0,100,14,1,0,0,0,1,1,1,0,64.59
8413,8000,413,0.9509,30,0,100,100,13,0,0,0,0,1,1,1,0,70.4
8535,7500,1035,0.8787,30,0,100,100,15,0,0,0,0,0,1,1,0,65.89
5839,8500,2661,1.4557,30,100,100.0,100,12,1,0,0,0,1,1,1,0,74.53
12118,12000,118,0.9903,100,100,100.0,100,5,0,0,1,0,1,1,1,1,97.89
12386,8500,3886,0.6863,30,100,100.0,100,12,1,0,1,0,1,1,1,0,74.38
6944,13000,6056,1.8721,30,0,100.0,80,3,1,1,1,1,1,1,1,1,41.95
14491,9000,5491,0.6211,30,0,50.0,100,11,1,1,1,1,1,0,1,0,50.48
10888,9000,1888,0.8266,30,100,50.0,100,11,1,1,0,0,1,0,1,0,69.97
5422,10000,4578,1.8443,30,100,100.0,100,7,0,0,1,0,1,1,1,0,61.3
7723,10000,2277,1.2948,30,0,100,100,8,0,0,0,0,1,1,1,1,64.88
9838,7500,2338,0.7624,100,100,100,100,15,0,0,0,0,0,1,1,0,94.83
10633,7000,3633,0.6583,30,0,66.67,100,14,0,1,1,1,1,1,1,0,52.63
5500,11000,5500,2.0,30,0,100.0,100,10,0,0,1,0,1,1,1,1,42.67
10231,11000,769,1.0752,30,100,100.0,100,10,1,1,1,1,1,1,1,1,86.45
14593,7500,7093,0.5139,30,100,50.0,100,15,1,1,1,1,0,1,1,0,64.31
10619,7000,3619,0.6592,100,0,50.0,100,20,0,1,0,1,0,1,1,0,65.2
14170,14000,170,0.988,30,100,100.0,100,4,1,0,0,0,1,1,1,1,86.35
6756,13000,6244,1.9242,30,0,100.0,80,3,1,0,1,0,1,1,1,1,39.2
6117,14000,7883,2.2887,30,0,100.0,100,4,0,1,0,0,1,1,1,1,41.8
14930,14000,930,0.9377,30,0,100.0,100,4,1,1,0,0,1,1,1,1,71.94
6966,8000,1034,1.1484,30,0,100.0,100,13,1,1,1,0,1,1,1,0,63.74
8685,9000,315,1.0363,30,100,33.33,100,11,1,1,0,1,1,0,1,0,69.73
13457,8000,5457,0.5945,30,0,75.0,100,13,1,1,1,1,1,1,1,0,53.71
13270,8000,5270,0.6029,30,0,75.0,100,13,1,1,1,1,1,1,1,0,51.12
5274,10000,4726,1.8961,30,0,75.0,100,7,1,1,1,1,1,1,1,0,36.83
8309,7000,1309,0.8425,30,0,50.0,100,20,1,1,0,0,0,1,1,0,58.01
9894,10500,606,1.0612,30,0,100,100,6,0,0,0,0,1,1,0,1,69.07
5772,14000,8228,2.4255,30,100,100.0,100,4,1,1,1,1,1,1,1,1,56.34
11773,10000,1773,0.8494,30,0,100.0,100,8,1,1,0,1,1,1,1,1,69.33
9249,13000,3751,1.4056,30,0,100.0,80,3,1,1,1,1,1,1,1,1,56.64
5359,7000,1641,1.3062,30,0,50.0,100,20,1,0,1,0,0,1,1,0,49.05
7700,9500,1800,1.2338,30,0,0.0,100,9,0,0,0,1,1,1,0,0,46.73
10452,11000,548,1.0524,30,100,100,100,10,0,0,0,0,1,1,1,1,82.31
8484,11000,2516,1.2966,30,0,100.0,100,10,0,0,1,0,1,1,1,1,61.44
7911,10000,2089,1.2641,30,0,100,100,8,0,0,0,0,1,1,1,1,63.99
8392,12000,3608,1.4299,100,0,100,100,5,0,0,0,0,1,1,1,1,70.64
10513,12000,1487,1.1414,30,0,100,100,5,0,0,0,0,1,1,1,1,64.66
8299,8500,201,1.0242,30,100,33.33,100,8,1,0,1,1,1,1,0,0,73.44
9592,9000,592,0.9383,30,0,50.0,100,11,1,1,1,1,1,0,1,0,61.93
13173,8000,5173,0.6073,30,0,75.0,100,13,1,1,1,1,1,1,1,0,52.83
14681,7000,7681,0.4768,30,0,33.33,100,20,1,1,0,1,0,1,1,0,40.09
13601,9000,4601,0.6617,100,0,75.0,100,10,1,1,1,1,1,1,1,0,67.55
7949,7500,449,0.9435,100,0,100,100,15,0,0,0,0,0,1,1,0,84.69
7946,14000,6054,1.7619,30,0,100.0,100,4,0,1,0,1,1,1,1,1,45.5
12959,13000,41,1.0032,30,100,100.0,80,3,1,1,1,1,1,1,1,1,81.69
6979,11000,4021,1.5762,30,0,100,100,10,0,0,0,0,1,1,1,1,52.06
8720,9500,780,1.0894,30,0,100.0,100,4,1,0,0,1,1,0,1,1,70.99
14206,8000,6206,0.5631,30,0,100,100,13,0,0,0,0,1,1,1,0,58.65
7550,7500,50,0.9934,30,0,50.0,100,15,0,1,0,1,0,1,1,0,58.7
14231,9000,5231,0.6324,30,100,33.33,100,11,1,1,0,1,1,0,1,0,60.36
10826,6500,4326,0.6004,30,100,50.0,100,16,1,1,1,1,0,1,1,0,66.55
9782,14000,4218,1.4312,30,0,100,100,4,0,0,0,0,1,1,1,1,59.63
14192,9500,4692,0.6694,30,0,100,100,9,0,0,0,0,1,1,0,0,58.43
7097,8500,1403,1.1977,30,0,50.0,100,8,1,1,1,1,1,1,0,0,55.81
13576,13000,576,0.9576,30,0,100.0,80,3,1,0,1,0,1,1,1,1,63.83
10036,6500,3536,0.6477,30,0,0.0,100,16,0,0,0,1,0,1,1,0,41.34
6834,8500,1666,1.2438,30,100,75.0,100,12,1,1,1,1,1,1,1,0,74.29
10883,7500,3383,0.6891,30,0,0.0,100,15,1,0,0,0,0,1,1,0,39.48
12661,9500,3161,0.7503,100,0,50.0,100,9,1,1,1,1,1,1,0,0,67.01
13458,8000,5458,0.5944,30,0,100.0,100,13,1,0,0,0,1,1,1,0,61.37
13885,7000,6885,0.5041,30,0,75.0,100,14,1,1,1,1,1,1,1,0,53.12
7556,1000,6556,0.1323,30,100,100.0,0,0,1,1,1,1,1,1,1,1,47.91
12452,7000,5452,0.5622,100,0,100.0,100,20,0,0,1,0,0,1,1,0,70.93
8611,8500,111,0.9871,100,0,100.0,100,12,0,1,0,0,1,1,1,0,83.43
14489,8500,5989,0.5867,30,100,100.0,100,12,0,0,1,0,1,1,1,0,74.87
7354,10000,2646,1.3598,30,100,100.0,100,7,1,0,0,0,1,1,1,0,76.61
9117,12000,2883,1.3162,30,100,100.0,100,5,1,1,1,1,1,1,1,1,76.02
14708,7000,7708,0.4759,30,0,75.0,100,14,1,1,1,1,1,1,1,0,50.42
12015,10000,2015,0.8323,30,0,100,100,7,0,0,0,0,1,1,1,0,65.64
13519,7500,6019,0.5548,30,0,50.0,100,15,1,1,1,1,0,1,1,0,45.39
6302,12000,5698,1.9042,100,100,100.0,100,5,1,1,1,1,1,1,1,1,71.85
6636,14000,7364,2.1097,30,0,100.0,100,4,0,0,1,0,1,1,1,1,41.3
13084,13000,84,0.9936,30,0,100.0,80,3,0,0,1,0,1,1,1,1,67.39
5002,10000,4998,1.9992,30,0,100,100,7,0,0,0,0,1,1,1,0,43.29
8067,9500,1433,1.1776,30,0,100.0,100,4,0,0,1,1,1,0,1,1,64.32
12719,7000,5719,0.5504,30,0,100.0,100,14,1,0,1,0,1,1,1,0,57.56
5188,14000,8812,2.6985,30,100,100,100,4,0,0,0,0,1,1,1,1,58.56
5291,7500,2209,1.4175,30,0,50.0,100,15,1,1,1,1,0,1,1,0,48.51
14667,8500,6167,0.5795,30,0,66.67,100,12,1,0,1,1,1,1,1,0,52.74
10184,9000,1184,0.8837,30,0,0.0,100,10,0,0,0,1,1,1,1,0,45.61
5435,13000,7565,2.3919,100,0,100.0,80,3,1,0,0,1,1,1,1,1,54.69
9782,11000,1218,1.1245,100,0,100.0,100,10,0,1,0,1,1,1,1,1,81.55
8925,11500,2575,1.2885,30,0,100,100,5,0,0,0,0,1,0,1,1,64.22
12921,1000,11921,0.0774,100,0,100,0,0,0,0,0,0,1,1,1,1,42.74
12465,11000,1465,0.8825,30,0,100.0,100,10,0,1,0,1,1,1,1,1,65.51
12185,6500,5685,0.5334,30,0,33.33,100,16,1,0,1,1,0,1,1,0,42.2
5987,8500,2513,1.4197,30,0,66.67,100,12,1,0,1,1,1,1,1,0,51.27
11134,9500,1634,0.8532,30,0,50.0,100,4,0,1,1,0,1,0,1,1,53.96
10648,7500,3148,0.7044,100,0,0.0,100,15,1,0,0,0,0,1,1,0,54.4
7535,13000,5465,1.7253,30,0,100.0,80,3,0,0,1,0,1,1,1,1,48.39
12663,9000,3663,0.7107,30,0,33.33,100,11,1,1,0,1,1,0,1,0,51.75
11590,7000,4590,0.604,30,0,50.0,100,20,1,1,1,1,0,1,1,0,51.12
11726,9000,2726,0.7675,30,0,75.0,100,10,1,1,1,1,1,1,1,0,61.88
13723,9000,4723,0.6558,30,100,100.0,100,11,0,0,1,0,1,0,1,0,76.41
6035,8500,2465,1.4085,30,0,75.0,100,12,1,1,1,1,1,1,1,0,56.6
9343,7500,1843,0.8027,30,0,100,100,15,0,0,0,0,0,1,1,0,66.7
13251,7500,5751,0.566,30,0,0.0,100,15,0,0,0,1,0,1,1,0,40.41
7844,9500,1656,1.2111,30,100,66.67,100,4,1,1,1,0,1,0,1,1,73.94
11505,9000,2505,0.7823,30,100,100,100,10,0,0,0,0,1,1,1,0,78.16
5003,1000,4003,0.1999,30,0,100.0,0,0,1,1,1,1,1,1,1,1,32.57
11350,8000,3350,0.7048,30,0,100.0,100,13,0,1,0,0,1,1,1,0,62.77
6869,1000,5869,0.1456,30,0,100.0,0,0,0,1,1,1,1,1,1,1,27.98
5304,6500,1196,1.2255,30,0,0.0,100,16,1,0,0,0,0,1,1,0,43.54
9105,8000,1105,0.8786,30,100,75.0,100,13,1,1,1,1,1,1,1,0,74.82
12387,10000,2387,0.8073,30,100,100.0,100,8,0,0,1,0,1,1,1,1,80.73
7529,7500,29,0.9961,30,100,50.0,100,15,0,0,1,1,0,1,1,0,74.29
7188,7000,188,0.9738,30,0,50.0,100,20,1,1,1,1,0,1,1,0,59.83
6995,9500,2505,1.3581,30,0,100.0,100,4,0,0,1,0,1,0,1,1,62.62
8129,9500,1371,1.1687,100,100,100,100,9,0,0,0,0,1,1,0,0,95.95
6962,13000,6038,1.8673,30,100,100.0,80,3,1,0,0,1,1,1,1,1,55.39
10225,14000,3775,1.3692,30,100,100,100,4,0,0,0,0,1,1,1,1,74.19
12315,11500,815,0.9338,30,0,75.0,100,5,1,1,1,1,1,0,1,1,63.71
13701,9500,4201,0.6934,30,100,0.0,100,9,0,0,1,1,1,1,0,0,59.23
14379,8000,6379,0.5564,100,0,100.0,100,13,0,1,0,0,1,1,1,0,70.82
12848,7000,5848,0.5448,30,0,100.0,100,14,1,0,0,0,1,1,1,0,58.05
10960,11000,40,1.0036,30,0,100.0,100,10,0,0,1,0,1,1,1,1,73.51
10514,11000,486,1.0462,30,0,100.0,100,10,1,0,0,0,1,1,1,1,66.64
14626,7000,7626,0.4786,30,100,0.0,100,20,1,0,0,0,0,1,1,0,47.74
10497,8500,1997,0.8098,30,0,50.0,100,8,1,0,1,0,1,1,0,0,57.29
10439,9500,939,0.91,30,100,100.0,100,4,1,0,1,1,1,0,1,1,84.04
10879,6500,4379,0.5975,30,0,50.0,100,16,1,1,1,1,0,1,1,0,47.71
7845,9500,1655,1.211,30,0,33.33,100,9,1,0,1,1,1,1,0,0,52.51
9225,10000,775,1.084,30,0,50.0,100,7,0,1,0,1,1,1,1,0,57.92
11157,6500,4657,0.5826,30,0,50.0,100,16,0,1,0,1,0,1,1,0,51.45
7871,11000,3129,1.3975,100,0,100.0,100,10,0,0,1,1,1,1,1,1,71.25
5213,7500,2287,1.4387,30,0,50.0,100,15,1,1,1,1,0,1,1,0,49.26
14843,9000,5843,0.6063,30,0,66.67,100,11,1,1,1,0,1,0,1,0,52.9
11909,6500,5409,0.5458,30,0,100,100,16,0,0,0,0,0,1,1,0,59.81
14473,8500,5973,0.5873,30,0,33.33,100,8,0,1,1,1,1,1,0,0,44.76
14081,7500,6581,0.5326,30,0,0.0,100,15,1,0,0,1,0,1,1,0,37.09
8471,10000,1529,1.1805,30,100,0.0,100,7,0,0,0,1,1,1,1,0,58.06
8315,8500,185,1.0222,30,0,50.0,100,8,0,1,1,0,1,1,0,0,59.83
10322,12000,1678,1.1626,100,0,100.0,100,5,1,1,1,1,1,1,1,1,81.09
11824,8500,3324,0.7189,30,100,50.0,100,8,1,1,1,1,1,1,0,0,69.5
7230,8000,770,1.1065,30,100,100,100,13,0,0,0,0,1,1,1,0,80.81
7461,9000,1539,1.2063,30,0,50.0,100,10,0,0,1,1,1,1,1,0,51.97
12235,14000,1765,1.1443,30,0,100.0,100,4,1,1,1,1,1,1,1,1,67.41
12419,9000,3419,0.7247,30,0,50.0,100,11,1,1,1,1,1,0,1,0,50.24
14591,11000,3591,0.7539,30,0,100.0,100,10,0,1,1,0,1,1,1,1,61.83
9696,10000,304,1.0314,30,0,100,100,8,0,0,0,0,1,1,1,1,67.95
13704,7500,6204,0.5473,30,100,100,100,15,0,0,0,0,0,1,1,0,70.1
5581,7000,1419,1.2543,30,100,100.0,100,14,0,1,1,0,1,1,1,0,76.41
9810,14000,4190,1.4271,30,0,100.0,100,4,0,0,1,0,1,1,1,1,56.19
10699,10500,199,0.9814,30,0,66.67,100,6,0,1,1,1,1,1,0,1,61.46
8974,7500,1474,0.8357,30,100,50.0,100,15,1,1,0,0,0,1,1,0,68.33
9264,7000,2264,0.7556,30,0,0.0,100,20,0,0,0,1,0,1,1,0,45.52
5970,8000,2030,1.34,30,0,75.0,100,13,1,1,1,1,1,1,1,0,56.66
7524,9500,1976,1.2626,30,0,50.0,100,4,1,1,0,0,1,0,1,1,52.36
9287,7000,2287,0.7537,30,0,66.67,100,14,1,0,1,1,1,1,1,0,55.3
12652,8500,4152,0.6718,30,0,50.0,100,8,1,1,1,1,1,1,0,0,53.55
8838,8500,338,0.9618,30,0,100.0,100,12,0,1,1,0,1,1,1,0,68.85
10466,7000,3466,0.6688,30,0,100,100,14,0,0,0,0,1,1,1,0,60.45
6753,8500,1747,1.2587,100,100,0.0,100,12,0,0,0,1,1,1,1,0,70.23
7784,6500,1284,0.835,30,0,0.0,100,16,0,0,0,1,0,1,1,0,45.21
14693,6500,8193,0.4424,30,0,100.0,100,16,0,1,1,0,0,1,1,0,55.83
6019,10000,3981,1.6614,30,0,100.0,100,7,1,1,0,0,1,1,1,0,49.65
14132,11500,2632,0.8138,30,0,100.0,100,5,1,0,0,0,1,0,1,1,64.9
7644,8500,856,1.112,30,0,100.0,100,12,0,0,1,0,1,1,1,0,66.36
12173,1000,11173,0.0821,30,100,100.0,0,0,0,1,0,0,1,1,1,1,44.83
12367,11000,1367,0.8895,30,0,100.0,100,10,0,0,0,1,1,1,1,1,66.42
9868,10000,132,1.0134,30,100,100.0,100,8,1,1,1,1,1,1,1,1,87.44
9590,8000,1590,0.8342,30,0,66.67,100,13,0,1,1,1,1,1,1,0,58.67
9741,12000,2259,1.2319,30,0,100.0,100,5,1,1,1,1,1,1,1,1,65.43
14051,8500,5551,0.6049,30,0,75.0,100,12,1,1,1,1,1,1,1,0,54.78
10399,9500,899,0.9135,30,0,66.67,100,4,0,1,1,1,1,0,1,1,61.79
14646,14000,646,0.9559,30,100,100.0,100,4,1,0,0,0,1,1,1,1,82.58
11095,9000,2095,0.8112,30,100,100.0,100,11,1,0,0,0,1,0,1,0,81.4
11609,14000,2391,1.206,30,0,100.0,100,4,0,0,1,0,1,1,1,1,64.43
8422,13000,4578,1.5436,30,0,100.0,80,3,1,1,0,1,1,1,1,1,51.41
7329,11500,4171,1.5691,30,100,100,100,5,0,0,0,0,1,0,1,1,69.87
10939,10000,939,0.9142,30,0,100,100,7,0,0,0,0,1,1,1,0,70.15
5885,7500,1615,1.2744,30,100,50.0,100,15,1,1,1,1,0,1,1,0,68.39
7833,11000,3167,1.4043,30,100,100.0,100,10,0,1,0,0,1,1,1,1,71.56
14252,8500,5752,0.5964,30,0,50.0,100,8,1,1,1,1,1,1,0,0,50.64
13675,6500,7175,0.4753,30,0,50.0,100,16,1,1,1,1,0,1,1,0,45.81
10724,8000,2724,0.746,30,0,75.0,100,13,1,1,1,1,1,1,1,0,59.17
5716,7000,1284,1.2246,30,0,66.67,100,14,1,1,0,1,1,1,1,0,56.63
5130,13000,7870,2.5341,30,0,100,80,3,0,0,0,0,1,1,1,1,35.94
9132,14000,4868,1.5331,30,0,100,100,4,0,0,0,0,1,1,1,1,56.52
10548,6500,4048,0.6162,30,0,100.0,100,16,0,0,1,0,0,1,1,0,62.33
13711,7000,6711,0.5105,30,100,0.0,100,20,0,0,0,1,0,1,1,0,48.42
12571,13000,429,1.0341,30,0,100.0,80,3,0,0,1,0,1,1,1,1,66.92
8524,14000,5476,1.6424,30,100,100.0,100,4,1,1,1,1,1,1,1,1,68.86
12396,9000,3396,0.726,30,0,0.0,100,11,0,1,0,0,1,0,1,0,42.25
7069,6500,569,0.9195,30,0,66.67,100,16,1,1,1,0,0,1,1,0,60.88
9956,8500,1456,0.8538,30,100,100.0,100,8,1,1,0,0,1,1,0,0,83.34
12576,7000,5576,0.5566,30,100,75.0,100,14,1,1,1,1,1,1,1,0,66.94
7504,1000,6504,0.1333,30,100,100.0,0,0,0,1,1,1,1,1,1,1,44.24
10199,9000,1199,0.8824,30,0,100,100,11,0,0,0,0,1,0,1,0,66.59
11722,8000,3722,0.6825,30,100,100.0,100,13,0,1,0,0,1,1,1,0,76.78
14245,10500,3745,0.7371,30,0,100.0,100,6,0,1,0,0,1,1,0,1,63.22
11061,8500,2561,0.7685,30,100,66.67,100,12,0,1,1,1,1,1,1,0,69.54
8215,9000,785,1.0956,30,100,75.0,100,10,1,1,1,1,1,1,1,0,76.33
13109,9500,3609,0.7247,30,0,75.0,100,4,1,1,1,1,1,0,1,1,55.4
13848,1000,12848,0.0722,30,0,100.0,0,0,0,0,0,1,1,1,1,1,30.6
13558,9000,4558,0.6638,30,100,0.0,100,11,0,1,0,0,1,0,1,0,56.66
14198,9500,4698,0.6691,30,0,100,100,4,0,0,0,0,1,0,1,1,63.54
9608,8000,1608,0.8326,30,100,50.0,100,13,1,0,0,1,1,1,1,0,73.52
10436,9500,936,0.9103,30,100,100.0,100,9,1,0,0,0,1,1,0,0,83.23
11929,8500,3429,0.7125,30,0,0.0,100,8,0,0,1,0,1,1,0,0,45.27
12191,9000,3191,0.7382,30,0,75.0,100,10,1,1,1,1,1,1,1,0,56.69
10240,7000,3240,0.6836,30,100,33.33,100,20,1,0,1,1,0,1,1,0,64.84
11614,10000,1614,0.861,30,0,0.0,100,7,0,0,0,1,1,1,1,0,44.06
7826,11000,3174,1.4056,30,0,100.0,100,10,1,1,1,1,1,1,1,1,56.33
7665,1000,6665,0.1305,100,0,100.0,0,0,1,1,1,1,1,1,1,1,42.89
13277,10500,2777,0.7908,30,0,50.0,100,6,0,0,1,1,1,1,0,1,53.56
5187,9500,4313,1.8315,30,0,66.67,100,4,1,1,0,1,1,0,1,1,40.61
8167,6500,1667,0.7959,30,0,0.0,100,16,1,0,0,1,0,1,1,0,45.91
9054,11000,1946,1.2149,30,0,100.0,100,10,0,1,1,1,1,1,1,1,66.34
7207,9000,1793,1.2488,100,0,75.0,100,10,1,1,1,1,1,1,1,0,71.75
5014,7500,2486,1.4958,100,100,100,100,15,0,0,0,0,0,1,1,0,87.27
13442,10000,3442,0.7439,30,0,100.0,100,8,1,1,1,1,1,1,1,1,62.8
7403,6500,903,0.878,30,0,33.33,100,16,1,1,0,1,0,1,1,0,56.61
6671,7000,329,1.0493,30,0,50.0,100,20,0,0,1,1,0,1,1,0,60.59
13385,9500,3885,0.7097,30,0,100.0,100,4,0,0,0,1,1,0,1,1,60.71
7788,10000,2212,1.284,30,100,100.0,100,8,0,1,0,0,1,1,1,1,79.04
14587,9500,5087,0.6513,30,0,100.0,100,4,1,0,1,1,1,0,1,1,58.75
11188,13000,1812,1.162,30,0,100,80,3,0,0,0,0,1,1,1,1,62.15
10259,10000,259,0.9748,30,0,100.0,100,8,1,0,1,1,1,1,1,1,73.14
6717,8000,1283,1.191,30,0,100.0,100,13,0,1,0,0,1,1,1,0,67.29
7293,10000,2707,1.3712,100,100,100.0,100,8,0,1,1,1,1,1,1,1,87.04
10073,8500,1573,0.8438,30,0,50.0,100,8,1,1,1,1,1,1,0,0,55.17
10926,11500,574,1.0525,100,0,75.0,100,5,1,1,1,1,1,0,1,1,76.8
14420,7500,6920,0.5201,30,0,50.0,100,15,1,1,1,1,0,1,1,0,44.61
9357,7000,2357,0.7481,30,0,100.0,100,20,0,0,1,0,0,1,1,0,62.56
14434,8500,5934,0.5889,30,0,0.0,100,8,0,0,1,1,1,1,0,0,38.46
7828,9500,1672,1.2136,30,0,100,100,4,0,0,0,0,1,0,1,1,63.43
9102,11000,1898,1.2085,30,0,100.0,100,10,1,1,1,1,1,1,1,1,62.73
6964,14000,7036,2.0103,30,100,100.0,100,4,0,0,0,1,1,1,1,1,56.32
8329,10000,1671,1.2006,30,100,100.0,100,8,1,1,1,0,1,1,1,1,79.94
7747,8500,753,1.0972,30,0,100,100,8,0,0,0,0,1,1,0,0,69.04
8052,8500,448,1.0556,100,0,50.0,100,8,0,1,1,0,1,1,0,0,73.55
9889,9500,389,0.9607,30,0,50.0,100,4,0,1,1,0,1,0,1,1,61.05
5690,11000,5310,1.9332,100,0,100.0,100,10,0,1,1,0,1,1,1,1,58.4
10796,10500,296,0.9726,30,0,66.67,100,6,1,1,1,0,1,1,0,1,63.59
9126,14000,4874,1.5341,30,100,100,100,4,0,0,0,0,1,1,1,1,71.85
9637,14000,4363,1.4527,30,0,100.0,100,4,1,1,0,1,1,1,1,1,59.81
9287,6500,2787,0.6999,30,0,50.0,100,16,0,1,0,1,0,1,1,0,51.44
5106,10500,5394,2.0564,30,0,0.0,100,6,0,0,1,0,1,1,0,1,20.32
13204,10000,3204,0.7573,30,0,0.0,100,7,0,0,0,1,1,1,1,0,41.26
9513,14000,4487,1.4717,30,100,100,100,4,0,0,0,0,1,1,1,1,70.48
10679,10000,679,0.9364,30,0,100.0,100,7,1,0,1,0,1,1,1,0,66.99
6171,7500,1329,1.2154,30,0,100,100,15,0,0,0,0,0,1,1,0,65.5
5147,13000,7853,2.5257,30,100,100.0,80,3,1,1,0,0,1,1,1,1,50.51
7473,10500,3027,1.4051,30,0,75.0,100,6,1,1,1,1,1,1,0,1,56.4
11367,8500,2867,0.7478,30,0,50.0,100,8,1,1,1,1,1,1,0,0,51.19
13622,8500,5122,0.624,30,100,75.0,100,12,1,1,1,1,1,1,1,0,68.16
7957,7000,957,0.8797,30,0,66.67,100,14,1,1,0,1,1,1,1,0,62.19
13227,9500,3727,0.7182,30,0,50.0,100,9,1,0,1,0,1,1,0,0,52.77
9708,11000,1292,1.1331,100,100,100.0,100,10,0,0,0,1,1,1,1,1,98.93
8048,8500,452,1.0562,30,0,100.0,100,12,1,1,1,0,1,1,1,0,69.39
8067,1000,7067,0.124,100,0,100.0,0,0,0,0,1,0,1,1,1,1,46.43
7255,14000,6745,1.9297,30,0,100.0,100,4,1,1,1,1,1,1,1,1,44.57
5900,8500,2600,1.4407,30,100,100.0,100,12,0,0,1,0,1,1,1,0,70.46
7352,11500,4148,1.5642,30,100,100,100,5,0,0,0,0,1,0,1,1,71.78
8424,11000,2576,1.3058,30,0,100.0,100,10,1,1,1,1,1,1,1,1,60.02
6387,1000,5387,0.1566,30,100,100,0,0,0,0,0,0,1,1,1,1,42.84
12154,9000,3154,0.7405,30,0,50.0,100,11,0,0,1,1,1,0,1,0,53.42
5523,14000,8477,2.5349,30,100,100.0,100,4,1,1,1,1,1,1,1,1,57.1
9042,12000,2958,1.3271,30,0,100.0,100,5,0,0,1,0,1,1,1,1,59.85
9243,9000,243,0.9737,30,0,50.0,100,10,0,1,0,1,1,1,1,0,62.1
8143,10000,1857,1.228,100,0,75.0,100,7,1,1,1,1,1,1,1,0,70.3
12521,8000,4521,0.6389,30,0,100,100,13,0,0,0,0,1,1,1,0,61.75
8220,11500,3280,1.399,30,100,66.67,100,5,1,1,1,0,1,0,1,1,68.07
7362,7500,138,1.0187,30,0,0.0,100,15,0,0,0,1,0,1,1,0,52.55
7021,8500,1479,1.2107,30,0,100,100,12,0,0,0,0,1,1,1,0,64.32
10724,9000,1724,0.8392,30,100,50.0,100,10,0,0,1,1,1,1,1,0,68.56
13166,1000,12166,0.076,30,0,100.0,0,0,1,0,1,0,1,1,1,1,29.08
5524,10000,4476,1.8103,30,0,100.0,100,8,0,0,1,0,1,1,1,1,48.36
5164,14000,8836,2.7111,30,100,100,100,4,0,0,0,0,1,1,1,1,53.67
14065,1000,13065,0.0711,30,100,100.0,0,0,0,1,0,1,1,1,1,1,44.3
6403,10500,4097,1.6399,30,0,100.0,100,6,1,1,0,1,1,1,0,1,53.55
11590,1000,10590,0.0863,30,100,100.0,0,0,1,1,1,1,1,1,1,1,42.52
5956,11000,5044,1.8469,30,0,100.0,100,10,0,0,0,1,1,1,1,1,44.31
8824,11000,2176,1.2466,30,0,100.0,100,10,0,0,1,0,1,1,1,1,65.39
6381,8500,2119,1.3321,30,100,75.0,100,12,1,1,1,1,1,1,1,0,73.65
11432,9500,1932,0.831,30,0,100,100,4,0,0,0,0,1,0,1,1,68.28
13643,11500,2143,0.8429,30,0,100.0,100,5,1,0,1,0,1,0,1,1,63.98
14621,10500,4121,0.7181,30,100,100.0,100,6,0,0,0,1,1,1,0,1,78.82
5888,8000,2112,1.3587,30,100,66.67,100,13,0,1,1,1,1,1,1,0,66.19
9750,7000,2750,0.7179,30,0,100,100,20,0,0,0,0,0,1,1,0,64.01
6295,7500,1205,1.1914,30,0,50.0,100,15,1,0,1,0,0,1,1,0,52.87
10102,7000,3102,0.6929,30,100,66.67,100,14,1,0,1,1,1,1,1,0,72.33
11991,13000,1009,1.0841,100,0,100.0,80,3,0,1,0,1,1,1,1,1,80.59
14795,7500,7295,0.5069,30,100,66.67,100,15,0,1,1,1,0,1,1,0,63.15
8284,9000,716,1.0864,30,0,100.0,100,10,0,1,0,0,1,1,1,0,71.06
11856,9500,2356,0.8013,30,0,50.0,100,4,0,1,1,0,1,0,1,1,53.16
10056,14000,3944,1.3922,30,0,100.0,100,4,1,0,0,1,1,1,1,1,59.7
8683,9000,317,1.0365,30,100,50.0,100,11,1,0,0,1,1,0,1,0,73.05
11606,10500,1106,0.9047,30,0,75.0,100,6,1,1,1,1,1,1,0,1,66.07
9115,8500,615,0.9325,30,100,100,100,8,0,0,0,0,1,1,0,0,81.23
10846,6500,4346,0.5993,30,0,50.0,100,16,1,1,1,1,0,1,1,0,49.02
12605,10000,2605,0.7933,30,0,100.0,100,8,1,0,1,0,1,1,1,1,63.08
8381,13000,4619,1.5511,30,100,100,80,3,0,0,0,0,1,1,1,1,65.53
5292,7000,1708,1.3228,100,0,75.0,100,14,1,1,1,1,1,1,1,0,71.36
9596,8500,1096,0.8858,100,0,0.0,100,8,0,0,1,1,1,1,0,0,62.77
8767,11500,2733,1.3117,30,0,100.0,100,5,0,0,1,1,1,0,1,1,63.79
10053,14000,3947,1.3926,30,0,100.0,100,4,1,1,0,1,1,1,1,1,61.2
11856,8500,3356,0.7169,30,0,50.0,100,8,1,0,1,0,1,1,0,0,51.75
7195,7000,195,0.9729,30,0,100.0,100,14,1,1,0,0,1,1,1,0,72.85
7675,9000,1325,1.1726,30,100,50.0,100,11,1,1,1,1,1,0,1,0,67.99
7334,10500,3166,1.4317,30,100,100.0,100,6,1,0,0,1,1,1,0,1,71.95
11214,10500,714,0.9363,100,0,0.0,100,6,0,0,1,0,1,1,0,1,60.59
14224,9500,4724,0.6679,30,100,75.0,100,4,1,1,1,1,1,0,1,1,72.25
7083,8500,1417,1.2001,100,0,100.0,100,8,0,1,0,0,1,1,0,0,77.85
13711,8000,5711,0.5835,30,100,75.0,100,13,1,1,1,1,1,1,1,0,68.07
10776,9000,1776,0.8352,30,100,0.0,100,11,0,1,0,0,1,0,1,0,60.03
5271,13000,7729,2.4663,30,100,100.0,80,3,1,0,0,0,1,1,1,1,55.59
14814,12000,2814,0.81,100,0,100.0,100,5,0,1,1,0,1,1,1,1,82.3
14522,8500,6022,0.5853,30,100,66.67,100,12,1,1,0,1,1,1,1,0,67.38
7608,12000,4392,1.5773,30,0,100,100,5,0,0,0,0,1,1,1,1,54.76
5277,8500,3223,1.6108,100,0,33.33,100,8,0,1,1,1,1,1,0,0,53.39
6766,7000,234,1.0346,100,100,75.0,100,14,1,1,1,1,1,1,1,0,92.41
10326,13000,2674,1.259,100,100,100.0,80,3,1,0,0,0,1,1,1,1,86.97
11444,13000,1556,1.136,30,100,100.0,80,3,0,0,1,0,1,1,1,1,77.38
12402,12000,402,0.9676,30,0,100.0,100,5,1,1,0,0,1,1,1,1,72.32
9661,1000,8661,0.1035,30,0,100.0,0,0,1,0,0,0,1,1,1,1,27.22
10034,9500,534,0.9468,30,0,100,100,4,0,0,0,0,1,0,1,1,71.36
11961,9000,2961,0.7524,30,100,50.0,100,11,0,1,1,0,1,0,1,0,71.17
13776,7500,6276,0.5444,30,100,50.0,100,15,0,1,0,1,0,1,1,0,62.33
8362,8000,362,0.9567,30,100,75.0,100,13,1,1,1,1,1,1,1,0,79.81
10362,8500,1862,0.8203,30,0,33.33,100,8,0,1,1,1,1,1,0,0,51.13
9051,13000,3949,1.4363,30,0,100.0,80,3,1,1,1,1,1,1,1,1,54.4
14210,14000,210,0.9852,30,0,100,100,4,0,0,0,0,1,1,1,1,73.26
6796,7000,204,1.03,30,0,0.0,100,20,1,0,0,1,0,1,1,0,48.11
7558,6500,1058,0.86,30,0,100.0,100,16,0,1,0,0,0,1,1,0,65.74
12884,9500,3384,0.7373,30,0,75.0,100,4,1,1,1,1,1,0,1,1,56.28
13767,10000,3767,0.7264,30,100,100.0,100,7,0,0,1,0,1,1,1,0,80.47
11527,8000,3527,0.694,30,0,100,100,13,0,0,0,0,1,1,1,0,60.56
8944,8000,944,0.8945,30,0,75.0,100,13,1,1,1,1,1,1,1,0,61.11
11312,13000,1688,1.1492,30,100,100.0,80,3,0,0,1,0,1,1,1,1,77.77
10806,7000,3806,0.6478,100,0,50.0,100,14,0,0,1,1,1,1,1,0,64.4
6870,7000,130,1.0189,30,100,50.0,100,20,0,0,1,1,0,1,1,0,73.33
8093,10000,1907,1.2356,30,0,100,100,7,0,0,0,0,1,1,1,0,61.47
6643,10500,3857,1.5806,30,100,100,100,6,0,0,0,0,1,1,0,1,67.12
8046,10500,2454,1.305,30,100,75.0,100,6,1,1,1,1,1,1,0,1,72.28
5852,8500,2648,1.4525,30,0,50.0,100,8,1,1,1,1,1,1,0,0,47.84
6726,7500,774,1.1151,30,100,50.0,100,15,1,1,1,1,0,1,1,0,72.68
8386,14000,5614,1.6694,30,100,100.0,100,4,1,1,1,1,1,1,1,1,66.39
14855,10500,4355,0.7068,30,100,66.67,100,6,1,0,1,1,1,1,0,1,70.35
8503,7500,1003,0.882,100,100,50.0,100,15,1,1,1,1,0,1,1,0,86.26
6778,1000,5778,0.1475,100,0,100.0,0,0,0,1,1,1,1,1,1,1,42.22
12715,7000,5715,0.5505,30,100,66.67,100,20,0,1,1,1,0,1,1,0,65.14
13326,8500,4826,0.6379,100,0,50.0,100,8,0,1,1,0,1,1,0,0,64.97
5650,7000,1350,1.2389,100,0,33.33,100,20,1,1,0,1,0,1,1,0,64.86
8570,12000,3430,1.4002,30,0,100,100,5,0,0,0,0,1,1,1,1,59.74
5793,13000,7207,2.2441,30,0,100.0,80,3,1,1,1,1,1,1,1,1,35.55
7367,9500,2133,1.2895,30,100,100,100,4,0,0,0,0,1,0,1,1,79.37
6885,10500,3615,1.5251,30,0,50.0,100,6,0,1,1,0,1,1,0,1,42.89
7178,8000,822,1.1145,30,0,66.67,100,13,1,1,0,1,1,1,1,0,58.39
9151,11500,2349,1.2567,30,100,66.67,100,5,0,1,1,1,1,0,1,1,70.42
11380,9500,1880,0.8348,30,0,75.0,100,4,1,1,1,1,1,0,1,1,63.85
10730,14000,3270,1.3048,30,0,100.0,100,4,0,1,1,1,1,1,1,1,64.33
7452,11500,4048,1.5432,30,0,75.0,100,5,1,1,1,1,1,0,1,1,49.28
5124,7500,2376,1.4637,30,0,50.0,100,15,1,1,1,1,0,1,1,0,45.03
13236,1000,12236,0.0756,30,0,100.0,0,0,1,0,1,1,1,1,1,1,29.56
11712,10000,1712,0.8538,30,0,75.0,100,7,1,1,1,1,1,1,1,0,59.33
8949,8500,449,0.9498,30,100,100.0,100,12,0,1,0,0,1,1,1,0,82.95
12596,7000,5596,0.5557,30,0,100,100,20,0,0,0,0,0,1,1,0,58.99
14888,11500,3388,0.7724,30,0,100.0,100,5,1,0,1,1,1,0,1,1,62.47
12451,12000,451,0.9638,30,100,100.0,100,5,0,0,1,0,1,1,1,1,87.74
12972,7000,5972,0.5396,30,100,50.0,100,14,0,0,1,1,1,1,1,0,59.75
7640,8500,860,1.1126,30,0,100,100,8,0,0,0,0,1,1,0,0,64.99
9176,9000,176,0.9808,30,0,100.0,100,10,0,1,0,0,1,1,1,0,72.71
14766,8000,6766,0.5418,30,0,100.0,100,13,1,0,0,0,1,1,1,0,57.55
14572,9500,5072,0.6519,30,0,50.0,100,9,1,1,1,1,1,1,0,0,53.42
7971,6500,1471,0.8155,30,100,0.0,100,16,1,0,0,1,0,1,1,0,61.81
11888,12000,112,1.0094,30,0,100.0,100,5,1,0,0,0,1,1,1,1,68.91
12038,13000,962,1.0799,30,0,100.0,80,3,0,1,1,1,1,1,1,1,67.91
8956,9000,44,1.0049,100,0,0.0,100,10,0,0,0,1,1,1,1,0,66.46
5486,9000,3514,1.6405,100,100,66.67,100,10,1,1,0,1,1,1,1,0,73.4
8607,8500,107,0.9876,100,100,33.33,100,8,0,1,1,1,1,1,0,0,83.96
12824,8000,4824,0.6238,30,0,66.67,100,13,1,0,1,1,1,1,1,0,55.58
8942,1000,7942,0.1118,30,0,100.0,0,0,1,1,1,1,1,1,1,1,28.24
9503,10000,497,1.0523,30,0,100.0,100,7,1,1,0,0,1,1,1,0,67.42
10423,1000,9423,0.0959,30,0,100.0,0,0,1,1,0,1,1,1,1,1,30.53
14931,10000,4931,0.6697,30,0,100,100,7,0,0,0,0,1,1,1,0,63.89
13886,9500,4386,0.6841,100,0,100,100,4,0,0,0,0,1,0,1,1,77.39
10276,9500,776,0.9245,30,0,100.0,100,4,0,0,1,0,1,0,1,1,66.24
7169,11000,3831,1.5344,30,0,100,100,10,0,0,0,0,1,1,1,1,57.1
8712,7000,1712,0.8035,30,0,66.67,100,20,0,1,1,1,0,1,1,0,59.91
12337,8000,4337,0.6485,30,100,0.0,100,13,0,0,0,1,1,1,1,0,54.45
6658,14000,7342,2.1027,30,100,100.0,100,4,1,1,0,1,1,1,1,1,58.51
10486,8500,1986,0.8106,30,0,66.67,100,12,1,0,1,1,1,1,1,0,56.49
5373,11000,5627,2.0473,30,0,100,100,10,0,0,0,0,1,1,1,1,43.79
13990,8500,5490,0.6076,30,0,50.0,100,8,1,1,1,1,1,1,0,0,48.53
7400,6500,900,0.8784,30,0,50.0,100,16,0,0,1,1,0,1,1,0,57.24
6159,7500,1341,1.2177,30,0,100,100,15,0,0,0,0,0,1,1,0,63.06
13139,9000,4139,0.685,30,0,75.0,100,10,1,1,1,1,1,1,1,0,54.57
5715,9500,3785,1.6623,30,100,75.0,100,4,1,1,1,1,1,0,1,1,60.49
6490,8000,1510,1.2327,30,0,0.0,100,13,0,0,0,1,1,1,1,0,46.25
14123,9000,5123,0.6373,30,0,66.67,100,11,1,0,1,1,1,0,1,0,51.15
11839,7500,4339,0.6335,30,100,66.67,100,15,1,1,1,0,0,1,1,0,65.6
9146,13000,3854,1.4214,100,0,100.0,80,3,0,0,1,0,1,1,1,1,71.89
10446,6500,3946,0.6222,30,0,100,100,16,0,0,0,0,0,1,1,0,59.95
10730,8000,2730,0.7456,30,0,75.0,100,13,1,1,1,1,1,1,1,0,59.26
14195,11000,3195,0.7749,30,0,100.0,100,10,1,0,1,1,1,1,1,1,64.77
9259,10500,1241,1.134,30,100,0.0,100,6,0,0,1,0,1,1,0,1,63.2
10763,8000,2763,0.7433,100,0,75.0,100,13,1,1,1,1,1,1,1,0,70.06
6970,8500,1530,1.2195,30,0,100.0,100,8,0,1,0,0,1,1,0,0,66.0
8848,7500,1348,0.8476,30,0,100,100,15,0,0,0,0,0,1,1,0,68.81
13796,11000,2796,0.7973,30,0,100.0,100,10,1,0,1,1,1,1,1,1,66.01
8849,13000,4151,1.4691,100,0,100.0,80,3,0,1,1,0,1,1,1,1,66.18
12821,7000,5821,0.546,30,0,0.0,100,20,1,0,0,0,0,1,1,0,39.26
12808,12000,808,0.9369,100,0,100.0,100,5,0,0,0,1,1,1,1,1,81.54
11550,13000,1450,1.1255,30,0,100.0,80,3,1,1,1,1,1,1,1,1,64.91
10884,8000,2884,0.735,30,100,100.0,100,13,0,0,1,0,1,1,1,0,75.49
13063,6500,6563,0.4976,30,0,50.0,100,16,1,0,1,0,0,1,1,0,43.2
9625,7500,2125,0.7792,30,0,100,100,15,0,0,0,0,0,1,1,0,62.87
6338,1000,5338,0.1578,100,100,100.0,0,0,0,1,1,1,1,1,1,1,60.46
8633,6500,2133,0.7529,30,0,50.0,100,16,1,1,0,0,0,1,1,0,55.41
7812,10500,2688,1.3441,30,0,75.0,100,6,1,1,1,1,1,1,0,1,56.6
11749,1000,10749,0.0851,30,0,100,0,0,0,0,0,0,1,1,1,1,31.14
5948,11000,5052,1.8494,30,0,100,100,10,0,0,0,0,1,1,1,1,47.73
5983,9000,3017,1.5043,30,100,33.33,100,11,1,1,0,1,1,0,1,0,55.41
13277,12000,1277,0.9038,30,0,100.0,100,5,1,0,1,1,1,1,1,1,69.24
11633,13000,1367,1.1175,30,0,100.0,80,3,0,0,1,0,1,1,1,1,66.25
5681,12000,6319,2.1123,30,0,100.0,100,5,0,0,0,1,1,1,1,1,42.04
12962,7000,5962,0.54,30,0,100,100,14,0,0,0,0,1,1,1,0,59.24
6649,6500,149,0.9776,30,0,66.67,100,16,1,1,1,0,0,1,1,0,62.95
8195,12000,3805,1.4643,100,0,100.0,100,5,1,0,0,1,1,1,1,1,72.06
7391,9500,2109,1.2853,30,0,100.0,100,4,1,0,0,1,1,0,1,1,62.92
10137,8500,1637,0.8385,30,0,66.67,100,12,1,0,1,1,1,1,1,0,60.19
14858,7000,7858,0.4711,30,0,66.67,100,14,0,1,1,1,1,1,1,0,46.72
12827,12000,827,0.9355,30,0,100.0,100,5,1,1,1,1,1,1,1,1,67.57
9977,7000,2977,0.7016,30,0,50.0,100,20,0,1,0,1,0,1,1,0,55.04
10936,7000,3936,0.6401,30,0,0.0,100,20,1,0,0,0,0,1,1,0,42.82
10522,9000,1522,0.8554,30,0,50.0,100,11,1,1,1,1,1,0,1,0,55.18
8439,9000,561,1.0665,30,0,100,100,10,0,0,0,0,1,1,1,0,66.85
13023,9000,4023,0.6911,30,100,100.0,100,10,0,1,0,0,1,1,1,0,79.0
12217,11000,1217,0.9004,30,0,100.0,100,10,1,1,1,1,1,1,1,1,66.59
12480,9000,3480,0.7212,30,100,33.33,100,11,1,1,0,1,1,0,1,0,63.23
6747,9500,2753,1.408,30,100,100,100,4,0,0,0,0,1,0,1,1,73.38
6147,7500,1353,1.2201,30,0,50.0,100,15,1,1,1,1,0,1,1,0,52.04
7924,1000,6924,0.1262,30,0,100,0,0,0,0,0,0,1,1,1,1,31.99
11998,7500,4498,0.6251,30,0,100.0,100,15,0,1,1,0,0,1,1,0,59.21
6261,9500,3239,1.5173,30,100,100.0,100,4,1,0,0,1,1,0,1,1,72.66
5496,8000,2504,1.4556,30,0,75.0,100,13,1,1,1,1,1,1,1,0,50.5
11560,14000,2440,1.2111,30,0,100.0,100,4,0,1,1,1,1,1,1,1,65.14
12463,10000,2463,0.8024,100,0,100.0,100,8,0,0,1,1,1,1,1,1,77.23
8901,10000,1099,1.1235,30,100,100.0,100,8,0,0,0,1,1,1,1,1,83.19
9663,9000,663,0.9314,30,0,50.0,100,10,0,0,1,1,1,1,1,0,56.06
14029,8000,6029,0.5702,30,0,50.0,100,13,0,0,1,1,1,1,1,0,50.05
7411,1000,6411,0.1349,30,100,100.0,0,0,1,1,1,1,1,1,1,1,46.86
5031,10500,5469,2.0871,30,0,50.0,100,6,0,0,1,1,1,1,0,1,29.74
7080,9500,2420,1.3418,30,0,50.0,100,9,1,1,1,1,1,1,0,0,51.16
8643,6500,2143,0.7521,30,100,100,100,16,0,0,0,0,0,1,1,0,79.6
11330,10000,1330,0.8826,30,0,100,100,7,0,0,0,0,1,1,1,0,69.92
9626,9000,626,0.935,30,0,50.0,100,10,1,0,0,1,1,1,1,0,56.1
13118,11500,1618,0.8767,30,100,100.0,100,5,0,0,1,1,1,0,1,1,80.37
10037,10000,37,0.9963,30,100,100,100,8,0,0,0,0,1,1,1,1,87.54
11903,7500,4403,0.6301,30,0,50.0,100,15,1,1,1,1,0,1,1,0,50.31
5087,1000,4087,0.1966,100,0,100.0,0,0,0,0,0,1,1,1,1,1,47.64
10903,9000,1903,0.8255,30,100,100.0,100,10,1,1,0,0,1,1,1,0,79.1
11977,7500,4477,0.6262,30,100,100,100,15,0,0,0,0,0,1,1,0,73.61
13179,7500,5679,0.5691,30,100,50.0,100,15,1,1,1,1,0,1,1,0,64.63
14223,13000,1223,0.914,30,100,100,80,3,0,0,0,0,1,1,1,1,83.2
9106,10000,894,1.0982,30,100,100.0,100,7,1,1,1,0,1,1,1,0,84.05
7393,11500,4107,1.5555,30,0,100,100,5,0,0,0,0,1,0,1,1,53.15
6962,7500,538,1.0773,100,0,50.0,100,15,1,1,1,1,0,1,1,0,73.16
9786,9500,286,0.9708,30,0,66.67,100,4,1,1,1,0,1,0,1,1,65.43
11845,7500,4345,0.6332,30,100,0.0,100,15,1,0,0,0,0,1,1,0,55.91
12941,9000,3941,0.6955,30,100,0.0,100,10,0,0,0,1,1,1,1,0,57.97
13008,11000,2008,0.8456,30,0,100,100,10,0,0,0,0,1,1,1,1,64.03
10098,6500,3598,0.6437,30,0,50.0,100,16,1,1,1,1,0,1,1,0,50.46
7837,13000,5163,1.6588,30,100,100.0,80,3,0,1,0,0,1,1,1,1,66.2
13532,10000,3532,0.739,30,0,100.0,100,8,1,0,1,0,1,1,1,1,65.85
6740,12000,5260,1.7804,30,100,100.0,100,5,0,1,1,1,1,1,1,1,63.15
6451,7000,549,1.0851,30,0,100,100,14,0,0,0,0,1,1,1,0,69.82
5155,12000,6845,2.3278,30,0,100,100,5,0,0,0,0,1,1,1,1,42.27
11893,11000,893,0.9249,100,0,100,100,10,0,0,0,0,1,1,1,1,81.1
12549,6500,6049,0.518,100,100,100,100,16,0,0,0,0,0,1,1,0,88.37
14055,9500,4555,0.6759,30,0,75.0,100,4,1,1,1,1,1,0,1,1,58.22
6566,7500,934,1.1422,30,100,0.0,100,15,1,0,0,1,0,1,1,0,62.4
8216,10500,2284,1.278,30,100,100.0,100,6,0,1,0,1,1,1,0,1,79.37
6072,8000,1928,1.3175,30,0,100.0,100,13,1,0,0,0,1,1,1,0,61.27
8522,9000,478,1.0561,30,0,100.0,100,10,1,1,1,0,1,1,1,0,71.67
12036,10000,2036,0.8308,30,100,100.0,100,8,1,0,1,1,1,1,1,1,79.21
13045,13000,45,0.9966,30,0,100.0,80,3,0,0,1,0,1,1,1,1,67.39
7637,8500,863,1.113,30,100,50.0,100,8,1,1,1,1,1,1,0,0,71.49
9226,8500,726,0.9213,30,100,100,100,12,0,0,0,0,1,1,1,0,85.07
10863,9500,1363,0.8745,30,100,50.0,100,9,1,1,1,1,1,1,0,0,71.99
6697,7500,803,1.1199,30,0,0.0,100,15,1,0,0,0,0,1,1,0,48.83
13162,1000,12162,0.076,30,0,100,0,0,0,0,0,0,1,1,1,1,27.79
11427,9500,1927,0.8314,30,0,33.33,100,9,1,0,1,1,1,1,0,0,53.61
14081,9000,5081,0.6392,30,0,100.0,100,11,1,0,0,0,1,0,1,0,59.28
12087,13000,913,1.0755,30,0,100.0,80,3,1,1,1,1,1,1,1,1,66.07
11965,9500,2465,0.794,30,0,33.33,100,9,0,1,1,1,1,1,0,0,52.74
10505,8000,2505,0.7615,30,0,100.0,100,13,1,1,1,0,1,1,1,0,64.88
12732,8000,4732,0.6283,30,0,50.0,100,13,0,1,0,1,1,1,1,0,51.34
12922,12000,922,0.9286,30,100,100.0,100,5,0,0,0,1,1,1,1,1,82.38
7718,11500,3782,1.49,100,0,100,100,5,0,0,0,0,1,0,1,1,71.65
10628,14000,3372,1.3173,30,100,100.0,100,4,1,1,1,0,1,1,1,1,73.96
8582,1000,7582,0.1165,30,100,100.0,0,0,1,1,1,1,1,1,1,1,44.68
8952,10000,1048,1.1171,30,100,100,100,8,0,0,0,0,1,1,1,1,81.99
5447,9000,3553,1.6523,30,0,100.0,100,10,1,1,1,0,1,1,1,0,53.13
10530,13000,2470,1.2346,30,100,100,80,3,0,0,0,0,1,1,1,1,77.45
10579,10000,579,0.9453,30,0,100,100,8,0,0,0,0,1,1,1,1,69.36
13931,7000,6931,0.5025,30,0,100.0,100,14,1,0,0,0,1,1,1,0,55.03
7348,1000,6348,0.1361,30,100,100.0,0,0,0,0,1,0,1,1,1,1,45.52
6594,7000,406,1.0616,30,100,66.67,100,14,0,1,1,1,1,1,1,0,75.26
14621,10000,4621,0.6839,30,0,100.0,100,8,0,0,1,0,1,1,1,1,63.63
5712,7000,1288,1.2255,30,0,100,100,20,0,0,0,0,0,1,1,0,62.68
12091,9000,3091,0.7444,30,0,66.67,100,10,1,0,1,1,1,1,1,0,54.05
9133,13000,3867,1.4234,30,100,100.0,80,3,0,0,0,1,1,1,1,1,72.04
9575,11000,1425,1.1488,30,0,100,100,10,0,0,0,0,1,1,1,1,68.97
7950,9500,1550,1.195,30,100,100,100,9,0,0,0,0,1,1,0,0,77.27
13395,8500,4895,0.6346,30,0,50.0,100,8,1,1,1,1,1,1,0,0,51.23
12065,9500,2565,0.7874,30,0,33.33,100,9,0,1,1,1,1,1,0,0,52.83
8926,10000,1074,1.1203,30,100,66.67,100,7,0,1,1,1,1,1,1,0,77.71
13779,6500,7279,0.4717,30,0,100,100,16,0,0,0,0,0,1,1,0,52.51
11660,11500,160,0.9863,30,100,100.0,100,5,0,0,1,1,1,0,1,1,84.66
11285,9500,1785,0.8418,30,0,50.0,100,9,1,0,1,0,1,1,0,0,54.49
6527,10000,3473,1.5321,30,0,100.0,100,7,0,0,1,0,1,1,1,0,54.67
13462,10500,2962,0.78,30,0,75.0,100,6,1,1,1,1,1,1,0,1,60.57
7148,8500,1352,1.1891,30,100,0.0,100,8,0,0,1,0,1,1,0,0,63.24
12791,8000,4791,0.6254,30,100,100,100,13,0,0,0,0,1,1,1,0,76.55
14831,7000,7831,0.472,30,100,75.0,100,14,1,1,1,1,1,1,1,0,62.98
7923,9000,1077,1.1359,30,0,100,100,11,0,0,0,0,1,0,1,0,66.44
13879,7000,6879,0.5044,30,100,100.0,100,20,0,1,0,0,0,1,1,0,69.45
8035,10000,1965,1.2446,30,0,100,100,7,0,0,0,0,1,1,1,0,61.54
12753,1000,11753,0.0784,30,100,100.0,0,0,1,0,0,1,1,1,1,1,42.87
5305,9000,3695,1.6965,30,0,75.0,100,10,1,1,1,1,1,1,1,0,47.87
14773,9000,5773,0.6092,30,100,100,100,10,0,0,0,0,1,1,1,0,72.67
13511,7500,6011,0.5551,30,0,66.67,100,15,0,1,1,1,0,1,1,0,48.17
5619,13000,7381,2.3136,30,100,100.0,80,3,0,1,0,0,1,1,1,1,50.57
13198,6500,6698,0.4925,100,0,100.0,100,16,0,1,0,0,0,1,1,0,68.1
7357,8000,643,1.0874,100,0,75.0,100,13,1,1,1,1,1,1,1,0,77.47
12203,9000,3203,0.7375,30,0,0.0,100,10,0,0,0,1,1,1,1,0,44.51
14017,8500,5517,0.6064,30,0,100,100,8,0,0,0,0,1,1,0,0,60.29
6730,9500,2770,1.4116,30,100,50.0,100,9,1,1,1,1,1,1,0,0,65.06
8138,11500,3362,1.4131,30,100,75.0,100,5,1,1,1,1,1,0,1,1,71.05
7917,10000,2083,1.2631,100,0,50.0,100,7,0,0,1,1,1,1,1,0,65.82
8898,12000,3102,1.3486,30,0,100.0,100,5,1,1,1,0,1,1,1,1,59.57
11562,10000,1562,0.8649,30,100,100.0,100,8,0,1,1,1,1,1,1,1,80.4
6570,12000,5430,1.8265,30,100,100.0,100,5,0,1,0,1,1,1,1,1,60.74
11780,13000,1220,1.1036,100,0,100.0,80,3,1,0,1,1,1,1,1,1,76.0
11478,11000,478,0.9584,30,0,100.0,100,10,1,1,0,1,1,1,1,1,68.0
14422,10500,3922,0.7281,30,100,100,100,6,0,0,0,0,1,1,0,1,79.06
6499,8500,2001,1.3079,30,0,66.67,100,12,1,0,1,1,1,1,1,0,56.27
9428,10000,572,1.0607,100,100,100.0,100,8,1,0,1,1,1,1,1,1,98.42
12674,7500,5174,0.5918,30,0,33.33,100,15,1,1,0,1,0,1,1,0,44.06
12657,10500,2157,0.8296,30,100,100.0,100,6,1,0,0,1,1,1,0,1,82.88
9981,9000,981,0.9017,30,0,0.0,100,11,0,1,0,1,1,0,1,0,46.59
13864,10500,3364,0.7574,30,0,100.0,100,6,0,1,0,1,1,1,0,1,62.37
8944,7000,1944,0.7826,30,0,50.0,100,14,0,1,0,1,1,1,1,0,52.08
5671,8500,2829,1.4989,30,0,75.0,100,12,1,1,1,1,1,1,1,0,51.08
7544,12000,4456,1.5907,30,0,100.0,100,5,0,0,1,1,1,1,1,1,53.54
13542,8500,5042,0.6277,30,0,75.0,100,12,1,1,1,1,1,1,1,0,53.63
9193,14000,4807,1.5229,30,0,100.0,100,4,1,1,1,1,1,1,1,1,56.32
5605,12000,6395,2.1409,30,100,100.0,100,5,1,1,1,1,1,1,1,1,56.08
6118,11000,4882,1.798,100,100,100.0,100,10,0,1,0,0,1,1,1,1,73.08
12064,9000,3064,0.746,30,0,100.0,100,10,1,0,0,0,1,1,1,0,62.54
7150,1000,6150,0.1399,30,100,100.0,0,0,1,0,0,0,1,1,1,1,45.73
10151,8500,1651,0.8374,30,0,66.67,100,8,1,1,1,0,1,1,0,0,60.04
8806,9000,194,1.022,30,0,33.33,100,11,1,1,0,1,1,0,1,0,55.77
5819,9500,3681,1.6326,30,100,75.0,100,4,1,1,1,1,1,0,1,1,63.01
9559,10500,941,1.0984,100,0,100,100,6,0,0,0,0,1,1,0,1,84.23
12662,7500,5162,0.5923,30,100,0.0,100,15,1,0,0,0,0,1,1,0,53.86
7768,8500,732,1.0942,30,0,100.0,100,12,0,0,1,0,1,1,1,0,66.99
10987,9000,1987,0.8191,30,0,33.33,100,11,0,1,1,1,1,0,1,0,53.88
14323,11000,3323,0.768,100,0,100.0,100,10,1,1,0,0,1,1,1,1,79.35
7625,10000,2375,1.3115,30,0,100.0,100,8,0,1,1,0,1,1,1,1,62.05
8666,8500,166,0.9808,100,0,100,100,12,0,0,0,0,1,1,1,0,84.32
10245,12000,1755,1.1713,30,100,100.0,100,5,0,0,1,0,1,1,1,1,80.78
12033,9000,3033,0.7479,30,0,66.67,100,10,0,1,1,1,1,1,1,0,54.38
7514,11000,3486,1.4639,30,0,100.0,100,10,1,1,1,1,1,1,1,1,57.58
7730,12000,4270,1.5524,30,0,100.0,100,5,1,0,0,1,1,1,1,1,57.19
12505,11000,1505,0.8796,30,100,100,100,10,0,0,0,0,1,1,1,1,84.33
8649,7000,1649,0.8093,30,0,100,100,14,0,0,0,0,1,1,1,0,66.66
13232,10000,3232,0.7557,30,0,100,100,7,0,0,0,0,1,1,1,0,63.39
6990,9000,2010,1.2876,30,100,33.33,100,11,0,1,1,1,1,0,1,0,65.42
13123,7000,6123,0.5334,30,100,66.67,100,20,1,1,1,0,0,1,1,0,63.81
7035,11500,4465,1.6347,100,0,0.0,100,5,0,1,0,0,1,0,1,1,45.7
7798,11500,3702,1.4747,30,100,100.0,100,5,0,0,0,1,1,0,1,1,69.3
13633,8500,5133,0.6235,30,0,50.0,100,8,1,0,0,1,1,1,0,0,49.92
9729,1000,8729,0.1028,30,0,100.0,0,0,1,1,1,1,1,1,1,1,30.16
12395,12000,395,0.9681,30,0,100.0,100,5,1,0,1,1,1,1,1,1,70.53
13833,13000,833,0.9398,30,0,100.0,80,3,0,0,1,1,1,1,1,1,65.89
11576,1000,10576,0.0864,30,100,100,0,0,0,0,0,0,1,1,1,1,42.8
10459,7000,3459,0.6693,30,0,50.0,100,20,1,1,1,1,0,1,1,0,48.32
12217,14000,1783,1.1459,30,0,100.0,100,4,0,1,0,0,1,1,1,1,65.09
6560,11000,4440,1.6768,30,100,100,100,10,0,0,0,0,1,1,1,1,62.75
8413,10500,2087,1.2481,100,0,100.0,100,6,0,1,0,0,1,1,0,1,79.93
9772,8500,1272,0.8698,30,0,50.0,100,8,1,0,1,0,1,1,0,0,54.35
14570,9500,5070,0.652,30,100,75.0,100,4,1,1,1,1,1,0,1,1,72.28
12930,10000,2930,0.7734,30,0,75.0,100,7,1,1,1,1,1,1,1,0,56.73
8555,14000,5445,1.6365,30,0,100.0,100,4,1,1,1,0,1,1,1,1,53.2
9699,7000,2699,0.7217,30,0,0.0,100,20,1,0,0,1,0,1,1,0,42.31
12385,10000,2385,0.8074,30,0,100.0,100,8,1,0,0,0,1,1,1,1,67.13
13278,9000,4278,0.6778,30,0,100,100,11,0,0,0,0,1,0,1,0,62.37
6739,10000,3261,1.4839,30,0,0.0,100,7,0,0,0,1,1,1,1,0,36.06
13803,10000,3803,0.7245,30,0,100.0,100,8,1,0,1,0,1,1,1,1,61.14
9801,10000,199,1.0203,30,100,100.0,100,8,0,0,1,1,1,1,1,1,83.33
7677,8500,823,1.1072,30,0,100.0,100,12,0,1,0,0,1,1,1,0,70.57
9916,8500,1416,0.8572,30,0,33.33,100,8,0,1,1,1,1,1,0,0,54.49
13759,6500,7259,0.4724,30,100,100.0,100,16,0,1,1,0,0,1,1,0,70.28
10744,9000,1744,0.8377,30,100,50.0,100,11,0,0,1,1,1,0,1,0,69.23
12547,9500,3047,0.7572,30,100,100,100,9,0,0,0,0,1,1,0,0,80.57
12227,9000,3227,0.7361,30,0,50.0,100,11,0,1,1,0,1,0,1,0,53.06
5009,1000,4009,0.1996,30,100,100,0,0,0,0,0,0,1,1,1,1,44.86
12350,6500,5850,0.5263,30,0,50.0,100,16,1,1,1,1,0,1,1,0,49.17
7822,9500,1678,1.2145,30,100,50.0,100,4,0,1,1,0,1,0,1,1,71.91
12376,1000,11376,0.0808,30,100,100,0,0,0,0,0,0,1,1,1,1,43.04
13005,10500,2505,0.8074,30,100,0.0,100,6,0,0,1,0,1,1,0,1,57.51
7333,10500,3167,1.4319,30,0,0.0,100,6,0,0,1,0,1,1,0,1,39.84
10504,9500,1004,0.9044,30,0,100,100,4,0,0,0,0,1,0,1,1,66.86
13860,11500,2360,0.8297,30,0,100,100,5,0,0,0,0,1,0,1,1,65.0
14735,9500,5235,0.6447,100,0,50.0,100,9,1,1,1,1,1,1,0,0,63.93
8888,7000,1888,0.7876,30,0,75.0,100,14,1,1,1,1,1,1,1,0,60.72
12472,7500,4972,0.6013,30,100,50.0,100,15,1,1,1,1,0,1,1,0,63.54
13659,9000,4659,0.6589,30,0,100,100,10,0,0,0,0,1,1,1,0,58.08
11874,10000,1874,0.8422,30,0,100.0,100,8,1,0,0,0,1,1,1,1,66.33
8185,7500,685,0.9163,30,0,66.67,100,15,0,1,1,1,0,1,1,0,59.34
14913,10000,4913,0.6706,100,100,100.0,100,7,1,0,0,0,1,1,1,0,87.38
8337,8500,163,1.0196,30,0,50.0,100,12,0,1,0,1,1,1,1,0,60.3
8217,9000,783,1.0953,30,0,50.0,100,11,1,1,1,1,1,0,1,0,59.1
14764,7000,7764,0.4741,100,100,100,100,20,0,0,0,0,0,1,1,0,84.17
6967,10000,3033,1.4353,30,0,66.67,100,7,1,1,0,1,1,1,1,0,51.36
12722,8500,4222,0.6681,30,0,100.0,100,12,1,1,1,0,1,1,1,0,60.52
14118,14000,118,0.9916,30,0,100.0,100,4,0,1,1,1,1,1,1,1,73.39
6025,9500,3475,1.5768,100,0,66.67,100,4,0,1,1,1,1,0,1,1,63.68
14580,10500,4080,0.7202,30,0,100,100,6,0,0,0,0,1,1,0,1,62.51
7230,10000,2770,1.3831,30,0,100,100,8,0,0,0,0,1,1,1,1,56.6
6990,12000,5010,1.7167,30,100,100.0,100,5,0,1,1,1,1,1,1,1,63.8
11441,9500,1941,0.8303,30,0,75.0,100,4,1,1,1,1,1,0,1,1,59.08
13231,9000,4231,0.6802,30,0,75.0,100,10,1,1,1,1,1,1,1,0,56.91
7800,11000,3200,1.4103,30,0,100,100,10,0,0,0,0,1,1,1,1,57.87
14393,11000,3393,0.7643,100,0,100.0,100,10,1,1,1,0,1,1,1,1,78.89
5874,11500,5626,1.9578,30,100,100,100,5,0,0,0,0,1,0,1,1,56.97
6422,10000,3578,1.5571,100,0,100,100,7,0,0,0,0,1,1,1,0,65.8
13494,10500,2994,0.7781,30,0,75.0,100,6,1,1,1,1,1,1,0,1,57.17
12675,6500,6175,0.5128,30,0,50.0,100,16,1,1,1,1,0,1,1,0,44.3
11265,11000,265,0.9765,30,0,100.0,100,10,1,1,1,1,1,1,1,1,70.89
11296,12000,704,1.0623,30,0,100.0,100,5,0,1,0,0,1,1,1,1,66.75
7764,14000,6236,1.8032,30,0,100,100,4,0,0,0,0,1,1,1,1,44.96
9811,8000,1811,0.8154,30,0,50.0,100,13,0,1,0,1,1,1,1,0,53.12
9566,10500,934,1.0976,100,0,100.0,100,6,1,1,0,0,1,1,0,1,82.19
8319,7500,819,0.9016,30,100,100,100,15,0,0,0,0,0,1,1,0,82.67
10900,9500,1400,0.8716,30,100,50.0,100,9,1,1,1,1,1,1,0,0,70.76
12399,12000,399,0.9678,30,0,100.0,100,5,1,1,1,1,1,1,1,1,72.36
7970,8500,530,1.0665,30,0,50.0,100,12,0,1,0,1,1,1,1,0,57.23
9140,9500,360,1.0394,30,0,75.0,100,4,1,1,1,1,1,0,1,1,67.6
5297,13000,7703,2.4542,30,100,100.0,80,3,1,1,1,0,1,1,1,1,51.47
10789,10000,789,0.9269,30,0,50.0,100,7,0,1,0,1,1,1,1,0,57.37
10176,10000,176,0.9827,30,100,66.67,100,7,0,1,1,1,1,1,1,0,79.07
13355,8000,5355,0.599,30,100,100.0,100,13,0,0,1,0,1,1,1,0,71.74
5869,10000,4131,1.7039,30,0,100,100,8,0,0,0,0,1,1,1,1,51.36
14064,10000,4064,0.711,30,0,66.67,100,7,0,1,1,1,1,1,1,0,57.01
7594,6500,1094,0.8559,30,0,50.0,100,16,0,1,0,1,0,1,1,0,57.14
5026,9500,4474,1.8902,30,100,100.0,100,4,1,0,0,0,1,0,1,1,57.87
11022,7500,3522,0.6805,30,100,100.0,100,15,0,0,1,0,0,1,1,0,77.74
7103,9500,2397,1.3375,30,0,100.0,100,4,0,0,1,0,1,0,1,1,62.7
9556,7500,2056,0.7848,30,0,0.0,100,15,1,0,0,1,0,1,1,0,41.95
6179,9500,3321,1.5375,30,0,100,100,4,0,0,0,0,1,0,1,1,56.71
6138,10000,3862,1.6292,30,0,100.0,100,8,1,1,1,0,1,1,1,1,52.26
10277,14000,3723,1.3623,30,0,100.0,100,4,1,1,1,0,1,1,1,1,57.92
8990,6500,2490,0.723,30,100,100,100,16,0,0,0,0,0,1,1,0,79.7
8076,9000,924,1.1144,30,100,50.0,100,11,0,1,1,0,1,0,1,0,70.78
5308,14000,8692,2.6375,30,100,100.0,100,4,1,0,1,1,1,1,1,1,53.75
7554,14000,6446,1.8533,30,0,100.0,100,4,1,1,1,1,1,1,1,1,46.85
8536,8500,36,0.9958,30,0,75.0,100,12,1,1,1,1,1,1,1,0,68.02
11650,8500,3150,0.7296,30,100,33.33,100,8,0,1,1,1,1,1,0,0,62.31
9633,11500,1867,1.1938,30,0,100.0,100,5,0,0,1,0,1,0,1,1,62.85
10227,13000,2773,1.2711,30,0,100.0,80,3,1,0,1,1,1,1,1,1,59.28
14755,7000,7755,0.4744,100,100,100,100,14,0,0,0,0,1,1,1,0,82.18
8985,11500,2515,1.2799,30,100,66.67,100,5,1,1,0,1,1,0,1,1,72.73
12809,8000,4809,0.6246,30,0,100.0,100,13,1,1,1,0,1,1,1,0,61.52
11031,6500,4531,0.5892,30,0,50.0,100,16,0,0,1,1,0,1,1,0,48.94
13790,8500,5290,0.6164,30,100,100,100,8,0,0,0,0,1,1,0,0,75.97
9081,12000,2919,1.3214,30,100,100.0,100,5,1,0,0,0,1,1,1,1,74.21
6211,7500,1289,1.2075,30,100,100,100,15,0,0,0,0,0,1,1,0,77.61
6994,10000,3006,1.4298,30,100,75.0,100,7,1,1,1,1,1,1,1,0,68.03
8565,9000,435,1.0508,100,0,66.67,100,10,0,1,1,1,1,1,1,0,77.68
9787,10000,213,1.0218,100,0,100.0,100,7,0,0,1,0,1,1,1,0,86.15
7530,10000,2470,1.328,30,0,0.0,100,7,0,0,0,1,1,1,1,0,43.72
8621,11000,2379,1.276,30,100,100.0,100,10,1,0,1,1,1,1,1,1,78.64
14232,10500,3732,0.7378,30,0,66.67,100,6,1,0,1,1,1,1,0,1,57.92
9683,6500,3183,0.6713,30,100,33.33,100,16,1,0,1,1,0,1,1,0,64.79
6969,14000,7031,2.0089,30,0,100.0,100,4,1,0,0,0,1,1,1,1,43.4
14178,9000,5178,0.6348,30,100,100,100,11,0,0,0,0,1,0,1,0,72.88
11783,7000,4783,0.5941,30,0,100.0,100,20,0,1,0,0,0,1,1,0,61.8
6692,11000,4308,1.6438,30,100,100.0,100,10,0,1,1,1,1,1,1,1,69.21
10702,10000,702,0.9344,30,100,100.0,100,7,0,1,1,0,1,1,1,0,82.36
13691,7000,6691,0.5113,30,0,100.0,100,14,0,1,0,0,1,1,1,0,58.55
6182,8000,1818,1.2941,30,0,100.0,100,13,1,1,1,0,1,1,1,0,64.08
11281,9500,1781,0.8421,100,0,75.0,100,4,1,1,1,1,1,0,1,1,72.64
9509,10000,491,1.0516,100,0,100.0,100,8,1,1,0,1,1,1,1,1,85.3
11478,8000,3478,0.697,30,100,100.0,100,13,0,0,1,0,1,1,1,0,75.41
12343,6500,5843,0.5266,30,0,50.0,100,16,1,1,1,1,0,1,1,0,48.03
13413,14000,587,1.0438,30,100,100.0,100,4,0,1,1,0,1,1,1,1,82.55
7373,10000,2627,1.3563,100,0,100.0,100,8,0,1,0,1,1,1,1,1,72.39
10882,8500,2382,0.7811,30,0,50.0,100,8,1,0,1,0,1,1,0,0,53.0
6294,1000,5294,0.1589,30,0,100.0,0,0,1,1,1,1,1,1,1,1,29.25
5581,9000,3419,1.6126,30,0,66.67,100,10,1,1,0,1,1,1,1,0,44.18
8157,9500,1343,1.1646,30,100,33.33,100,9,1,0,1,1,1,1,0,0,67.16
5661,8500,2839,1.5015,30,0,0.0,100,8,0,0,1,1,1,1,0,0,34.07
5373,10000,4627,1.8612,30,100,66.67,100,7,1,1,0,1,1,1,1,0,54.06
14565,8000,6565,0.5493,30,100,100.0,100,13,1,0,0,0,1,1,1,0,72.69
8988,12000,3012,1.3351,30,0,100.0,100,5,1,1,1,1,1,1,1,1,61.67
7325,7500,175,1.0239,30,100,50.0,100,15,0,1,0,1,0,1,1,0,77.94
5440,11000,5560,2.0221,30,0,100.0,100,10,1,1,1,0,1,1,1,1,38.09
9858,6500,3358,0.6594,30,0,0.0,100,16,0,0,0,1,0,1,1,0,43.37
12197,10000,2197,0.8199,30,0,0.0,100,7,0,0,0,1,1,1,1,0,43.53
12103,9000,3103,0.7436,30,100,50.0,100,10,0,1,0,1,1,1,1,0,69.47
10495,14000,3505,1.334,30,0,100.0,100,4,1,0,0,1,1,1,1,1,59.28
6854,6500,354,0.9484,30,0,100,100,16,0,0,0,0,0,1,1,0,68.03
14468,11500,2968,0.7949,30,0,100,100,5,0,0,0,0,1,0,1,1,65.78
7183,9000,1817,1.253,30,0,66.67,100,10,0,1,1,1,1,1,1,0,56.74
12852,9000,3852,0.7003,30,0,66.67,100,11,1,1,1,0,1,0,1,0,54.65
14376,8500,5876,0.5913,100,0,100,100,12,0,0,0,0,1,1,1,0,75.05
12395,1000,11395,0.0807,30,0,100,0,0,0,0,0,0,1,1,1,1,26.5
7662,9000,1338,1.1746,30,0,75.0,100,10,1,1,1,1,1,1,1,0,60.54
10870,7500,3370,0.69,30,0,33.33,100,15,1,1,0,1,0,1,1,0,46.07
10721,9000,1721,0.8395,30,0,100,100,11,0,0,0,0,1,0,1,0,67.59
10741,8000,2741,0.7448,30,0,66.67,100,13,1,0,1,1,1,1,1,0,56.91
11071,9500,1571,0.8581,30,0,50.0,100,9,1,0,0,1,1,1,0,0,55.05
7807,9000,1193,1.1528,30,0,100.0,100,10,0,0,1,0,1,1,1,0,66.87
8433,8500,67,1.0079,30,0,66.67,100,8,1,1,0,1,1,1,0,0,65.69
14750,11500,3250,0.7797,30,0,66.67,100,5,0,1,1,1,1,0,1,1,56.08
9722,6500,3222,0.6686,30,0,100,100,16,0,0,0,0,0,1,1,0,62.55
10098,11000,902,1.0893,30,100,100.0,100,10,1,1,1,1,1,1,1,1,85.87
12390,14000,1610,1.1299,30,0,100.0,100,4,1,0,0,0,1,1,1,1,67.83
5311,8500,3189,1.6005,30,0,100.0,100,12,0,1,1,0,1,1,1,0,53.88
14741,7000,7741,0.4749,100,100,50.0,100,20,1,1,1,1,0,1,1,0,75.99
7080,11500,4420,1.6243,30,0,66.67,100,5,0,1,1,1,1,0,1,1,46.53
9158,13000,3842,1.4195,30,100,100.0,80,3,0,0,0,1,1,1,1,1,69.01
10593,7000,3593,0.6608,30,0,100,100,14,0,0,0,0,1,1,1,0,62.3
5855,11000,5145,1.8787,30,0,100,100,10,0,0,0,0,1,1,1,1,46.02
7410,8500,1090,1.1471,30,100,50.0,100,8,1,1,1,1,1,1,0,0,73.14
6780,14000,7220,2.0649,30,0,100.0,100,4,0,1,0,0,1,1,1,1,40.75
7425,7000,425,0.9428,30,100,100,100,14,0,0,0,0,1,1,1,0,81.75
14322,9000,5322,0.6284,30,100,100,100,11,0,0,0,0,1,0,1,0,75.76
6260,9500,3240,1.5176,30,100,66.67,100,9,1,1,0,1,1,1,0,0,62.82
6322,11000,4678,1.74,30,0,100.0,100,10,0,0,1,1,1,1,1,1,51.45
12935,10000,2935,0.7731,30,0,75.0,100,7,1,1,1,1,1,1,1,0,57.44
6890,9000,2110,1.3062,30,0,0.0,100,11,0,0,0,1,1,0,1,0,42.19
11912,7000,4912,0.5876,30,0,100,100,20,0,0,0,0,0,1,1,0,59.43
14399,9000,5399,0.625,30,100,66.67,100,11,1,0,1,1,1,0,1,0,67.1
9281,10000,719,1.0775,30,0,75.0,100,7,1,1,1,1,1,1,1,0,63.82
6877,7500,623,1.0906,30,0,50.0,100,15,1,0,1,0,0,1,1,0,57.85
6402,10000,3598,1.562,100,0,100.0,100,8,1,1,0,0,1,1,1,1,68.4
9670,10000,330,1.0341,30,0,100,100,8,0,0,0,0,1,1,1,1,68.84
13747,6500,7247,0.4728,30,0,66.67,100,16,1,1,1,0,0,1,1,0,49.05
6353,8500,2147,1.338,30,0,33.33,100,8,0,1,1,1,1,1,0,0,46.55
11219,9500,1719,0.8468,30,0,75.0,100,4,1,1,1,1,1,0,1,1,62.16
7151,8000,849,1.1187,30,100,0.0,100,13,0,0,0,1,1,1,1,0,64.32
14169,8500,5669,0.5999,30,100,0.0,100,8,0,0,1,0,1,1,0,0,52.7
6905,8500,1595,1.231,30,0,100,100,12,0,0,0,0,1,1,1,0,66.67
13195,9500,3695,0.72,30,100,100.0,100,4,0,0,1,0,1,0,1,1,77.91
9742,8500,1242,0.8725,30,100,100,100,12,0,0,0,0,1,1,1,0,83.83
9136,9000,136,0.9851,30,0,50.0,100,11,1,1,1,1,1,0,1,0,62.87
12890,1000,11890,0.0776,30,100,100,0,0,0,0,0,0,1,1,1,1,45.31
11940,14000,2060,1.1725,30,0,100.0,100,4,1,1,1,1,1,1,1,1,68.27
11312,12000,688,1.0608,30,0,100.0,100,5,1,0,1,1,1,1,1,1,66.73
9646,8000,1646,0.8294,30,0,100.0,100,13,0,0,1,0,1,1,1,0,65.72
13486,7000,6486,0.5191,100,100,50.0,100,14,0,1,0,1,1,1,1,0,76.09
12009,14000,1991,1.1658,30,0,100,100,4,0,0,0,0,1,1,1,1,65.58
13032,8000,5032,0.6139,30,100,100.0,100,13,1,1,1,0,1,1,1,0,76.4
12318,8500,3818,0.69,30,0,100,100,8,0,0,0,0,1,1,0,0,59.24
7263,7000,263,0.9638,30,100,100,100,14,0,0,0,0,1,1,1,0,85.81
5059,9000,3941,1.779,30,0,50.0,100,11,1,1,1,1,1,0,1,0,34.81
9203,10000,797,1.0866,30,0,50.0,100,7,1,0,0,1,1,1,1,0,60.84
14153,8000,6153,0.5653,30,0,100.0,100,13,1,1,0,0,1,1,1,0,57.22
13255,8000,5255,0.6035,30,0,0.0,100,13,0,0,0,1,1,1,1,0,40.54
11073,8500,2573,0.7676,30,100,33.33,100,8,0,1,1,1,1,1,0,0,68.24
13535,8500,5035,0.628,30,100,100.0,100,12,1,0,0,0,1,1,1,0,72.45
11040,7000,4040,0.6341,30,0,100,100,20,0,0,0,0,0,1,1,0,59.26
6688,6500,188,0.9719,30,100,0.0,100,16,1,0,0,0,0,1,1,0,66.04
13674,8000,5674,0.5851,100,0,100.0,100,13,1,0,0,0,1,1,1,0,71.21
6695,9500,2805,1.419,30,0,100,100,9,0,0,0,0,1,1,0,0,56.89
9263,7500,1763,0.8097,30,100,50.0,100,15,1,1,1,1,0,1,1,0,68.19
6352,8000,1648,1.2594,30,100,50.0,100,13,0,1,0,1,1,1,1,0,67.33
6107,8500,2393,1.3918,30,0,100,100,12,0,0,0,0,1,1,1,0,57.0
11789,9000,2789,0.7634,30,100,100,100,10,0,0,0,0,1,1,1,0,79.8
10359,12000,1641,1.1584,100,100,100.0,100,5,1,1,0,0,1,1,1,1,97.65
9117,7500,1617,0.8226,30,100,50.0,100,15,1,1,1,1,0,1,1,0,70.16
7327,9500,2173,1.2966,30,0,100,100,4,0,0,0,0,1,0,1,1,60.0
9692,6500,3192,0.6707,30,100,100.0,100,16,0,1,1,0,0,1,1,0,77.59
13668,10000,3668,0.7316,30,0,0.0,100,7,0,0,0,1,1,1,1,0,44.76
14249,7000,7249,0.4913,30,0,75.0,100,14,1,1,1,1,1,1,1,0,50.71
8456,1000,7456,0.1183,30,0,100.0,0,0,1,0,0,0,1,1,1,1,31.72
6669,14000,7331,2.0993,30,100,100.0,100,4,1,0,1,0,1,1,1,1,54.67
7020,1000,6020,0.1425,30,0,100.0,0,0,1,0,1,1,1,1,1,1,28.8
6556,12000,5444,1.8304,30,100,100,100,5,0,0,0,0,1,1,1,1,63.36
9905,7000,2905,0.7067,30,0,50.0,100,20,0,1,0,1,0,1,1,0,51.4
6152,10000,3848,1.6255,30,100,100,100,8,0,0,0,0,1,1,1,1,64.75
12679,10500,2179,0.8281,100,100,100,100,6,0,0,0,0,1,1,0,1,92.49
6517,11500,4983,1.7646,30,100,66.67,100,5,0,1,1,1,1,0,1,1,56.52
7498,7000,498,0.9336,30,100,50.0,100,14,1,0,0,1,1,1,1,0,76.73
12223,13000,777,1.0636,30,100,100.0,80,3,1,0,1,1,1,1,1,1,80.23
13829,10000,3829,0.7231,30,0,66.67,100,7,1,1,0,1,1,1,1,0,53.23
14936,10000,4936,0.6695,30,0,100.0,100,7,0,0,1,0,1,1,1,0,63.75
7657,7000,657,0.9142,30,0,0.0,100,20,0,0,0,1,0,1,1,0,47.4
9863,8000,1863,0.8111,30,0,100.0,100,13,1,0,0,0,1,1,1,0,63.1
10302,14000,3698,1.359,30,0,100.0,100,4,1,0,0,1,1,1,1,1,58.87
11983,9500,2483,0.7928,100,0,100.0,100,9,0,1,0,0,1,1,0,0,79.7
14647,10500,4147,0.7169,30,100,100,100,6,0,0,0,0,1,1,0,1,78.46
10381,8500,1881,0.8188,100,100,100.0,100,12,1,0,0,0,1,1,1,0,95.5
14131,9000,5131,0.6369,100,0,66.67,100,10,1,1,0,1,1,1,1,0,68.92
12424,8000,4424,0.6439,30,100,100,100,13,0,0,0,0,1,1,1,0,77.13
9490,9000,490,0.9484,30,0,50.0,100,11,1,1,1,1,1,0,1,0,60.05
14494,1000,13494,0.069,30,100,100.0,0,0,1,1,0,0,1,1,1,1,45.92
6147,9500,3353,1.5455,30,0,100,100,4,0,0,0,0,1,0,1,1,55.56
8626,8000,626,0.9274,100,100,75.0,100,13,1,1,1,1,1,1,1,0,93.21
14284,8500,5784,0.5951,100,0,100.0,100,12,1,1,1,0,1,1,1,0,73.4
8692,9500,808,1.093,30,0,100,100,9,0,0,0,0,1,1,0,0,70.22
6780,8500,1720,1.2537,30,100,100,100,12,0,0,0,0,1,1,1,0,77.9
8384,1000,7384,0.1193,30,0,100,0,0,0,0,0,0,1,1,1,1,29.74
14050,9000,5050,0.6406,30,0,100.0,100,11,1,0,0,0,1,0,1,0,60.88
10563,9500,1063,0.8994,30,0,66.67,100,4,1,1,0,1,1,0,1,1,62.56
9228,14000,4772,1.5171,30,0,100,100,4,0,0,0,0,1,1,1,1,57.18
10124,13000,2876,1.2841,30,100,100.0,80,3,0,0,0,1,1,1,1,1,75.84
8958,9000,42,1.0047,30,0,66.67,100,11,1,1,1,0,1,0,1,0,66.03
14332,6500,7832,0.4535,30,0,50.0,100,16,1,1,0,0,0,1,1,0,43.25
7553,7000,553,0.9268,30,0,100.0,100,14,1,0,1,0,1,1,1,0,67.31
11807,11500,307,0.974,30,0,75.0,100,5,1,1,1,1,1,0,1,1,65.15
14734,7000,7734,0.4751,30,0,100,100,20,0,0,0,0,0,1,1,0,55.24
9733,9500,233,0.9761,30,0,100,100,9,0,0,0,0,1,1,0,0,68.12
10364,14000,3636,1.3508,30,100,100,100,4,0,0,0,0,1,1,1,1,77.6
9131,6500,2631,0.7119,30,0,0.0,100,16,1,0,0,0,0,1,1,0,39.78
8952,6500,2452,0.7261,30,0,100.0,100,16,0,1,0,0,0,1,1,0,60.75
6695,10500,3805,1.5683,30,0,0.0,100,6,0,0,1,0,1,1,0,1,32.34
13620,9500,4120,0.6975,30,100,100.0,100,4,0,0,0,1,1,0,1,1,77.36
14640,9000,5640,0.6148,30,0,0.0,100,11,0,1,0,0,1,0,1,0,38.31
8584,14000,5416,1.6309,30,0,100.0,100,4,0,1,0,1,1,1,1,1,49.49
5254,10000,4746,1.9033,100,0,100.0,100,8,1,1,1,1,1,1,1,1,58.5
6417,9000,2583,1.4025,30,0,100.0,100,11,1,0,0,0,1,0,1,0,59.7
12837,10000,2837,0.779,30,100,100.0,100,8,0,0,1,1,1,1,1,1,80.13
11897,12000,103,1.0087,30,0,100,100,5,0,0,0,0,1,1,1,1,69.6
8798,6500,2298,0.7388,30,0,100.0,100,16,0,1,1,0,0,1,1,0,63.64
12888,7000,5888,0.5431,30,100,0.0,100,14,0,0,0,1,1,1,1,0,53.51
13231,9000,4231,0.6802,30,100,50.0,100,11,1,1,0,0,1,0,1,0,65.79
13650,14000,350,1.0256,30,100,100.0,100,4,1,1,1,1,1,1,1,1,85.63
9260,14000,4740,1.5119,30,100,100.0,100,4,1,1,1,1,1,1,1,1,71.26
12345,12000,345,0.9721,30,0,100.0,100,5,1,1,0,0,1,1,1,1,68.19
11124,10000,1124,0.899,30,0,75.0,100,7,1,1,1,1,1,1,1,0,62.88
12124,6500,5624,0.5361,30,100,66.67,100,16,0,1,1,1,0,1,1,0,67.81
9197,11500,2303,1.2504,30,100,100,100,5,0,0,0,0,1,0,1,1,77.41
10681,13000,2319,1.2171,100,0,100.0,80,3,1,1,0,0,1,1,1,1,72.68
13006,10000,3006,0.7689,30,0,100.0,100,8,1,0,1,1,1,1,1,1,63.56
5156,10000,4844,1.9395,30,0,100.0,100,7,1,0,0,0,1,1,1,0,41.95
12258,1000,11258,0.0816,30,0,100,0,0,0,0,0,0,1,1,1,1,26.57
11449,7000,4449,0.6114,30,0,100.0,100,14,1,0,0,0,1,1,1,0,58.71
10251,11500,1249,1.1218,30,100,50.0,100,5,1,1,0,0,1,0,1,1,71.79
12860,1000,11860,0.0778,30,100,100.0,0,0,1,1,0,0,1,1,1,1,44.13
10795,10000,795,0.9264,30,100,66.67,100,7,1,1,0,1,1,1,1,0,76.04
7547,7000,547,0.9275,30,0,66.67,100,14,0,1,1,1,1,1,1,0,65.06
7191,14000,6809,1.9469,30,100,100,100,4,0,0,0,0,1,1,1,1,54.79
12276,10500,1776,0.8553,30,0,100,100,6,0,0,0,0,1,1,0,1,66.56
5480,11500,6020,2.0985,30,0,75.0,100,5,1,1,1,1,1,0,1,1,33.76
7507,11500,3993,1.5319,30,0,100.0,100,5,1,0,1,0,1,0,1,1,52.72
11754,14000,2246,1.1911,30,0,100.0,100,4,1,1,0,0,1,1,1,1,67.5
10758,7500,3258,0.6972,30,100,50.0,100,15,1,1,1,1,0,1,1,0,68.44
11505,14000,2495,1.2169,30,0,100.0,100,4,1,1,0,1,1,1,1,1,64.4
14077,8000,6077,0.5683,30,0,0.0,100,13,0,0,0,1,1,1,1,0,37.64
7071,9500,2429,1.3435,30,0,75.0,100,4,1,1,1,1,1,0,1,1,57.59
5608,9500,3892,1.694,30,100,50.0,100,4,1,1,0,0,1,0,1,1,57.76
11426,12000,574,1.0502,30,0,100.0,100,5,0,1,0,0,1,1,1,1,68.88
11579,13000,1421,1.1227,30,100,100,80,3,0,0,0,0,1,1,1,1,78.4
13323,7000,6323,0.5254,30,0,100.0,100,14,0,0,1,0,1,1,1,0,58.02
9595,11500,1905,1.1985,30,100,100,100,5,0,0,0,0,1,0,1,1,78.58
14259,9000,5259,0.6312,30,100,50.0,100,11,1,0,0,1,1,0,1,0,66.56
7890,9000,1110,1.1407,30,0,50.0,100,11,1,1,1,1,1,0,1,0,56.0
5701,14000,8299,2.4557,30,100,100.0,100,4,1,0,1,0,1,1,1,1,57.84
9186,1000,8186,0.1089,100,0,100.0,0,0,1,0,0,0,1,1,1,1,41.95
13053,11500,1553,0.881,30,0,66.67,100,5,1,1,0,1,1,0,1,1,60.47
6322,13000,6678,2.0563,30,0,100.0,80,3,0,0,0,1,1,1,1,1,39.54
6877,1000,5877,0.1454,30,100,100.0,0,0,0,0,1,1,1,1,1,1,44.96
9996,7000,2996,0.7003,30,0,50.0,100,14,0,1,0,1,1,1,1,0,53.62
11181,8000,3181,0.7155,30,0,75.0,100,13,1,1,1,1,1,1,1,0,56.71
12540,13000,460,1.0367,30,0,100.0,80,3,0,0,1,1,1,1,1,1,64.8
5623,9000,3377,1.6006,30,0,50.0,100,11,1,1,1,1,1,0,1,0,40.8
5210,6500,1290,1.2476,30,0,66.67,100,16,1,1,1,0,0,1,1,0,58.62
9492,9500,8,1.0008,30,0,33.33,100,9,1,0,1,1,1,1,0,0,56.79
6318,9500,3182,1.5036,30,0,50.0,100,9,1,1,1,1,1,1,0,0,45.75
6529,8000,1471,1.2253,30,0,100.0,100,13,0,1,1,0,1,1,1,0,61.58
11657,11000,657,0.9436,30,0,100.0,100,10,0,1,0,0,1,1,1,1,67.07
5387,9500,4113,1.7635,30,0,100.0,100,4,0,0,1,0,1,0,1,1,48.58
7485,9000,1515,1.2024,30,0,50.0,100,11,1,1,1,1,1,0,1,0,54.92
14456,8500,5956,0.588,30,0,50.0,100,8,1,1,1,1,1,1,0,0,51.55
12732,9000,3732,0.7069,30,0,50.0,100,11,1,1,1,1,1,0,1,0,52.46
8736,8000,736,0.9158,30,0,75.0,100,13,1,1,1,1,1,1,1,0,66.33
14519,8000,6519,0.551,30,0,75.0,100,13,1,1,1,1,1,1,1,0,51.25
9564,11500,1936,1.2024,30,0,100,100,5,0,0,0,0,1,0,1,1,65.42
11864,10000,1864,0.8429,30,0,100.0,100,8,1,1,1,1,1,1,1,1,67.44
5850,8500,2650,1.453,30,0,100,100,8,0,0,0,0,1,1,0,0,58.09
11729,12000,271,1.0231,30,100,100.0,100,5,1,1,1,1,1,1,1,1,85.69
10206,7000,3206,0.6859,100,0,75.0,100,14,1,1,1,1,1,1,1,0,72.19
9614,1000,8614,0.104,30,0,100.0,0,0,0,1,1,1,1,1,1,1,30.03
7869,9000,1131,1.1437,30,0,100,100,10,0,0,0,0,1,1,1,0,63.74
5875,8500,2625,1.4468,30,100,33.33,100,8,1,0,1,1,1,1,0,0,59.76
8299,9500,1201,1.1447,30,0,50.0,100,9,1,1,1,1,1,1,0,0,54.39
5518,9500,3982,1.7216,30,100,66.67,100,4,0,1,1,1,1,0,1,1,56.98
9107,8500,607,0.9333,30,0,75.0,100,12,1,1,1,1,1,1,1,0,62.63
5522,8500,2978,1.5393,30,100,75.0,100,12,1,1,1,1,1,1,1,0,66.97
7291,8500,1209,1.1658,30,100,33.33,100,8,0,1,1,1,1,1,0,0,68.98
6135,9500,3365,1.5485,30,100,50.0,100,4,1,1,0,0,1,0,1,1,60.83
6731,9500,2769,1.4114,100,100,100.0,100,4,1,0,0,1,1,0,1,1,88.69
6799,10000,3201,1.4708,100,100,66.67,100,7,1,1,0,1,1,1,1,0,76.22
11756,7500,4256,0.638,30,0,50.0,100,15,0,1,0,1,0,1,1,0,52.31
13747,9000,4747,0.6547,100,0,100,100,10,0,0,0,0,1,1,1,0,76.23
12366,7000,5366,0.5661,30,100,50.0,100,20,1,1,1,1,0,1,1,0,62.26
9889,7000,2889,0.7079,30,0,75.0,100,14,1,1,1,1,1,1,1,0,59.16
5578,1000,4578,0.1793,30,100,100.0,0,0,1,1,1,1,1,1,1,1,43.59
14551,9000,5551,0.6185,30,0,100.0,100,10,0,0,1,0,1,1,1,0,62.42
6442,9500,3058,1.4747,30,0,100,100,4,0,0,0,0,1,0,1,1,55.95
7586,9500,1914,1.2523,30,100,100.0,100,9,0,1,0,0,1,1,0,0,79.19
9883,8000,1883,0.8095,30,0,75.0,100,13,1,1,1,1,1,1,1,0,58.35
8443,1000,7443,0.1184,30,0,100,0,0,0,0,0,0,1,1,1,1,31.74
6615,11500,4885,1.7385,30,0,66.67,100,5,0,1,1,1,1,0,1,1,41.37
10792,11500,708,1.0656,30,0,100.0,100,5,0,0,0,1,1,0,1,1,67.51
12666,9000,3666,0.7106,30,0,100,100,10,0,0,0,0,1,1,1,0,60.89
6031,1000,5031,0.1658,30,0,100.0,0,0,1,1,0,1,1,1,1,1,28.86
5825,11000,5175,1.8884,30,0,100.0,100,10,0,0,0,1,1,1,1,1,47.32
14672,11000,3672,0.7497,30,0,100.0,100,10,0,1,1,1,1,1,1,1,61.11
14819,7000,7819,0.4724,30,0,0.0,100,20,1,0,0,0,0,1,1,0,33.45
14114,14000,114,0.9919,30,0,100.0,100,4,1,0,1,0,1,1,1,1,70.8
10615,14000,3385,1.3189,30,100,100,100,4,0,0,0,0,1,1,1,1,77.61
9502,10500,998,1.105,30,0,0.0,100,6,0,0,1,0,1,1,0,1,45.98
14953,8000,6953,0.535,30,0,100.0,100,13,1,1,1,0,1,1,1,0,58.07
13967,9500,4467,0.6802,100,0,50.0,100,4,0,1,1,0,1,0,1,1,62.93
14144,9000,5144,0.6363,30,0,66.67,100,10,1,1,0,1,1,1,1,0,55.3
5674,7000,1326,1.2337,30,100,66.67,100,14,0,1,1,1,1,1,1,0,70.03
14689,8000,6689,0.5446,30,100,100,100,13,0,0,0,0,1,1,1,0,73.02
13897,11500,2397,0.8275,100,0,100.0,100,5,0,0,1,1,1,0,1,1,76.84
14947,8500,6447,0.5687,30,0,33.33,100,8,0,1,1,1,1,1,0,0,47.09
9396,6500,2896,0.6918,100,0,100.0,100,16,0,1,0,0,0,1,1,0,77.34
5855,9500,3645,1.6225,30,0,100.0,100,4,0,0,1,1,1,0,1,1,49.88
7260,11000,3740,1.5152,100,100,100.0,100,10,1,1,1,1,1,1,1,1,86.08
9460,13000,3540,1.3742,30,0,100.0,80,3,0,0,0,1,1,1,1,1,57.85
10846,13000,2154,1.1986,30,0,100,80,3,0,0,0,0,1,1,1,1,64.55
14408,7000,7408,0.4858,30,100,0.0,100,14,0,0,0,1,1,1,1,0,51.36
10545,12000,1455,1.138,30,0,100.0,100,5,1,1,1,1,1,1,1,1,66.9
5978,7500,1522,1.2546,30,100,50.0,100,15,1,1,1,1,0,1,1,0,69.2
6071,9500,3429,1.5648,30,0,50.0,100,4,1,1,0,0,1,0,1,1,41.47
9306,8500,806,0.9134,30,0,100,100,8,0,0,0,0,1,1,0,0,66.88
5580,7000,1420,1.2545,100,0,100.0,100,14,1,0,1,0,1,1,1,0,78.95
14846,9500,5346,0.6399,30,0,50.0,100,9,1,0,0,1,1,1,0,0,51.6
9460,10000,540,1.0571,30,100,75.0,100,7,1,1,1,1,1,1,1,0,81.55
13843,9000,4843,0.6501,30,100,100.0,100,10,1,1,0,0,1,1,1,0,74.59
10144,9500,644,0.9365,30,0,100.0,100,4,1,0,0,0,1,0,1,1,68.74
14355,9500,4855,0.6618,30,0,100,100,4,0,0,0,0,1,0,1,1,61.94
12387,9500,2887,0.7669,30,0,0.0,100,9,0,0,1,0,1,1,0,0,42.42
13324,9000,4324,0.6755,30,0,50.0,100,11,1,1,1,1,1,0,1,0,53.11
14538,11500,3038,0.791,100,0,100.0,100,5,1,0,0,1,1,0,1,1,80.85
8825,13000,4175,1.4731,100,0,100.0,80,3,1,1,0,0,1,1,1,1,69.56
8902,9500,598,1.0672,30,100,66.67,100,4,1,1,0,1,1,0,1,1,78.36
6197,14000,7803,2.2592,30,0,100.0,100,4,1,1,1,1,1,1,1,1,41.54
14013,7000,7013,0.4995,30,0,100,100,20,0,0,0,0,0,1,1,0,57.85
5688,8500,2812,1.4944,30,100,100.0,100,12,1,0,0,0,1,1,1,0,69.77
12763,7500,5263,0.5876,30,0,50.0,100,15,1,1,1,1,0,1,1,0,51.4
6001,13000,6999,2.1663,30,0,100.0,80,3,0,1,0,1,1,1,1,1,37.56
13935,10000,3935,0.7176,30,0,75.0,100,7,1,1,1,1,1,1,1,0,54.83
12481,10000,2481,0.8012,30,100,100,100,7,0,0,0,0,1,1,1,0,77.21
10242,7500,2742,0.7323,30,0,100,100,15,0,0,0,0,0,1,1,0,60.07
9961,11000,1039,1.1043,30,100,100,100,10,0,0,0,0,1,1,1,1,79.87
13645,14000,355,1.026,30,0,100.0,100,4,0,1,1,0,1,1,1,1,69.09
5111,10000,4889,1.9566,30,0,100.0,100,7,0,0,1,0,1,1,1,0,43.0
14008,11500,2508,0.821,30,0,50.0,100,5,0,1,1,0,1,0,1,1,52.63
5770,7000,1230,1.2132,30,100,50.0,100,14,1,0,0,1,1,1,1,0,72.02
12980,12000,980,0.9245,30,100,100.0,100,5,0,0,1,1,1,1,1,1,84.19
10470,7000,3470,0.6686,30,100,100.0,100,14,0,0,1,0,1,1,1,0,77.37
14480,6500,7980,0.4489,30,0,50.0,100,16,1,1,1,1,0,1,1,0,45.37
14914,7000,7914,0.4694,30,0,100,100,14,0,0,0,0,1,1,1,0,56.03
11708,1000,10708,0.0854,30,0,100.0,0,0,1,1,1,1,1,1,1,1,27.62
14530,11500,3030,0.7915,30,100,100,100,5,0,0,0,0,1,0,1,1,79.39
14385,1000,13385,0.0695,30,100,100,0,0,0,0,0,0,1,1,1,1,41.73
11402,11000,402,0.9647,30,100,100.0,100,10,1,1,1,1,1,1,1,1,86.99
6903,9500,2597,1.3762,30,100,50.0,100,9,0,1,1,0,1,1,0,0,64.55
12385,7000,5385,0.5652,30,100,50.0,100,14,0,1,0,1,1,1,1,0,64.36
12162,7000,5162,0.5756,30,0,0.0,100,14,0,0,0,1,1,1,1,0,37.49
7868,7000,868,0.8897,30,0,100.0,100,14,0,1,0,0,1,1,1,0,68.01
13783,1000,12783,0.0726,30,100,100.0,0,0,1,1,0,0,1,1,1,1,40.48
11224,7000,4224,0.6237,30,100,100,100,14,0,0,0,0,1,1,1,0,73.61
11977,11500,477,0.9602,30,0,75.0,100,5,1,1,1,1,1,0,1,1,64.2
13574,11500,2074,0.8472,30,100,100.0,100,5,1,0,0,0,1,0,1,1,83.36
7639,10000,2361,1.3091,30,0,100.0,100,8,0,1,1,1,1,1,1,1,61.7
10198,11000,802,1.0786,30,0,100.0,100,10,0,1,0,0,1,1,1,1,65.9
11105,8000,3105,0.7204,30,100,66.67,100,13,0,1,1,1,1,1,1,0,68.13
14568,10000,4568,0.6864,30,100,66.67,100,7,0,1,1,1,1,1,1,0,72.53
6266,14000,7734,2.2343,30,0,100.0,100,4,1,1,1,1,1,1,1,1,41.42
8278,11000,2722,1.3288,30,0,100.0,100,10,0,0,1,1,1,1,1,1,58.58
7332,13000,5668,1.773,30,100,100.0,80,3,0,1,1,0,1,1,1,1,59.24
13444,10000,3444,0.7438,30,100,100.0,100,7,0,1,0,0,1,1,1,0,75.51
13604,9500,4104,0.6983,30,100,50.0,100,4,1,1,0,0,1,0,1,1,69.24
11038,8500,2538,0.7701,30,0,100.0,100,12,0,1,0,0,1,1,1,0,62.31
6914,1000,5914,0.1446,100,0,100,0,0,0,0,0,0,1,1,1,1,47.1
11883,8500,3383,0.7153,30,0,100.0,100,12,1,0,1,0,1,1,1,0,62.69
13031,6500,6531,0.4988,30,0,50.0,100,16,1,1,1,1,0,1,1,0,46.69
11108,12000,892,1.0803,30,100,100.0,100,5,1,1,1,1,1,1,1,1,84.42
5674,9000,3326,1.5862,100,100,75.0,100,10,1,1,1,1,1,1,1,0,76.17
11498,11500,2,1.0002,30,100,100.0,100,5,1,0,1,1,1,0,1,1,86.79
6045,9000,2955,1.4888,30,0,100,100,11,0,0,0,0,1,0,1,0,54.22
10349,7000,3349,0.6764,30,0,100,100,14,0,0,0,0,1,1,1,0,61.15
13806,9500,4306,0.6881,30,100,50.0,100,9,1,1,1,1,1,1,0,0,64.02
9745,9500,245,0.9749,30,100,75.0,100,4,1,1,1,1,1,0,1,1,80.94
10155,10500,345,1.034,30,0,100.0,100,6,1,0,0,0,1,1,0,1,68.71
7487,11500,4013,1.536,30,0,75.0,100,5,1,1,1,1,1,0,1,1,50.9
11468,13000,1532,1.1336,30,0,100.0,80,3,1,1,1,1,1,1,1,1,61.34
9472,9000,472,0.9502,30,0,100,100,10,0,0,0,0,1,1,1,0,70.45
5008,10000,4992,1.9968,30,0,100.0,100,7,1,0,0,0,1,1,1,0,42.15
12594,7500,5094,0.5955,30,0,0.0,100,15,1,0,0,1,0,1,1,0,41.6
9831,12000,2169,1.2206,30,0,100.0,100,5,0,1,0,0,1,1,1,1,63.06
6963,14000,7037,2.0106,30,0,100.0,100,4,1,1,0,1,1,1,1,1,42.4
12527,13000,473,1.0378,30,0,100,80,3,0,0,0,0,1,1,1,1,69.79
7509,10000,2491,1.3317,30,100,100.0,100,8,1,1,1,1,1,1,1,1,76.55
11302,9000,2302,0.7963,30,100,50.0,100,11,1,1,1,1,1,0,1,0,72.14
8859,8500,359,0.9595,30,0,66.67,100,12,1,1,0,1,1,1,1,0,64.52
10994,11500,506,1.046,30,100,50.0,100,5,1,1,0,0,1,0,1,1,73.44
8756,8500,256,0.9708,30,0,66.67,100,8,1,1,0,1,1,1,0,0,61.82
8600,9500,900,1.1047,30,0,100.0,100,4,1,0,1,1,1,0,1,1,66.63
5854,9500,3646,1.6228,30,100,100.0,100,4,0,0,1,0,1,0,1,1,65.22
7489,7000,489,0.9347,100,0,75.0,100,14,1,1,1,1,1,1,1,0,76.8
14270,7000,7270,0.4905,30,100,0.0,100,20,1,0,0,0,0,1,1,0,47.76
5891,12000,6109,2.037,30,100,100.0,100,5,0,1,0,0,1,1,1,1,53.75
12711,8500,4211,0.6687,30,0,100,100,8,0,0,0,0,1,1,0,0,62.82
14841,8500,6341,0.5727,30,0,75.0,100,12,1,1,1,1,1,1,1,0,52.9
7900,10000,2100,1.2658,30,0,100.0,100,7,1,1,1,0,1,1,1,0,60.21
8279,11500,3221,1.3891,30,0,75.0,100,5,1,1,1,1,1,0,1,1,53.28
10150,11000,850,1.0837,30,0,100,100,10,0,0,0,0,1,1,1,1,71.45
13276,10500,2776,0.7909,30,0,100.0,100,6,1,1,0,1,1,1,0,1,66.74
14124,11500,2624,0.8142,30,100,100.0,100,5,0,0,0,1,1,0,1,1,81.53
14992,14000,992,0.9338,30,0,100,100,4,0,0,0,0,1,1,1,1,71.74
5692,8500,2808,1.4933,30,0,100,100,12,0,0,0,0,1,1,1,0,54.72
10893,9500,1393,0.8721,30,0,100,100,4,0,0,0,0,1,0,1,1,65.25
14975,8500,6475,0.5676,30,0,100.0,100,12,1,1,1,0,1,1,1,0,57.16
11065,13000,1935,1.1749,30,0,100.0,80,3,0,1,0,0,1,1,1,1,65.12
14589,7000,7589,0.4798,100,100,50.0,100,20,1,0,1,0,0,1,1,0,73.79
7177,9000,1823,1.254,30,0,100,100,10,0,0,0,0,1,1,1,0,63.77
9005,8000,1005,0.8884,30,0,50.0,100,13,0,0,1,1,1,1,1,0,54.82
9110,12000,2890,1.3172,30,0,100.0,100,5,0,1,0,0,1,1,1,1,61.63
8022,13000,4978,1.6205,30,0,100.0,80,3,0,1,0,1,1,1,1,1,51.12
13421,8500,4921,0.6333,30,0,100.0,100,12,1,1,1,0,1,1,1,0,59.87
12544,8500,4044,0.6776,30,0,100.0,100,12,1,1,0,0,1,1,1,0,63.99
11552,6500,5052,0.5627,30,100,100,100,16,0,0,0,0,0,1,1,0,75.83
10249,10000,249,0.9757,100,0,100,100,8,0,0,0,0,1,1,1,1,82.56
8614,9000,386,1.0448,30,0,50.0,100,11,1,0,0,1,1,0,1,0,57.12
7383,7000,383,0.9481,30,100,100,100,14,0,0,0,0,1,1,1,0,85.27
14139,9500,4639,0.6719,30,100,100,100,9,0,0,0,0,1,1,0,0,76.68
12544,14000,1456,1.1161,30,0,100,100,4,0,0,0,0,1,1,1,1,66.03
11571,8500,3071,0.7346,100,0,50.0,100,12,0,1,0,1,1,1,1,0,68.96
13795,7500,6295,0.5437,30,0,66.67,100,15,1,1,1,0,0,1,1,0,48.88
8027,7500,527,0.9343,30,0,100,100,15,0,0,0,0,0,1,1,0,70.95
7749,13000,5251,1.6776,30,0,100.0,80,3,1,0,0,1,1,1,1,1,47.06
14935,8500,6435,0.5691,30,0,66.67,100,12,1,0,1,1,1,1,1,0,52.42
9084,9000,84,0.9908,30,100,50.0,100,11,1,1,1,1,1,0,1,0,74.53
11561,7000,4561,0.6055,30,0,100,100,14,0,0,0,0,1,1,1,0,58.68
14192,8000,6192,0.5637,30,100,100.0,100,13,0,1,1,0,1,1,1,0,71.06
14944,9500,5444,0.6357,30,0,100.0,100,4,1,0,0,1,1,0,1,1,58.67
12022,12000,22,0.9982,30,0,100.0,100,5,0,1,1,0,1,1,1,1,70.12
7952,10000,2048,1.2575,30,0,100.0,100,8,1,1,0,0,1,1,1,1,64.34
8646,10000,1354,1.1566,30,100,66.67,100,7,1,1,0,1,1,1,1,0,71.99
12025,6500,5525,0.5405,30,0,100,100,16,0,0,0,0,0,1,1,0,57.84
6387,1000,5387,0.1566,30,100,100.0,0,0,1,0,0,0,1,1,1,1,46.75
11456,9000,2456,0.7856,30,0,75.0,100,10,1,1,1,1,1,1,1,0,60.17
7900,6500,1400,0.8228,30,0,50.0,100,16,1,1,1,1,0,1,1,0,57.96
9204,8500,704,0.9235,30,0,50.0,100,8,1,1,1,1,1,1,0,0,59.11
14366,9000,5366,0.6265,30,0,100.0,100,10,0,0,1,0,1,1,1,0,59.28
9909,6500,3409,0.656,30,0,50.0,100,16,1,1,1,1,0,1,1,0,53.38
11506,11000,506,0.956,30,100,100.0,100,10,1,0,0,0,1,1,1,1,85.62
11701,7000,4701,0.5982,30,0,100,100,20,0,0,0,0,0,1,1,0,60.22
5813,9500,3687,1.6343,30,100,100.0,100,9,1,1,0,0,1,1,0,0,67.64
9093,9000,93,0.9898,30,100,100.0,100,10,1,1,0,0,1,1,1,0,88.08
7296,7000,296,0.9594,100,0,75.0,100,14,1,1,1,1,1,1,1,0,77.63
6924,9500,2576,1.372,30,100,0.0,100,4,0,1,0,0,1,0,1,1,53.26
8487,11000,2513,1.2961,30,100,100.0,100,10,1,0,1,1,1,1,1,1,79.7
12390,11000,1390,0.8878,30,100,100.0,100,10,1,1,1,1,1,1,1,1,83.33
6031,8500,2469,1.4094,100,0,100.0,100,12,1,0,1,0,1,1,1,0,71.88
5485,9000,3515,1.6408,30,100,33.33,100,11,0,1,1,1,1,0,1,0,51.66
11126,1000,10126,0.0899,30,0,100,0,0,0,0,0,0,1,1,1,1,25.93
10872,9000,1872,0.8278,30,100,100.0,100,11,0,0,1,0,1,0,1,0,83.17
8568,10000,1432,1.1671,30,0,100.0,100,8,1,1,0,0,1,1,1,1,67.06
8434,7000,1434,0.83,30,0,100.0,100,20,0,1,1,0,0,1,1,0,65.13
12757,11500,1257,0.9015,30,0,50.0,100,5,0,1,1,0,1,0,1,1,55.73
7627,8500,873,1.1145,100,0,100.0,100,12,0,1,1,0,1,1,1,0,79.96
13289,6500,6789,0.4891,30,100,100,100,16,0,0,0,0,0,1,1,0,71.23
6938,9000,2062,1.2972,30,100,100.0,100,11,0,0,1,0,1,0,1,0,77.61
5059,8500,3441,1.6802,100,0,50.0,100,8,1,1,1,1,1,1,0,0,57.28
6039,7500,1461,1.2419,100,100,0.0,100,15,0,0,0,1,0,1,1,0,74.32
9106,9500,394,1.0433,100,100,100,100,9,0,0,0,0,1,1,0,0,98.91
8789,7000,1789,0.7965,30,0,50.0,100,20,1,1,1,1,0,1,1,0,56.03
6115,1000,5115,0.1635,30,100,100.0,0,0,1,1,0,1,1,1,1,1,45.18
8047,10500,2453,1.3048,100,0,100.0,100,6,0,0,0,1,1,1,0,1,74.4
13499,13000,499,0.963,30,0,100.0,80,3,1,1,1,0,1,1,1,1,66.87
7557,9500,1943,1.2571,30,0,66.67,100,9,1,1,1,0,1,1,0,0,57.22
13710,9500,4210,0.6929,30,0,66.67,100,9,1,1,1,0,1,1,0,0,54.61
9164,7000,2164,0.7639,30,0,100,100,20,0,0,0,0,0,1,1,0,64.84
5268,8000,2732,1.5186,30,0,66.67,100,13,1,0,1,1,1,1,1,0,48.45
8846,9500,654,1.0739,100,0,66.67,100,4,0,1,1,1,1,0,1,1,74.31
11210,6500,4710,0.5798,30,0,33.33,100,16,1,0,1,1,0,1,1,0,42.09
8409,1000,7409,0.1189,30,0,100.0,0,0,1,1,1,1,1,1,1,1,28.81
11464,9500,1964,0.8287,100,0,100.0,100,4,1,0,1,1,1,0,1,1,80.46
8682,9000,318,1.0366,30,0,50.0,100,11,1,0,0,1,1,0,1,0,59.24
8664,9000,336,1.0388,30,0,100.0,100,11,1,0,1,0,1,0,1,0,71.57
5828,12000,6172,2.059,30,100,100.0,100,5,0,0,1,0,1,1,1,1,53.95
11882,10000,1882,0.8416,100,0,100.0,100,8,0,1,1,1,1,1,1,1,78.2
11180,10500,680,0.9392,30,100,100.0,100,6,1,0,0,1,1,1,0,1,81.55
12986,12000,986,0.9241,30,0,100.0,100,5,0,1,1,0,1,1,1,1,71.56
14081,9000,5081,0.6392,30,100,100.0,100,11,1,0,1,0,1,0,1,0,72.3
12476,1000,11476,0.0802,30,0,100.0,0,0,0,1,0,0,1,1,1,1,26.7
5315,8000,2685,1.5052,30,100,100.0,100,13,0,1,1,0,1,1,1,0,71.87
11105,10000,1105,0.9005,30,0,100.0,100,8,0,1,1,1,1,1,1,1,66.77
6971,8500,1529,1.2193,30,0,100.0,100,12,1,1,0,0,1,1,1,0,66.0
9950,14000,4050,1.407,30,0,100.0,100,4,0,1,1,1,1,1,1,1,57.85
5309,10000,4691,1.8836,100,0,50.0,100,7,0,1,0,1,1,1,1,0,48.25
13116,10500,2616,0.8005,100,0,75.0,100,6,1,1,1,1,1,1,0,1,73.49
14216,8500,5716,0.5979,30,0,100,100,12,0,0,0,0,1,1,1,0,58.15
11789,9000,2789,0.7634,100,100,50.0,100,10,0,1,0,1,1,1,1,0,80.09
5733,7500,1767,1.3082,30,0,50.0,100,15,1,0,1,0,0,1,1,0,53.84
8207,7000,1207,0.8529,30,100,100.0,100,14,0,1,1,0,1,1,1,0,82.0
8694,8500,194,0.9777,100,0,100,100,8,0,0,0,0,1,1,0,0,83.58
12620,10500,2120,0.832,30,0,100.0,100,6,1,1,0,1,1,1,0,1,65.24
9773,6500,3273,0.6651,30,0,50.0,100,16,0,1,0,1,0,1,1,0,52.04
10621,8500,2121,0.8003,30,0,100.0,100,12,0,0,1,0,1,1,1,0,63.01
13729,6500,7229,0.4735,100,0,50.0,100,16,0,1,0,1,0,1,1,0,56.93
8675,1000,7675,0.1153,30,100,100.0,0,0,0,1,0,0,1,1,1,1,42.0
10825,13000,2175,1.2009,100,100,100.0,80,3,1,1,1,1,1,1,1,1,89.29
7313,9000,1687,1.2307,30,100,100.0,100,10,0,0,1,0,1,1,1,0,79.97
9959,7500,2459,0.7531,30,100,50.0,100,15,1,1,1,1,0,1,1,0,69.8
8297,8500,203,1.0245,30,0,50.0,100,12,1,0,0,1,1,1,1,0,60.12
8211,8500,289,1.0352,30,100,100,100,12,0,0,0,0,1,1,1,0,87.15
8880,9500,620,1.0698,30,0,50.0,100,9,1,0,0,1,1,1,0,0,60.44
6229,13000,6771,2.087,30,0,100.0,80,3,1,0,0,0,1,1,1,1,36.71
10241,9000,1241,0.8788,30,0,66.67,100,10,0,1,1,1,1,1,1,0,61.04
8002,7000,1002,0.8748,30,0,66.67,100,20,1,1,1,0,0,1,1,0,62.1
10539,11000,461,1.0437,30,0,100.0,100,10,0,1,0,1,1,1,1,1,71.32
10395,11000,605,1.0582,100,0,100.0,100,10,1,1,0,0,1,1,1,1,80.27
8428,11500,3072,1.3645,30,100,0.0,100,5,0,1,0,0,1,0,1,1,52.35
10725,8500,2225,0.7925,30,0,100,100,12,0,0,0,0,1,1,1,0,66.8
13566,13000,566,0.9583,30,0,100.0,80,3,0,1,0,0,1,1,1,1,68.64
12934,11500,1434,0.8891,30,0,66.67,100,5,0,1,1,1,1,0,1,1,62.32
6206,11500,5294,1.853,30,0,100,100,5,0,0,0,0,1,0,1,1,46.57
11265,9000,2265,0.7989,30,0,50.0,100,10,1,0,0,1,1,1,1,0,56.65
8518,9500,982,1.1153,30,100,100.0,100,4,1,0,1,0,1,0,1,1,84.51
13550,8000,5550,0.5904,30,0,50.0,100,13,0,1,0,1,1,1,1,0,45.73
8901,12000,3099,1.3482,30,100,100,100,5,0,0,0,0,1,1,1,1,78.13
12954,10000,2954,0.772,30,0,100.0,100,7,1,1,1,0,1,1,1,0,64.41
5227,8500,3273,1.6262,100,0,50.0,100,8,1,0,1,0,1,1,0,0,56.02
11520,7500,4020,0.651,30,0,50.0,100,15,1,1,1,1,0,1,1,0,51.78
5542,8500,2958,1.5337,30,0,66.67,100,8,1,1,0,1,1,1,0,0,45.97
14763,7500,7263,0.508,100,0,50.0,100,15,1,1,1,1,0,1,1,0,60.23
6494,14000,7506,2.1558,30,100,100.0,100,4,1,1,1,0,1,1,1,1,56.89
7528,7500,28,0.9963,30,100,50.0,100,15,1,1,1,1,0,1,1,0,76.03
7658,8500,842,1.11,30,0,0.0,100,12,0,0,0,1,1,1,1,0,46.4
12611,7000,5611,0.5551,30,0,0.0,100,20,0,0,0,1,0,1,1,0,39.76
13428,13000,428,0.9681,30,100,100,80,3,0,0,0,0,1,1,1,1,82.67
11572,7000,4572,0.6049,30,0,100,100,14,0,0,0,0,1,1,1,0,61.85
9481,7000,2481,0.7383,30,100,100.0,100,14,0,0,1,0,1,1,1,0,80.81
11401,6500,4901,0.5701,30,0,100,100,16,0,0,0,0,0,1,1,0,57.88
10248,9000,1248,0.8782,30,100,100.0,100,10,0,0,1,0,1,1,1,0,84.22
9067,14000,4933,1.5441,30,0,100.0,100,4,1,1,1,1,1,1,1,1,56.51
14175,9000,5175,0.6349,30,0,66.67,100,11,1,1,1,0,1,0,1,0,53.86
9766,8500,1266,0.8704,30,0,100,100,12,0,0,0,0,1,1,1,0,65.14
12949,10000,2949,0.7723,30,100,100.0,100,8,1,1,0,1,1,1,1,1,78.66
10360,7000,3360,0.6757,30,0,100,100,20,0,0,0,0,0,1,1,0,58.63
14152,8000,6152,0.5653,30,0,66.67,100,13,1,1,0,1,1,1,1,0,52.74
6035,10500,4465,1.7399,30,0,100,100,6,0,0,0,0,1,1,0,1,48.42
7714,7000,714,0.9074,100,100,33.33,100,20,1,0,1,1,0,1,1,0,85.32
11897,8500,3397,0.7145,30,0,0.0,100,8,0,0,0,1,1,1,0,0,39.79
13346,9000,4346,0.6744,30,100,100.0,100,11,1,0,1,0,1,0,1,0,74.04
14831,13000,1831,0.8765,30,100,100,80,3,0,0,0,0,1,1,1,1,81.13
10320,9000,1320,0.8721,100,0,100,100,10,0,0,0,0,1,1,1,0,80.78
13571,10500,3071,0.7737,30,100,100,100,6,0,0,0,0,1,1,0,1,77.5
9780,8500,1280,0.8691,30,0,100,100,8,0,0,0,0,1,1,0,0,64.75
14471,7500,6971,0.5183,30,0,50.0,100,15,1,1,1,1,0,1,1,0,48.43
10973,10000,973,0.9113,30,0,100.0,100,8,1,1,1,1,1,1,1,1,66.55
5203,10500,5297,2.0181,30,0,75.0,100,6,1,1,1,1,1,1,0,1,38.83
13274,10000,3274,0.7534,30,100,100.0,100,8,1,1,1,0,1,1,1,1,75.87
10964,7500,3464,0.6841,30,0,50.0,100,15,1,0,1,0,0,1,1,0,53.01
9067,1000,8067,0.1103,30,0,100.0,0,0,1,1,0,1,1,1,1,1,27.99
7786,10000,2214,1.2844,30,0,100.0,100,8,0,0,1,1,1,1,1,1,61.22
9830,7000,2830,0.7121,30,100,66.67,100,14,1,0,1,1,1,1,1,0,73.41
10126,14000,3874,1.3826,30,100,100.0,100,4,1,0,0,1,1,1,1,1,76.34
5645,7000,1355,1.24,30,0,66.67,100,14,0,1,1,1,1,1,1,0,56.55
10458,7000,3458,0.6693,100,0,66.67,100,14,1,1,0,1,1,1,1,0,67.46
10159,10500,341,1.0336,30,100,100.0,100,6,0,1,0,1,1,1,0,1,87.32
9653,10000,347,1.0359,30,100,100.0,100,8,1,0,0,1,1,1,1,1,82.58
12644,11500,1144,0.9095,30,0,66.67,100,5,1,1,0,1,1,0,1,1,60.15
6661,9500,2839,1.4262,30,100,100,100,4,0,0,0,0,1,0,1,1,70.39
12286,8500,3786,0.6918,30,100,75.0,100,12,1,1,1,1,1,1,1,0,69.8
13208,7000,6208,0.53,30,0,100.0,100,14,0,1,0,0,1,1,1,0,55.86
10146,6500,3646,0.6406,30,100,100,100,16,0,0,0,0,0,1,1,0,73.6
13115,9500,3615,0.7244,30,0,100.0,100,9,1,0,0,0,1,1,0,0,63.64
5397,8500,3103,1.5749,30,0,75.0,100,12,1,1,1,1,1,1,1,0,49.07
6452,10500,4048,1.6274,30,0,75.0,100,6,1,1,1,1,1,1,0,1,49.79
5983,12000,6017,2.0057,30,0,100.0,100,5,0,1,0,0,1,1,1,1,43.86
5057,10000,4943,1.9775,30,100,100.0,100,8,0,1,1,0,1,1,1,1,54.34
6742,7500,758,1.1124,30,0,100,100,15,0,0,0,0,0,1,1,0,67.15
12300,8000,4300,0.6504,30,100,75.0,100,13,1,1,1,1,1,1,1,0,71.37
13134,9500,3634,0.7233,30,100,75.0,100,4,1,1,1,1,1,0,1,1,72.09
12642,13000,358,1.0283,30,100,100.0,80,3,0,1,1,0,1,1,1,1,79.67
13041,1000,12041,0.0767,30,0,100.0,0,0,0,0,0,1,1,1,1,1,28.65
10508,8000,2508,0.7613,100,100,0.0,100,13,0,0,0,1,1,1,1,0,72.78
9849,7000,2849,0.7107,30,100,66.67,100,14,0,1,1,1,1,1,1,0,69.94
5201,11500,6299,2.2111,30,100,100.0,100,5,1,0,1,1,1,0,1,1,56.64
11129,9000,2129,0.8087,30,0,100,100,10,0,0,0,0,1,1,1,0,64.37
5939,13000,7061,2.1889,30,0,100.0,80,3,1,1,0,1,1,1,1,1,40.49
12661,6500,6161,0.5134,30,0,100,100,16,0,0,0,0,0,1,1,0,58.75
10697,10000,697,0.9348,30,0,100.0,100,7,0,1,0,0,1,1,1,0,71.57
14233,8000,6233,0.5621,30,0,100.0,100,13,1,0,0,0,1,1,1,0,57.4
5890,9000,3110,1.528,30,0,100.0,100,10,1,1,1,0,1,1,1,0,57.58
14190,10000,4190,0.7047,30,100,100,100,8,0,0,0,0,1,1,1,1,79.14
12819,14000,1181,1.0921,30,100,100,100,4,0,0,0,0,1,1,1,1,82.39
8352,8500,148,1.0177,30,0,100,100,8,0,0,0,0,1,1,0,0,71.5
11062,7000,4062,0.6328,30,0,50.0,100,20,1,0,1,0,0,1,1,0,50.85
8344,8000,344,0.9588,30,0,75.0,100,13,1,1,1,1,1,1,1,0,64.06
11319,6500,4819,0.5743,30,100,0.0,100,16,1,0,0,1,0,1,1,0,52.65
5765,10000,4235,1.7346,30,0,100.0,100,7,0,1,1,0,1,1,1,0,46.71
13591,13000,591,0.9565,30,0,100.0,80,3,1,0,0,0,1,1,1,1,64.47
13569,7000,6569,0.5159,30,100,100.0,100,20,0,1,1,0,0,1,1,0,72.31
5047,9000,3953,1.7832,30,100,100,100,10,0,0,0,0,1,1,1,0,64.37
9748,9500,248,0.9746,30,0,100.0,100,4,0,0,0,1,1,0,1,1,68.81
6457,9500,3043,1.4713,30,0,0.0,100,9,0,0,0,1,1,1,0,0,39.86
7712,9000,1288,1.167,30,0,75.0,100,10,1,1,1,1,1,1,1,0,62.86
6356,14000,7644,2.2026,30,0,100.0,100,4,1,1,1,1,1,1,1,1,38.61
10036,8500,1536,0.847,30,100,100.0,100,12,1,0,0,0,1,1,1,0,84.18
13285,13000,285,0.9785,30,0,100.0,80,3,0,1,1,1,1,1,1,1,68.55
10915,9500,1415,0.8704,30,0,66.67,100,4,1,1,1,0,1,0,1,1,61.09
9651,14000,4349,1.4506,30,100,100.0,100,4,1,1,1,0,1,1,1,1,71.92
12232,6500,5732,0.5314,30,0,50.0,100,16,0,1,0,1,0,1,1,0,45.17
10416,8000,2416,0.768,100,0,100.0,100,13,1,1,0,0,1,1,1,0,79.51
14003,11500,2503,0.8213,30,100,66.67,100,5,1,1,0,1,1,0,1,1,73.16
6180,7000,820,1.1327,30,100,75.0,100,14,1,1,1,1,1,1,1,0,79.74
12984,13000,16,1.0012,30,0,100.0,80,3,0,1,1,0,1,1,1,1,69.67
13424,10500,2924,0.7822,100,0,100,100,6,0,0,0,0,1,1,0,1,81.33
6901,8500,1599,1.2317,100,0,100,100,8,0,0,0,0,1,1,0,0,80.06
11267,11000,267,0.9763,30,0,100.0,100,10,0,1,0,1,1,1,1,1,73.09
14702,11500,3202,0.7822,30,0,75.0,100,5,1,1,1,1,1,0,1,1,61.63
10000,8500,1500,0.85,30,0,100,100,8,0,0,0,0,1,1,0,0,66.8
5041,10500,5459,2.0829,30,0,66.67,100,6,1,1,1,0,1,1,0,1,33.79
6412,10500,4088,1.6376,30,0,100.0,100,6,0,1,0,0,1,1,0,1,54.7
7776,1000,6776,0.1286,30,0,100,0,0,0,0,0,0,1,1,1,1,28.79
6597,8500,1903,1.2885,30,100,100,100,12,0,0,0,0,1,1,1,0,80.03
14676,8000,6676,0.5451,30,0,0.0,100,13,0,0,0,1,1,1,1,0,37.34
11934,8000,3934,0.6704,30,0,50.0,100,13,0,0,1,1,1,1,1,0,53.6
14068,10000,4068,0.7108,30,100,75.0,100,7,1,1,1,1,1,1,1,0,71.37
13174,10000,3174,0.7591,30,0,100.0,100,8,1,1,1,1,1,1,1,1,64.04
10630,7000,3630,0.6585,30,0,75.0,100,14,1,1,1,1,1,1,1,0,58.0
13309,9500,3809,0.7138,30,100,66.67,100,9,1,1,0,1,1,1,0,0,69.83
7792,11000,3208,1.4117,30,100,100.0,100,10,1,1,1,1,1,1,1,1,75.29
8601,12000,3399,1.3952,100,100,100.0,100,5,0,1,0,1,1,1,1,1,87.48
9146,8500,646,0.9294,30,0,100.0,100,12,1,0,0,0,1,1,1,0,70.75
13145,10000,3145,0.7607,30,100,75.0,100,7,1,1,1,1,1,1,1,0,72.64
6889,7500,611,1.0887,30,0,50.0,100,15,1,1,1,1,0,1,1,0,60.52
7951,1000,6951,0.1258,30,100,100.0,0,0,1,1,0,0,1,1,1,1,43.5
6913,8500,1587,1.2296,30,100,66.67,100,8,1,1,0,1,1,1,0,0,72.05
7657,9000,1343,1.1754,30,0,50.0,100,11,0,1,1,0,1,0,1,0,55.62
12723,9500,3223,0.7467,30,0,75.0,100,4,1,1,1,1,1,0,1,1,59.96
14924,8500,6424,0.5696,30,0,100.0,100,12,0,1,0,0,1,1,1,0,58.43
13360,14000,640,1.0479,30,100,100,100,4,0,0,0,0,1,1,1,1,85.74
9806,8000,1806,0.8158,30,0,100,100,13,0,0,0,0,1,1,1,0,65.41
5050,9000,3950,1.7822,30,0,75.0,100,10,1,1,1,1,1,1,1,0,41.13
12024,10000,2024,0.8317,30,100,100.0,100,7,1,0,0,0,1,1,1,0,82.23
6477,1000,5477,0.1544,30,0,100,0,0,0,0,0,0,1,1,1,1,29.98
9984,13000,3016,1.3021,30,100,100,80,3,0,0,0,0,1,1,1,1,76.94
10638,13000,2362,1.222,100,0,100.0,80,3,1,1,1,1,1,1,1,1,77.7
8073,9500,1427,1.1768,100,0,0.0,100,9,0,0,1,1,1,1,0,0,57.2
10367,8000,2367,0.7717,30,0,100.0,100,13,0,1,0,0,1,1,1,0,66.47
13182,9000,4182,0.6827,30,0,100,100,10,0,0,0,0,1,1,1,0,62.24
12306,7500,4806,0.6095,30,0,66.67,100,15,1,1,1,0,0,1,1,0,53.8
6747,9000,2253,1.3339,30,100,50.0,100,10,0,1,0,1,1,1,1,0,64.69
13057,7500,5557,0.5744,30,0,100.0,100,15,0,1,1,0,0,1,1,0,59.61
12816,1000,11816,0.078,30,0,100.0,0,0,1,0,1,0,1,1,1,1,30.75
9308,12000,2692,1.2892,30,100,100.0,100,5,0,1,0,0,1,1,1,1,79.63
10359,8500,1859,0.8205,30,100,100,100,12,0,0,0,0,1,1,1,0,79.28
8117,1000,7117,0.1232,30,0,100.0,0,0,0,0,1,0,1,1,1,1,27.68
6035,10500,4465,1.7399,100,0,100.0,100,6,1,0,0,1,1,1,0,1,61.27
9162,6500,2662,0.7095,30,0,0.0,100,16,1,0,0,0,0,1,1,0,41.04
6683,8500,1817,1.2719,30,0,100,100,8,0,0,0,0,1,1,0,0,63.84
11649,9000,2649,0.7726,30,0,66.67,100,10,0,1,1,1,1,1,1,0,56.92
5803,1000,4803,0.1723,30,0,100.0,0,0,1,1,0,0,1,1,1,1,29.99
10324,11500,1176,1.1139,30,0,66.67,100,5,1,1,1,0,1,0,1,1,58.48
5418,7000,1582,1.292,30,0,75.0,100,14,1,1,1,1,1,1,1,0,54.96
7099,9500,2401,1.3382,100,0,100,100,9,0,0,0,0,1,1,0,0,76.85
7316,1000,6316,0.1367,30,0,100,0,0,0,0,0,0,1,1,1,1,27.24
9816,11500,1684,1.1716,30,0,100.0,100,5,1,0,0,0,1,0,1,1,67.23
14785,9500,5285,0.6425,30,0,100.0,100,4,0,0,1,0,1,0,1,1,61.39
8482,8000,482,0.9432,30,100,100,100,13,0,0,0,0,1,1,1,0,81.97
8369,10500,2131,1.2546,30,100,50.0,100,6,0,1,1,0,1,1,0,1,69.75
14071,10000,4071,0.7107,30,0,100.0,100,8,0,1,0,0,1,1,1,1,60.08
9230,9000,230,0.9751,30,0,33.33,100,11,0,1,1,1,1,0,1,0,58.1
10586,9500,1086,0.8974,100,0,50.0,100,9,0,1,0,1,1,1,0,0,72.67
14340,11500,2840,0.802,30,0,0.0,100,5,0,1,0,0,1,0,1,1,42.13
8357,8500,143,1.0171,30,0,100,100,8,0,0,0,0,1,1,0,0,69.02
5069,12000,6931,2.3673,30,0,100.0,100,5,0,0,0,1,1,1,1,1,38.85
14474,7500,6974,0.5182,30,0,100.0,100,15,0,1,0,0,0,1,1,0,56.69
12041,9000,3041,0.7474,30,0,50.0,100,11,1,1,0,0,1,0,1,0,56.06
9957,7000,2957,0.703,30,0,75.0,100,14,1,1,1,1,1,1,1,0,57.06
14181,8500,5681,0.5994,30,0,33.33,100,8,1,0,1,1,1,1,0,0,46.12
11643,7000,4643,0.6012,30,100,0.0,100,20,1,0,0,0,0,1,1,0,56.18
12926,12000,926,0.9284,30,0,100.0,100,5,0,1,0,0,1,1,1,1,65.93
11064,9500,1564,0.8586,30,0,0.0,100,4,0,1,0,0,1,0,1,1,45.35
12347,7500,4847,0.6074,30,100,100,100,15,0,0,0,0,0,1,1,0,76.3
10601,8500,2101,0.8018,30,0,50.0,100,8,1,1,1,1,1,1,0,0,58.05
5476,10500,5024,1.9175,100,0,100.0,100,6,1,1,0,0,1,1,0,1,54.72
11538,11000,538,0.9534,30,100,100,100,10,0,0,0,0,1,1,1,1,87.21
10987,10500,487,0.9557,100,0,75.0,100,6,1,1,1,1,1,1,0,1,78.32
13866,9000,4866,0.6491,30,0,100,100,11,0,0,0,0,1,0,1,0,62.42
13472,10500,2972,0.7794,30,0,100.0,100,6,0,1,0,0,1,1,0,1,61.82
10754,7000,3754,0.6509,30,100,66.67,100,14,1,0,1,1,1,1,1,0,71.2
13348,1000,12348,0.0749,30,100,100.0,0,0,1,1,1,0,1,1,1,1,44.17
12488,8500,3988,0.6807,30,0,100.0,100,12,1,1,0,0,1,1,1,0,59.07
13559,9000,4559,0.6638,30,100,100.0,100,10,0,0,1,0,1,1,1,0,72.96
13380,8500,4880,0.6353,30,100,50.0,100,8,1,0,0,1,1,1,0,0,66.69
12786,7000,5786,0.5475,30,0,66.67,100,20,0,1,1,1,0,1,1,0,48.96
12274,9500,2774,0.774,100,0,75.0,100,4,1,1,1,1,1,0,1,1,73.1
11486,9000,2486,0.7836,30,0,50.0,100,11,1,1,1,1,1,0,1,0,53.88
9786,11500,1714,1.1751,30,0,100,100,5,0,0,0,0,1,0,1,1,63.41
10998,1000,9998,0.0909,30,100,100.0,0,0,1,1,1,0,1,1,1,1,42.38
5104,9000,3896,1.7633,30,0,50.0,100,10,0,1,0,1,1,1,1,0,39.2
5332,13000,7668,2.4381,30,0,100.0,80,3,0,0,1,0,1,1,1,1,38.26
6541,10000,3459,1.5288,30,0,100,100,8,0,0,0,0,1,1,1,1,55.46
5792,10000,4208,1.7265,30,0,100,100,7,0,0,0,0,1,1,1,0,50.11
8571,10000,1429,1.1667,30,100,100.0,100,8,1,1,1,0,1,1,1,1,83.92
9783,9000,783,0.92,30,0,0.0,100,11,0,1,0,0,1,0,1,0,47.43
6927,9000,2073,1.2993,30,100,33.33,100,11,1,1,0,1,1,0,1,0,64.38
7674,7000,674,0.9122,30,0,66.67,100,20,0,1,1,1,0,1,1,0,63.85
10769,8000,2769,0.7429,30,0,100.0,100,13,1,0,0,0,1,1,1,0,61.47
13708,6500,7208,0.4742,30,100,33.33,100,16,1,1,0,1,0,1,1,0,56.23
13815,10000,3815,0.7239,30,0,100,100,8,0,0,0,0,1,1,1,1,61.03
11357,14000,2643,1.2327,30,100,100.0,100,4,0,0,1,0,1,1,1,1,79.86
5360,7500,2140,1.3993,100,0,100,100,15,0,0,0,0,0,1,1,0,75.05
6453,1000,5453,0.155,30,0,100.0,0,0,1,1,1,1,1,1,1,1,27.89
14963,9000,5963,0.6015,30,0,75.0,100,10,1,1,1,1,1,1,1,0,56.91
7457,1000,6457,0.1341,30,0,100.0,0,0,0,0,1,1,1,1,1,1,31.16
14419,11500,2919,0.7976,30,0,100,100,5,0,0,0,0,1,0,1,1,64.45
6167,12000,5833,1.9458,30,100,100.0,100,5,1,0,1,1,1,1,1,1,57.07
8075,12000,3925,1.4861,30,0,100.0,100,5,1,1,0,0,1,1,1,1,58.02
14282,7000,7282,0.4901,100,100,0.0,100,14,0,0,0,1,1,1,1,0,66.57
14995,7500,7495,0.5002,30,0,100.0,100,15,0,1,0,0,0,1,1,0,58.76
8902,14000,5098,1.5727,30,100,100,100,4,0,0,0,0,1,1,1,1,69.52
8782,9000,218,1.0248,30,100,66.67,100,10,1,1,0,1,1,1,1,0,79.47
11480,12000,520,1.0453,100,0,100,100,5,0,0,0,0,1,1,1,1,81.32
10000,9500,500,0.95,30,100,50.0,100,9,1,1,1,1,1,1,0,0,77.31
14723,11500,3223,0.7811,30,0,100.0,100,5,1,0,1,1,1,0,1,1,63.34
12089,14000,1911,1.1581,30,0,100.0,100,4,1,1,1,1,1,1,1,1,63.7
14007,11500,2507,0.821,100,100,100,100,5,0,0,0,0,1,0,1,1,91.99
9799,6500,3299,0.6633,100,0,0.0,100,16,0,0,0,1,0,1,1,0,54.16
10017,12000,1983,1.198,30,0,100.0,100,5,1,1,1,1,1,1,1,1,65.37
8828,10000,1172,1.1328,30,100,66.67,100,7,1,0,1,1,1,1,1,0,72.7
13390,9500,3890,0.7095,30,0,50.0,100,9,1,1,1,1,1,1,0,0,55.23
5538,10500,4962,1.896,30,100,100,100,6,0,0,0,0,1,1,0,1,60.39
13102,1000,12102,0.0763,30,0,100,0,0,0,0,0,0,1,1,1,1,25.7
7450,11000,3550,1.4765,30,0,100,100,10,0,0,0,0,1,1,1,1,53.83
8241,11000,2759,1.3348,30,0,100.0,100,10,1,1,1,1,1,1,1,1,63.29
10390,1000,9390,0.0962,30,0,100,0,0,0,0,0,0,1,1,1,1,26.46
14140,12000,2140,0.8487,30,0,100.0,100,5,1,1,1,1,1,1,1,1,67.35
9440,7000,2440,0.7415,30,0,33.33,100,20,1,1,0,1,0,1,1,0,46.98
8355,8000,355,0.9575,30,0,50.0,100,13,0,1,0,1,1,1,1,0,58.66
10053,11000,947,1.0942,30,0,100.0,100,10,1,1,1,1,1,1,1,1,70.78
14386,6500,7886,0.4518,30,0,100,100,16,0,0,0,0,0,1,1,0,57.1
12308,10000,2308,0.8125,30,0,100,100,8,0,0,0,0,1,1,1,1,66.0
12003,7000,5003,0.5832,30,100,100.0,100,14,1,1,0,0,1,1,1,0,71.28
14516,1000,13516,0.0689,30,0,100.0,0,0,0,1,1,1,1,1,1,1,28.61
5432,12000,6568,2.2091,30,0,100.0,100,5,0,0,1,0,1,1,1,1,42.02
7651,8000,349,1.0456,30,100,0.0,100,13,0,0,0,1,1,1,1,0,65.87
9945,11000,1055,1.1061,100,0,100.0,100,10,1,1,1,1,1,1,1,1,83.26
8863,9000,137,1.0155,30,100,100.0,100,11,1,0,1,0,1,0,1,0,84.94
14988,10000,4988,0.6672,30,0,100.0,100,7,0,1,1,0,1,1,1,0,63.59
11537,9500,2037,0.8234,30,0,100,100,4,0,0,0,0,1,0,1,1,64.57
9919,9000,919,0.9073,30,100,0.0,100,11,0,1,0,1,1,0,1,0,62.02
13818,8500,5318,0.6151,30,100,100.0,100,12,0,1,1,0,1,1,1,0,75.81
13482,12000,1482,0.8901,100,100,100.0,100,5,1,1,1,1,1,1,1,1,94.78
8513,8500,13,0.9985,30,100,100,100,8,0,0,0,0,1,1,0,0,86.69
12549,8000,4549,0.6375,30,100,100.0,100,13,0,0,1,0,1,1,1,0,75.06
13641,10500,3141,0.7697,30,0,100,100,6,0,0,0,0,1,1,0,1,63.94
14717,8500,6217,0.5776,30,0,100.0,100,12,0,0,1,0,1,1,1,0,55.9
9928,9500,428,0.9569,30,0,50.0,100,9,1,0,0,1,1,1,0,0,62.09
7015,10000,2985,1.4255,100,0,66.67,100,7,1,1,0,1,1,1,1,0,66.94
8343,8000,343,0.9589,30,0,66.67,100,13,1,1,0,1,1,1,1,0,64.11
9438,10000,562,1.0595,30,0,100.0,100,8,0,1,0,0,1,1,1,1,69.85
5300,8000,2700,1.5094,30,0,100.0,100,13,0,0,1,0,1,1,1,0,54.17
13314,10500,2814,0.7886,30,0,100.0,100,6,0,1,0,0,1,1,0,1,66.82
6815,8000,1185,1.1739,30,0,75.0,100,13,1,1,1,1,1,1,1,0,63.02
6935,8500,1565,1.2257,30,0,0.0,100,8,0,0,1,1,1,1,0,0,43.54
10520,14000,3480,1.3308,30,0,100.0,100,4,1,1,1,1,1,1,1,1,59.1
10660,13000,2340,1.2195,30,0,100.0,80,3,0,0,1,0,1,1,1,1,60.57
7994,10000,2006,1.2509,30,100,100.0,100,8,1,1,0,1,1,1,1,1,77.23
6756,8000,1244,1.1841,30,100,75.0,100,13,1,1,1,1,1,1,1,0,75.83
12864,1000,11864,0.0777,30,100,100.0,0,0,1,1,1,0,1,1,1,1,40.96
10204,10500,296,1.029,30,100,0.0,100,6,0,0,1,0,1,1,0,1,64.03
9027,1000,8027,0.1108,30,0,100.0,0,0,1,1,1,1,1,1,1,1,29.56
10293,10500,207,1.0201,30,0,100.0,100,6,0,1,0,0,1,1,0,1,68.83
6348,1000,5348,0.1575,30,100,100.0,0,0,1,1,1,1,1,1,1,1,47.01
7861,13000,5139,1.6537,30,100,100.0,80,3,0,1,1,1,1,1,1,1,60.94
8773,1000,7773,0.114,30,100,100.0,0,0,1,1,1,1,1,1,1,1,42.72
8688,9500,812,1.0935,30,0,75.0,100,4,1,1,1,1,1,0,1,1,63.1
6712,8500,1788,1.2664,30,100,100,100,8,0,0,0,0,1,1,0,0,79.2
7200,8500,1300,1.1806,30,100,100,100,8,0,0,0,0,1,1,0,0,78.58
12061,9000,3061,0.7462,30,0,50.0,100,11,1,0,0,1,1,0,1,0,52.45
5751,10000,4249,1.7388,30,0,75.0,100,7,1,1,1,1,1,1,1,0,42.09
6359,8000,1641,1.2581,100,0,75.0,100,13,1,1,1,1,1,1,1,0,70.99
7016,1000,6016,0.1425,100,0,100.0,0,0,1,1,1,1,1,1,1,1,43.95
5150,10000,4850,1.9417,100,0,100.0,100,7,0,1,1,0,1,1,1,0,59.04
5711,14000,8289,2.4514,30,0,100.0,100,4,1,1,0,0,1,1,1,1,42.11
12450,10000,2450,0.8032,30,0,100.0,100,7,1,1,1,0,1,1,1,0,63.97
7822,11000,3178,1.4063,30,0,100.0,100,10,0,1,0,1,1,1,1,1,55.83
11289,6500,4789,0.5758,30,100,0.0,100,16,1,0,0,0,0,1,1,0,55.65
5630,8000,2370,1.421,30,0,100,100,13,0,0,0,0,1,1,1,0,60.38
12126,10500,1626,0.8659,30,0,66.67,100,6,0,1,1,1,1,1,0,1,58.02
8540,8500,40,0.9953,30,0,75.0,100,12,1,1,1,1,1,1,1,0,64.62
5644,10000,4356,1.7718,30,0,75.0,100,7,1,1,1,1,1,1,1,0,43.46
12826,10000,2826,0.7797,30,0,100.0,100,8,1,0,1,0,1,1,1,1,64.93
14167,12000,2167,0.847,30,0,100,100,5,0,0,0,0,1,1,1,1,67.2
6740,13000,6260,1.9288,30,100,100.0,80,3,1,1,1,1,1,1,1,1,53.17
6910,11500,4590,1.6643,30,100,50.0,100,5,0,1,1,0,1,0,1,1,53.36
10866,13000,2134,1.1964,30,100,100.0,80,3,1,0,1,0,1,1,1,1,75.4
14065,11000,3065,0.7821,30,0,100,100,10,0,0,0,0,1,1,1,1,63.35
5666,9000,3334,1.5884,30,0,50.0,100,11,0,0,1,1,1,0,1,0,45.73
10040,10000,40,0.996,30,0,100.0,100,8,1,1,1,1,1,1,1,1,72.53
8829,10000,1171,1.1326,30,0,100.0,100,8,1,1,1,1,1,1,1,1,64.25
8307,9500,1193,1.1436,30,0,0.0,100,9,0,0,1,1,1,1,0,0,44.62
9143,14000,4857,1.5312,30,0,100.0,100,4,1,1,0,0,1,1,1,1,53.82
9753,9500,253,0.9741,30,0,50.0,100,9,0,1,0,1,1,1,0,0,59.58
14273,6500,7773,0.4554,30,100,50.0,100,16,1,1,1,1,0,1,1,0,58.5
5021,7000,1979,1.3941,30,0,50.0,100,20,1,1,1,1,0,1,1,0,46.92
8685,8500,185,0.9787,30,0,0.0,100,8,0,0,0,1,1,1,0,0,47.38
14559,8500,6059,0.5838,30,100,100.0,100,8,0,1,0,0,1,1,0,0,73.46
14139,7500,6639,0.5304,30,0,50.0,100,15,1,1,1,1,0,1,1,0,44.18
9400,11500,2100,1.2234,100,0,100.0,100,5,1,0,1,1,1,0,1,1,80.33
10468,14000,3532,1.3374,30,0,100.0,100,4,1,0,1,1,1,1,1,1,62.08
13920,8500,5420,0.6106,30,0,100.0,100,12,0,0,1,0,1,1,1,0,57.04
6878,10500,3622,1.5266,30,100,66.67,100,6,1,1,1,0,1,1,0,1,61.06
11552,9500,2052,0.8224,30,0,50.0,100,9,1,1,1,1,1,1,0,0,55.89
5530,8500,2970,1.5371,30,0,50.0,100,12,1,0,0,1,1,1,1,0,42.98
10241,9000,1241,0.8788,30,0,100.0,100,10,0,1,0,0,1,1,1,0,65.73
12681,7000,5681,0.552,100,100,100,100,14,0,0,0,0,1,1,1,0,89.5
13260,1000,12260,0.0754,100,0,100.0,0,0,0,1,0,0,1,1,1,1,45.18
13104,9500,3604,0.725,30,100,100.0,100,4,0,0,1,0,1,0,1,1,80.15
8245,1000,7245,0.1213,30,100,100,0,0,0,0,0,0,1,1,1,1,46.36
11631,9000,2631,0.7738,30,0,0.0,100,11,0,1,0,1,1,0,1,0,42.55
13253,7500,5753,0.5659,30,0,100,100,15,0,0,0,0,0,1,1,0,55.97
5534,8500,2966,1.536,30,100,50.0,100,8,1,1,1,1,1,1,0,0,57.73
5363,1000,4363,0.1865,100,0,100.0,0,0,1,1,1,0,1,1,1,1,48.04
13663,8500,5163,0.6221,30,0,75.0,100,12,1,1,1,1,1,1,1,0,52.77
10636,10000,636,0.9402,100,100,100,100,8,0,0,0,0,1,1,1,1,96.33
14758,7000,7758,0.4743,30,0,100,100,14,0,0,0,0,1,1,1,0,54.39
9425,9500,75,1.008,30,100,100.0,100,9,0,1,0,0,1,1,0,0,83.61
11096,8500,2596,0.766,30,0,100,100,8,0,0,0,0,1,1,0,0,66.19
5126,10000,4874,1.9508,30,0,100.0,100,8,1,1,1,1,1,1,1,1,44.5
7953,1000,6953,0.1257,30,0,100.0,0,0,1,1,1,0,1,1,1,1,29.53
13515,11500,2015,0.8509,100,0,100.0,100,5,1,0,1,0,1,0,1,1,77.61
6049,10500,4451,1.7358,30,0,66.67,100,6,0,1,1,1,1,1,0,1,41.08
12381,11500,881,0.9288,30,100,100.0,100,5,0,0,1,0,1,0,1,1,81.08
12936,9500,3436,0.7344,30,0,100.0,100,4,0,0,1,1,1,0,1,1,62.76
6052,9000,2948,1.4871,30,100,50.0,100,11,1,1,1,1,1,0,1,0,62.51
7806,9000,1194,1.153,30,0,100.0,100,10,1,0,1,0,1,1,1,0,64.66
13509,10000,3509,0.7402,30,0,75.0,100,7,1,1,1,1,1,1,1,0,56.84
8636,10500,1864,1.2158,30,0,66.67,100,6,1,0,1,1,1,1,0,1,60.67
6892,12000,5108,1.7411,100,0,100.0,100,5,1,1,1,1,1,1,1,1,60.07
8307,10000,1693,1.2038,30,100,100.0,100,8,0,1,0,0,1,1,1,1,78.79
14210,9000,5210,0.6334,30,0,100,100,10,0,0,0,0,1,1,1,0,61.3
8612,11500,2888,1.3353,30,0,50.0,100,5,0,1,1,0,1,0,1,1,52.96
13651,9500,4151,0.6959,30,0,100.0,100,4,1,0,0,0,1,0,1,1,60.8
11024,7000,4024,0.635,30,0,100,100,20,0,0,0,0,0,1,1,0,59.65
11623,7500,4123,0.6453,30,0,50.0,100,15,1,0,1,0,0,1,1,0,52.7
12916,7000,5916,0.542,30,100,50.0,100,20,1,1,1,1,0,1,1,0,62.48
9374,7000,2374,0.7467,30,0,100,100,20,0,0,0,0,0,1,1,0,65.77
13229,13000,229,0.9827,30,0,100.0,80,3,1,0,1,0,1,1,1,1,67.12
13909,10000,3909,0.719,30,100,100,100,7,0,0,0,0,1,1,1,0,75.25
14062,13000,1062,0.9245,30,0,100.0,80,3,1,0,0,0,1,1,1,1,68.56
11324,7000,4324,0.6182,30,100,75.0,100,14,1,1,1,1,1,1,1,0,70.67
7352,10500,3148,1.4282,30,100,0.0,100,6,0,0,1,0,1,1,0,1,50.63
5496,6500,1004,1.1827,30,100,66.67,100,16,1,1,1,0,0,1,1,0,76.27
8673,10500,1827,1.2107,30,100,100,100,6,0,0,0,0,1,1,0,1,81.32
8060,9000,940,1.1166,30,0,100,100,11,0,0,0,0,1,0,1,0,68.75
14319,8500,5819,0.5936,100,100,100,100,8,0,0,0,0,1,1,0,0,90.57
13907,8500,5407,0.6112,30,0,75.0,100,12,1,1,1,1,1,1,1,0,55.49
7103,10500,3397,1.4782,30,0,100.0,100,6,1,1,0,0,1,1,0,1,58.57
8780,6500,2280,0.7403,30,100,66.67,100,16,1,1,1,0,0,1,1,0,74.31
14167,9500,4667,0.6706,30,100,100.0,100,4,0,0,1,1,1,0,1,1,78.23
6512,9000,2488,1.3821,30,0,100,100,11,0,0,0,0,1,0,1,0,62.07
9942,11500,1558,1.1567,30,0,100.0,100,5,1,0,1,1,1,0,1,1,66.22
8388,8000,388,0.9537,30,0,75.0,100,13,1,1,1,1,1,1,1,0,63.04
11615,8000,3615,0.6888,30,100,75.0,100,13,1,1,1,1,1,1,1,0,73.36
9124,10000,876,1.096,30,100,100.0,100,8,1,1,0,1,1,1,1,1,81.45
10678,7000,3678,0.6556,100,0,100.0,100,14,1,1,0,0,1,1,1,0,74.84
11742,11500,242,0.9794,30,0,75.0,100,5,1,1,1,1,1,0,1,1,64.89
13228,8500,4728,0.6426,100,0,100.0,100,8,0,1,0,0,1,1,0,0,76.8
5890,13000,7110,2.2071,30,100,100,80,3,0,0,0,0,1,1,1,1,50.87
6342,11000,4658,1.7345,30,100,100.0,100,10,1,1,1,1,1,1,1,1,61.26
13859,10000,3859,0.7216,100,0,100,100,8,0,0,0,0,1,1,1,1,78.4
7035,9000,1965,1.2793,30,0,50.0,100,11,1,1,1,1,1,0,1,0,49.93
8291,8500,209,1.0252,100,0,33.33,100,8,1,0,1,1,1,1,0,0,72.18
7178,8500,1322,1.1842,100,0,75.0,100,12,1,1,1,1,1,1,1,0,74.83
13141,14000,859,1.0654,30,0,100.0,100,4,0,0,0,1,1,1,1,1,66.47
8040,6500,1540,0.8085,30,100,33.33,100,16,1,1,0,1,0,1,1,0,66.82
5000,1000,4000,0.2,30,0,100,0,0,0,0,0,0,1,1,1,1,33.03
6615,10000,3385,1.5117,30,100,100.0,100,8,1,1,1,1,1,1,1,1,73.17
13357,7000,6357,0.5241,30,0,0.0,100,14,0,0,0,1,1,1,1,0,34.2
7649,9500,1851,1.242,30,100,66.67,100,9,1,1,0,1,1,1,0,0,72.52
6214,6500,286,1.046,30,0,33.33,100,16,1,1,0,1,0,1,1,0,54.54
13292,7000,6292,0.5266,30,0,100,100,20,0,0,0,0,0,1,1,0,53.82
11210,9500,1710,0.8475,30,0,100,100,9,0,0,0,0,1,1,0,0,67.07
8324,11000,2676,1.3215,30,100,100.0,100,10,1,1,1,0,1,1,1,1,74.61
6747,7000,253,1.0375,30,100,66.67,100,20,0,1,1,1,0,1,1,0,80.09
6860,10000,3140,1.4577,100,0,100.0,100,8,1,1,1,1,1,1,1,1,74.07
7347,9500,2153,1.293,30,0,100,100,4,0,0,0,0,1,0,1,1,59.69
8853,6500,2353,0.7342,30,0,50.0,100,16,1,1,1,1,0,1,1,0,51.01
10006,11000,994,1.0993,100,0,100.0,100,10,1,1,1,1,1,1,1,1,83.6
9259,10000,741,1.08,30,0,100.0,100,7,1,1,0,0,1,1,1,0,66.85
9801,1000,8801,0.102,30,100,100,0,0,0,0,0,0,1,1,1,1,45.69
5016,6500,1484,1.2959,30,100,0.0,100,16,1,0,0,0,0,1,1,0,57.81
6548,7500,952,1.1454,30,100,66.67,100,15,0,1,1,1,0,1,1,0,76.17
6854,7500,646,1.0943,30,0,100,100,15,0,0,0,0,0,1,1,0,65.65
7750,1000,6750,0.129,30,0,100.0,0,0,1,0,1,1,1,1,1,1,28.0
6373,10000,3627,1.5691,30,100,100.0,100,8,1,1,1,0,1,1,1,1,69.9
12762,7000,5762,0.5485,30,0,100.0,100,20,0,1,0,0,0,1,1,0,56.45
13990,7000,6990,0.5004,30,0,50.0,100,20,1,1,1,1,0,1,1,0,44.04
8146,9000,854,1.1048,30,0,75.0,100,10,1,1,1,1,1,1,1,0,62.21
6517,7000,483,1.0741,100,0,66.67,100,14,1,0,1,1,1,1,1,0,77.67
7845,8500,655,1.0835,30,0,100.0,100,12,1,0,1,0,1,1,1,0,69.82
7532,1000,6532,0.1328,30,0,100.0,0,0,0,0,1,1,1,1,1,1,27.67
10241,11500,1259,1.1229,30,0,100,100,5,0,0,0,0,1,0,1,1,68.55
14263,12000,2263,0.8413,30,0,100.0,100,5,0,1,1,0,1,1,1,1,64.36
10551,9500,1051,0.9004,30,0,50.0,100,9,1,0,0,1,1,1,0,0,55.84
9828,8000,1828,0.814,30,0,100,100,13,0,0,0,0,1,1,1,0,63.97
12902,9000,3902,0.6976,30,0,66.67,100,11,1,1,1,0,1,0,1,0,57.0
13893,7000,6893,0.5039,30,0,33.33,100,20,1,1,0,1,0,1,1,0,43.47
5480,9500,4020,1.7336,30,0,66.67,100,4,0,1,1,1,1,0,1,1,44.23
9021,8500,521,0.9422,30,100,100.0,100,12,1,1,1,0,1,1,1,0,83.14
12671,1000,11671,0.0789,30,0,100.0,0,0,1,1,0,1,1,1,1,1,29.67
7102,9500,2398,1.3377,30,100,66.67,100,9,1,1,0,1,1,1,0,0,69.14
11714,9500,2214,0.811,30,100,50.0,100,9,1,1,1,1,1,1,0,0,68.92
11444,10500,944,0.9175,100,0,75.0,100,6,1,1,1,1,1,1,0,1,75.69
13195,9500,3695,0.72,30,100,66.67,100,9,1,1,1,0,1,1,0,0,69.22
12757,13000,243,1.019,100,100,100,80,3,0,0,0,0,1,1,1,1,94.28
12076,12000,76,0.9937,30,0,100.0,100,5,0,1,1,0,1,1,1,1,72.03
5175,9000,3825,1.7391,30,100,100,100,11,0,0,0,0,1,0,1,0,62.12
8293,13000,4707,1.5676,30,0,100.0,80,3,0,1,1,0,1,1,1,1,53.35
10246,9500,746,0.9272,30,0,0.0,100,4,0,1,0,0,1,0,1,1,48.12
10212,7000,3212,0.6855,30,100,100,100,14,0,0,0,0,1,1,1,0,75.01
12523,1000,11523,0.0799,30,0,100.0,0,0,0,1,1,1,1,1,1,1,27.37
6810,10000,3190,1.4684,30,0,100,100,7,0,0,0,0,1,1,1,0,56.79
7301,8500,1199,1.1642,30,100,100.0,100,12,1,1,0,0,1,1,1,0,83.32
6990,8500,1510,1.216,30,100,100.0,100,8,0,1,0,0,1,1,0,0,80.59
14683,9500,5183,0.647,30,0,66.67,100,9,1,1,0,1,1,1,0,0,50.81
8002,9000,998,1.1247,30,0,0.0,100,11,0,0,0,1,1,0,1,0,47.45
10367,11000,633,1.0611,30,100,100,100,10,0,0,0,0,1,1,1,1,82.37
6334,13000,6666,2.0524,100,100,100.0,80,3,1,0,1,0,1,1,1,1,66.3
14474,7500,6974,0.5182,30,100,100,100,15,0,0,0,0,0,1,1,0,72.95
8554,9000,446,1.0521,30,0,50.0,100,11,1,1,0,0,1,0,1,0,61.67
9259,6500,2759,0.702,30,100,66.67,100,16,0,1,1,1,0,1,1,0,67.46
5354,11500,6146,2.1479,30,100,100.0,100,5,0,0,1,0,1,0,1,1,57.52
13920,1000,12920,0.0718,30,0,100.0,0,0,0,1,0,1,1,1,1,1,27.93
12900,9500,3400,0.7364,30,100,100.0,100,4,1,0,1,1,1,0,1,1,76.95
7784,9000,1216,1.1562,30,0,100.0,100,11,1,0,0,0,1,0,1,0,67.44
9136,8500,636,0.9304,30,0,100,100,8,0,0,0,0,1,1,0,0,66.29
5827,1000,4827,0.1716,100,100,100,0,0,0,0,0,0,1,1,1,1,59.46
7542,14000,6458,1.8563,30,0,100.0,100,4,1,1,1,1,1,1,1,1,45.38
14184,9000,5184,0.6345,30,0,33.33,100,11,1,1,0,1,1,0,1,0,46.27
11983,6500,5483,0.5424,30,0,0.0,100,16,0,0,0,1,0,1,1,0,39.01
10953,13000,2047,1.1869,30,0,100,80,3,0,0,0,0,1,1,1,1,64.17
14471,8500,5971,0.5874,30,100,100,100,12,0,0,0,0,1,1,1,0,74.33
11129,8500,2629,0.7638,30,0,66.67,100,12,1,1,0,1,1,1,1,0,55.85
8983,11000,2017,1.2245,30,0,100.0,100,10,0,0,0,1,1,1,1,1,65.35
6459,10500,4041,1.6256,30,100,75.0,100,6,1,1,1,1,1,1,0,1,62.97
9511,10000,489,1.0514,100,0,75.0,100,7,1,1,1,1,1,1,1,0,81.38
13084,8000,5084,0.6114,30,0,75.0,100,13,1,1,1,1,1,1,1,0,55.75
7337,9500,2163,1.2948,30,100,100.0,100,4,0,0,1,1,1,0,1,1,77.96
11366,11000,366,0.9678,30,0,100,100,10,0,0,0,0,1,1,1,1,67.33
6583,9500,2917,1.4431,30,100,100.0,100,4,0,0,1,0,1,0,1,1,69.92
7854,11000,3146,1.4006,100,0,100.0,100,10,0,1,0,0,1,1,1,1,72.54
5324,10000,4676,1.8783,30,0,100.0,100,7,0,1,1,0,1,1,1,0,42.77
13190,9500,3690,0.7202,30,100,50.0,100,9,1,1,1,1,1,1,0,0,70.59
12702,9500,3202,0.7479,30,100,50.0,100,4,1,1,0,0,1,0,1,1,68.52
10405,8000,2405,0.7689,30,0,75.0,100,13,1,1,1,1,1,1,1,0,57.56
6719,6500,219,0.9674,100,100,100,100,16,0,0,0,0,0,1,1,0,99.15
10760,6500,4260,0.6041,30,100,50.0,100,16,1,1,1,1,0,1,1,0,61.65
8561,10000,1439,1.1681,30,0,100,100,7,0,0,0,0,1,1,1,0,66.08
5019,6500,1481,1.2951,30,100,66.67,100,16,0,1,1,1,0,1,1,0,67.91
8073,10500,2427,1.3006,30,0,75.0,100,6,1,1,1,1,1,1,0,1,57.71
14514,7000,7514,0.4823,30,100,66.67,100,14,1,0,1,1,1,1,1,0,61.44
10634,6500,4134,0.6112,30,0,50.0,100,16,1,1,1,1,0,1,1,0,52.01
14700,12000,2700,0.8163,100,0,100.0,100,5,0,1,1,1,1,1,1,1,79.0
5567,11000,5433,1.9759,30,0,100.0,100,10,1,0,1,1,1,1,1,1,39.42
14352,10500,3852,0.7316,100,100,0.0,100,6,0,0,1,0,1,1,0,1,72.35
9933,10000,67,1.0067,100,100,100,100,7,0,0,0,0,1,1,1,0,100
5272,9500,4228,1.802,30,100,100,100,9,0,0,0,0,1,1,0,0,59.94
11828,6500,5328,0.5495,30,0,0.0,100,16,0,0,0,1,0,1,1,0,37.62
7828,8500,672,1.0858,30,0,66.67,100,8,1,1,0,1,1,1,0,0,62.07
5954,7500,1546,1.2597,30,100,100,100,15,0,0,0,0,0,1,1,0,81.15
13234,10500,2734,0.7934,30,0,50.0,100,6,0,1,1,0,1,1,0,1,52.83
12639,8000,4639,0.633,30,0,75.0,100,13,1,1,1,1,1,1,1,0,57.62
14479,7000,7479,0.4835,30,0,100,100,14,0,0,0,0,1,1,1,0,56.49
12012,12000,12,0.999,30,0,100.0,100,5,0,1,1,1,1,1,1,1,68.43
13862,8500,5362,0.6132,30,0,100.0,100,12,1,1,1,0,1,1,1,0,58.66
11369,8000,3369,0.7037,30,0,100,100,13,0,0,0,0,1,1,1,0,64.21
10213,11000,787,1.0771,100,0,100,100,10,0,0,0,0,1,1,1,1,83.89
13298,11500,1798,0.8648,30,0,100.0,100,5,0,0,1,0,1,0,1,1,63.95
11783,10500,1283,0.8911,30,0,100,100,6,0,0,0,0,1,1,0,1,69.12
10841,7000,3841,0.6457,30,100,100.0,100,20,0,1,0,0,0,1,1,0,73.06
5966,9000,3034,1.5085,30,0,50.0,100,11,1,1,1,1,1,0,1,0,44.55
14852,9500,5352,0.6396,30,0,100.0,100,9,1,1,0,0,1,1,0,0,62.93
8810,12000,3190,1.3621,30,0,100.0,100,5,0,0,1,1,1,1,1,1,58.42
8735,9000,265,1.0303,30,0,100,100,10,0,0,0,0,1,1,1,0,70.0
9579,13000,3421,1.3571,30,100,100.0,80,3,1,0,1,1,1,1,1,1,72.11
8914,9000,86,1.0096,30,0,100.0,100,11,1,0,0,0,1,0,1,0,68.45
11611,1000,10611,0.0861,30,100,100.0,0,0,1,1,1,1,1,1,1,1,42.36
5786,12000,6214,2.074,100,0,100.0,100,5,1,0,1,1,1,1,1,1,57.24
6125,9000,2875,1.4694,30,100,75.0,100,10,1,1,1,1,1,1,1,0,65.38
8602,11000,2398,1.2788,30,100,100.0,100,10,1,0,1,1,1,1,1,1,76.76
6384,9000,2616,1.4098,30,0,100.0,100,10,1,0,1,0,1,1,1,0,60.07
8774,7500,1274,0.8548,30,0,50.0,100,15,1,1,1,1,0,1,1,0,58.57
7165,14000,6835,1.9539,30,100,100.0,100,4,1,1,1,1,1,1,1,1,60.08
6207,10000,3793,1.6111,30,0,100,100,8,0,0,0,0,1,1,1,1,53.31
13205,6500,6705,0.4922,100,0,100,100,16,0,0,0,0,0,1,1,0,68.24
10693,14000,3307,1.3093,30,100,100.0,100,4,0,1,0,0,1,1,1,1,78.81
10705,9000,1705,0.8407,30,0,0.0,100,10,0,0,0,1,1,1,1,0,47.5
7544,7000,544,0.9279,30,0,100,100,14,0,0,0,0,1,1,1,0,67.06
13743,14000,257,1.0187,30,0,100.0,100,4,1,0,0,1,1,1,1,1,69.39
5068,11500,6432,2.2691,30,0,100,100,5,0,0,0,0,1,0,1,1,42.55
8131,7500,631,0.9224,30,100,33.33,100,15,1,0,1,1,0,1,1,0,69.99
9589,7500,2089,0.7821,30,0,50.0,100,15,1,0,1,0,0,1,1,0,52.2
11155,11000,155,0.9861,30,100,100.0,100,10,1,1,1,1,1,1,1,1,85.92
8618,7500,1118,0.8703,30,0,50.0,100,15,1,1,1,1,0,1,1,0,59.07
5367,10500,5133,1.9564,30,100,75.0,100,6,1,1,1,1,1,1,0,1,53.72
13994,11500,2494,0.8218,30,100,75.0,100,5,1,1,1,1,1,0,1,1,73.55
12191,7000,5191,0.5742,30,100,100,100,14,0,0,0,0,1,1,1,0,75.67
5986,6500,514,1.0859,100,100,50.0,100,16,1,1,1,1,0,1,1,0,89.49
6138,8500,2362,1.3848,30,0,100,100,12,0,0,0,0,1,1,1,0,56.54
10572,10000,572,0.9459,100,100,66.67,100,7,0,1,1,1,1,1,1,0,94.38
12945,9000,3945,0.6952,30,100,100,100,11,0,0,0,0,1,0,1,0,78.41
14245,14000,245,0.9828,30,100,100.0,100,4,0,1,0,1,1,1,1,1,88.24
5247,7500,2253,1.4294,30,0,100,100,15,0,0,0,0,0,1,1,0,60.92
5930,10000,4070,1.6863,30,0,100.0,100,7,0,0,1,0,1,1,1,0,52.22
12291,7000,5291,0.5695,30,0,0.0,100,20,1,0,0,0,0,1,1,0,38.35
10319,6500,3819,0.6299,30,100,50.0,100,16,1,1,1,1,0,1,1,0,64.66
10633,13000,2367,1.2226,30,0,100.0,80,3,0,1,1,0,1,1,1,1,62.84
12164,11500,664,0.9454,30,0,75.0,100,5,1,1,1,1,1,0,1,1,63.37
10181,7000,3181,0.6876,100,0,100,100,14,0,0,0,0,1,1,1,0,74.12
13440,12000,1440,0.8929,30,100,100.0,100,5,0,0,0,1,1,1,1,1,83.79
11470,9000,2470,0.7847,30,100,66.67,100,11,1,0,1,1,1,0,1,0,70.49
13752,9000,4752,0.6545,30,100,100.0,100,10,1,1,0,0,1,1,1,0,75.9
6770,6500,270,0.9601,30,100,50.0,100,16,1,1,1,1,0,1,1,0,75.43
7331,1000,6331,0.1364,30,0,100,0,0,0,0,0,0,1,1,1,1,32.1
8717,7000,1717,0.803,30,100,100,100,20,0,0,0,0,0,1,1,0,82.22
6834,8500,1666,1.2438,100,0,75.0,100,12,1,1,1,1,1,1,1,0,74.98
8721,7000,1721,0.8027,30,0,0.0,100,14,0,0,0,1,1,1,1,0,43.56
12372,9000,3372,0.7274,30,0,75.0,100,10,1,1,1,1,1,1,1,0,57.2
7848,7000,848,0.8919,30,0,100.0,100,14,1,0,0,0,1,1,1,0,70.09
6135,9500,3365,1.5485,100,100,50.0,100,9,1,1,1,1,1,1,0,0,71.3
8517,7500,1017,0.8806,30,0,50.0,100,15,1,1,1,1,0,1,1,0,58.77
7389,10500,3111,1.421,30,100,100.0,100,6,1,0,0,0,1,1,0,1,72.64
11641,8500,3141,0.7302,30,0,75.0,100,12,1,1,1,1,1,1,1,0,55.35
5242,8000,2758,1.5261,30,0,66.67,100,13,0,1,1,1,1,1,1,0,51.41
5581,10000,4419,1.7918,100,0,100,100,8,0,0,0,0,1,1,1,1,59.29
11369,7500,3869,0.6597,30,0,33.33,100,15,1,0,1,1,0,1,1,0,44.91
10492,8000,2492,0.7625,100,100,66.67,100,13,1,1,0,1,1,1,1,0,88.3
10759,7000,3759,0.6506,30,0,100,100,20,0,0,0,0,0,1,1,0,58.7
8918,10500,1582,1.1774,30,0,50.0,100,6,1,0,1,0,1,1,0,1,56.17
5405,8000,2595,1.4801,30,100,100.0,100,13,0,0,1,0,1,1,1,0,73.35
9156,7000,2156,0.7645,30,100,50.0,100,20,1,1,1,1,0,1,1,0,71.21
11774,8500,3274,0.7219,30,100,50.0,100,8,1,1,1,1,1,1,0,0,69.21
7495,10000,2505,1.3342,30,0,100.0,100,8,1,1,1,1,1,1,1,1,59.27
12981,9500,3481,0.7318,30,100,66.67,100,9,1,1,0,1,1,1,0,0,70.52
10642,7500,3142,0.7048,30,0,50.0,100,15,1,1,1,1,0,1,1,0,50.68
6349,10500,4151,1.6538,30,0,0.0,100,6,0,0,1,0,1,1,0,1,33.84
13842,7000,6842,0.5057,30,0,75.0,100,14,1,1,1,1,1,1,1,0,51.18
5218,10000,4782,1.9164,30,0,100.0,100,8,0,1,1,1,1,1,1,1,43.73
12588,1000,11588,0.0794,30,100,100,0,0,0,0,0,0,1,1,1,1,42.4
6174,8500,2326,1.3767,30,0,100,100,12,0,0,0,0,1,1,1,0,60.37
12254,6500,5754,0.5304,30,100,50.0,100,16,1,1,1,1,0,1,1,0,62.69
5605,9500,3895,1.6949,100,0,0.0,100,4,0,1,0,0,1,0,1,1,41.69
8719,1000,7719,0.1147,30,100,100.0,0,0,1,1,1,1,1,1,1,1,43.35
12098,8500,3598,0.7026,30,100,100,100,8,0,0,0,0,1,1,0,0,77.67
12026,7000,5026,0.5821,100,0,0.0,100,14,0,0,0,1,1,1,1,0,54.93
7583,9000,1417,1.1869,30,0,50.0,100,11,1,1,1,1,1,0,1,0,56.85
8227,9000,773,1.094,30,0,50.0,100,11,1,1,1,1,1,0,1,0,58.84
10219,7000,3219,0.685,30,0,50.0,100,20,1,1,1,1,0,1,1,0,54.5
7280,8000,720,1.0989,30,0,100,100,13,0,0,0,0,1,1,1,0,70.56
5730,7000,1270,1.2216,100,100,100.0,100,14,0,1,1,0,1,1,1,0,92.31
9796,7000,2796,0.7146,100,0,100,100,20,0,0,0,0,0,1,1,0,74.02
11214,7000,4214,0.6242,30,100,66.67,100,20,1,1,1,0,0,1,1,0,70.37
10469,9500,969,0.9074,30,0,50.0,100,4,0,1,0,1,1,0,1,1,58.23
10936,8500,2436,0.7772,100,0,100,100,12,0,0,0,0,1,1,1,0,75.91
8657,8500,157,0.9819,30,0,66.67,100,12,1,0,1,1,1,1,1,0,63.99
13887,13000,887,0.9361,30,0,100.0,80,3,1,1,0,1,1,1,1,1,65.15
8897,8500,397,0.9554,30,100,33.33,100,8,0,1,1,1,1,1,0,0,73.65
13518,11500,2018,0.8507,100,0,50.0,100,5,0,1,1,0,1,0,1,1,71.74
6100,14000,7900,2.2951,30,0,100,100,4,0,0,0,0,1,1,1,1,41.3
11314,7500,3814,0.6629,30,100,100,100,15,0,0,0,0,0,1,1,0,73.13
7464,1000,6464,0.134,30,0,100,0,0,0,0,0,0,1,1,1,1,28.63
11956,12000,44,1.0037,30,0,100,100,5,0,0,0,0,1,1,1,1,67.94
9168,1000,8168,0.1091,100,100,100.0,0,0,1,0,1,1,1,1,1,1,55.57
13122,8500,4622,0.6478,30,0,75.0,100,12,1,1,1,1,1,1,1,0,57.29
7642,8500,858,1.1123,100,100,50.0,100,8,1,1,1,1,1,1,0,0,86.94
13543,8500,5043,0.6276,30,0,50.0,100,12,0,0,1,1,1,1,1,0,51.51
6493,14000,7507,2.1562,30,0,100.0,100,4,1,1,0,1,1,1,1,1,43.69
14295,10000,4295,0.6995,30,100,50.0,100,7,1,0,0,1,1,1,1,0,64.0
10725,11500,775,1.0723,30,0,0.0,100,5,0,1,0,0,1,0,1,1,50.52
14042,10500,3542,0.7478,30,0,66.67,100,6,1,1,1,0,1,1,0,1,57.51
7808,9000,1192,1.1527,100,0,66.67,100,10,1,0,1,1,1,1,1,0,71.46
6744,9000,2256,1.3345,30,0,0.0,100,11,0,1,0,0,1,0,1,0,38.2
12341,12000,341,0.9724,30,0,100.0,100,5,0,1,0,1,1,1,1,1,72.53
7622,11500,3878,1.5088,30,0,100.0,100,5,0,0,1,0,1,0,1,1,58.35
11598,9000,2598,0.776,30,100,50.0,100,10,0,0,1,1,1,1,1,0,66.98
12856,10000,2856,0.7778,30,0,100.0,100,7,1,0,0,0,1,1,1,0,66.15
11322,13000,1678,1.1482,30,0,100.0,80,3,1,0,0,0,1,1,1,1,65.4
6453,12000,5547,1.8596,30,0,100.0,100,5,0,1,1,1,1,1,1,1,42.26
6918,9500,2582,1.3732,30,0,100,100,4,0,0,0,0,1,0,1,1,60.94
14613,11000,3613,0.7528,30,100,100,100,10,0,0,0,0,1,1,1,1,79.15
8790,7500,1290,0.8532,30,0,66.67,100,15,1,1,1,0,0,1,1,0,59.61
14727,8000,6727,0.5432,30,0,75.0,100,13,1,1,1,1,1,1,1,0,55.14
11669,9500,2169,0.8141,30,100,100,100,4,0,0,0,0,1,0,1,1,79.75
8591,11500,2909,1.3386,30,0,100,100,5,0,0,0,0,1,0,1,1,58.95
5458,8500,3042,1.5573,30,0,100.0,100,8,1,0,0,0,1,1,0,0,56.28
8107,7500,607,0.9251,30,0,50.0,100,15,0,0,1,1,0,1,1,0,57.22
13865,12000,1865,0.8655,30,100,100.0,100,5,1,1,1,1,1,1,1,1,84.51
10811,9500,1311,0.8787,30,0,100.0,100,9,0,1,0,0,1,1,0,0,64.68
10095,7000,3095,0.6934,30,0,66.67,100,14,1,0,1,1,1,1,1,0,56.29
5656,9000,3344,1.5912,30,100,100,100,10,0,0,0,0,1,1,1,0,70.71
13374,8000,5374,0.5982,30,100,75.0,100,13,1,1,1,1,1,1,1,0,67.32
13591,14000,409,1.0301,30,0,100,100,4,0,0,0,0,1,1,1,1,71.91
10146,7500,2646,0.7392,30,100,50.0,100,15,1,1,1,1,0,1,1,0,65.41
8790,8500,290,0.967,30,0,75.0,100,12,1,1,1,1,1,1,1,0,65.24
11252,8500,2752,0.7554,30,100,0.0,100,8,0,0,1,0,1,1,0,0,55.84
7706,10000,2294,1.2977,30,100,50.0,100,7,1,0,0,1,1,1,1,0,67.05
11943,7000,4943,0.5861,30,0,33.33,100,20,1,0,1,1,0,1,1,0,42.9
7130,7000,130,0.9818,30,0,0.0,100,20,0,0,0,1,0,1,1,0,50.63
12621,1000,11621,0.0792,30,0,100,0,0,0,0,0,0,1,1,1,1,27.9
6785,9500,2715,1.4001,30,0,100.0,100,4,1,0,0,0,1,0,1,1,59.76
12884,14000,1116,1.0866,30,0,100.0,100,4,0,1,0,0,1,1,1,1,70.72
11270,9000,2270,0.7986,100,0,75.0,100,10,1,1,1,1,1,1,1,0,75.17
11843,13000,1157,1.0977,30,100,100,80,3,0,0,0,0,1,1,1,1,78.67
10683,10000,683,0.9361,30,0,100.0,100,8,1,1,1,1,1,1,1,1,71.79
11110,14000,2890,1.2601,30,100,100.0,100,4,1,1,1,1,1,1,1,1,78.35
12213,1000,11213,0.0819,30,100,100.0,0,0,1,1,1,1,1,1,1,1,44.78
11126,10500,626,0.9437,30,0,100,100,6,0,0,0,0,1,1,0,1,71.8
6121,8500,2379,1.3887,30,0,50.0,100,8,1,1,1,1,1,1,0,0,48.98
8199,7500,699,0.9147,30,0,66.67,100,15,0,1,1,1,0,1,1,0,58.97
13271,7000,6271,0.5275,30,0,66.67,100,20,0,1,1,1,0,1,1,0,52.43
5266,9000,3734,1.7091,30,100,100,100,10,0,0,0,0,1,1,1,0,62.38
5549,6500,951,1.1714,30,0,0.0,100,16,1,0,0,1,0,1,1,0,48.13
11719,9000,2719,0.768,30,100,50.0,100,11,1,1,0,0,1,0,1,0,67.12
10625,10500,125,0.9882,30,0,50.0,100,6,0,0,1,1,1,1,0,1,60.5
9246,11500,2254,1.2438,30,0,50.0,100,5,1,1,0,0,1,0,1,1,51.32
13030,11000,2030,0.8442,30,0,100.0,100,10,0,1,0,0,1,1,1,1,65.35
5945,10000,4055,1.6821,30,0,100.0,100,8,1,1,1,1,1,1,1,1,49.23
9963,7000,2963,0.7026,30,100,50.0,100,20,1,1,1,1,0,1,1,0,66.57
7979,13000,5021,1.6293,30,0,100.0,80,3,0,0,1,1,1,1,1,1,50.31
13292,7000,6292,0.5266,30,100,100.0,100,14,1,0,0,0,1,1,1,0,71.32
7520,9000,1480,1.1968,30,100,0.0,100,11,0,1,0,0,1,0,1,0,60.99
9649,10000,351,1.0364,30,0,100.0,100,8,1,0,1,1,1,1,1,1,72.85
10682,7500,3182,0.7021,30,100,50.0,100,15,1,1,1,1,0,1,1,0,65.97
8781,12000,3219,1.3666,30,0,100.0,100,5,0,0,1,0,1,1,1,1,58.63
12706,12000,706,0.9444,30,0,100.0,100,5,1,1,1,0,1,1,1,1,68.81
10732,9000,1732,0.8386,30,0,50.0,100,11,1,1,1,1,1,0,1,0,55.95
13858,9000,4858,0.6494,30,0,50.0,100,11,1,1,1,1,1,0,1,0,49.71
7388,9000,1612,1.2182,30,100,66.67,100,11,1,1,1,0,1,0,1,0,73.65
14488,1000,13488,0.069,100,0,100.0,0,0,0,1,0,0,1,1,1,1,43.76
10815,11500,685,1.0633,30,0,100,100,5,0,0,0,0,1,0,1,1,67.61
14214,8500,5714,0.598,30,0,100,100,12,0,0,0,0,1,1,1,0,59.8
12474,8500,3974,0.6814,30,0,66.67,100,12,1,1,0,1,1,1,1,0,55.03
14835,11000,3835,0.7415,30,0,100.0,100,10,1,0,1,1,1,1,1,1,60.29
8411,10000,1589,1.1889,30,0,100,100,8,0,0,0,0,1,1,1,1,64.1
14541,7000,7541,0.4814,30,100,66.67,100,14,0,1,1,1,1,1,1,0,62.49
5541,7000,1459,1.2633,30,100,100.0,100,14,1,1,1,0,1,1,1,0,75.66
8713,9500,787,1.0903,100,100,50.0,100,9,1,1,1,1,1,1,0,0,88.95
9884,9500,384,0.9611,30,0,50.0,100,4,0,1,0,1,1,0,1,1,61.98
10544,9000,1544,0.8536,30,0,33.33,100,11,0,1,1,1,1,0,1,0,51.32
8831,8500,331,0.9625,30,0,100.0,100,12,1,1,1,0,1,1,1,0,71.68
6519,8000,1481,1.2272,30,0,100,100,13,0,0,0,0,1,1,1,0,64.63
7185,10500,3315,1.4614,30,0,75.0,100,6,1,1,1,1,1,1,0,1,53.59
11758,9000,2758,0.7654,30,0,66.67,100,10,1,1,0,1,1,1,1,0,57.37
10030,9500,530,0.9472,30,0,50.0,100,9,0,1,0,1,1,1,0,0,58.73
6080,14000,7920,2.3026,30,0,100.0,100,4,1,1,1,0,1,1,1,1,41.44
6678,8000,1322,1.198,30,0,66.67,100,13,1,1,0,1,1,1,1,0,55.92
12111,8500,3611,0.7018,30,100,75.0,100,12,1,1,1,1,1,1,1,0,73.58
8433,7500,933,0.8894,30,100,100.0,100,15,0,1,0,0,0,1,1,0,79.96
9712,12000,2288,1.2356,30,0,100.0,100,5,1,1,1,0,1,1,1,1,66.73
9275,10000,725,1.0782,30,100,100.0,100,8,0,0,0,1,1,1,1,1,83.78
14520,7000,7520,0.4821,30,100,66.67,100,14,1,0,1,1,1,1,1,0,63.81
7265,10000,2735,1.3765,30,0,100.0,100,8,0,1,0,1,1,1,1,1,57.36
6459,9000,2541,1.3934,30,0,66.67,100,10,0,1,1,1,1,1,1,0,53.35
8659,11500,2841,1.3281,30,100,100.0,100,5,1,0,0,1,1,0,1,1,73.38
11058,6500,4558,0.5878,30,0,50.0,100,16,1,0,1,0,0,1,1,0,49.94
9317,14000,4683,1.5026,30,0,100.0,100,4,1,1,1,0,1,1,1,1,57.25
10907,7000,3907,0.6418,30,100,0.0,100,20,1,0,0,0,0,1,1,0,53.08
9330,9500,170,1.0182,30,0,100.0,100,9,1,1,0,0,1,1,0,0,69.29
5287,7000,1713,1.324,30,0,100,100,14,0,0,0,0,1,1,1,0,61.44
14981,10000,4981,0.6675,30,0,100,100,8,0,0,0,0,1,1,1,1,61.76
6910,7000,90,1.013,30,0,100,100,14,0,0,0,0,1,1,1,0,70.41
5400,12000,6600,2.2222,30,0,100,100,5,0,0,0,0,1,1,1,1,38.28
11864,9500,2364,0.8007,30,0,66.67,100,9,1,1,1,0,1,1,0,0,60.13
13097,9500,3597,0.7254,100,100,100,100,9,0,0,0,0,1,1,0,0,90.22
9109,11500,2391,1.2625,30,0,100.0,100,5,1,0,0,0,1,0,1,1,65.34
5614,7500,1886,1.3359,30,100,33.33,100,15,1,0,1,1,0,1,1,0,63.08
7366,6500,866,0.8824,30,0,50.0,100,16,1,1,1,1,0,1,1,0,56.58
8135,9500,1365,1.1678,100,100,50.0,100,9,1,1,1,1,1,1,0,0,82.14
9719,10000,281,1.0289,30,0,100.0,100,8,1,0,0,1,1,1,1,1,68.3
10260,12000,1740,1.1696,30,0,100.0,100,5,1,1,1,1,1,1,1,1,66.5
12092,8500,3592,0.7029,30,0,75.0,100,12,1,1,1,1,1,1,1,0,55.18
10506,9500,1006,0.9042,30,100,50.0,100,4,1,1,0,0,1,0,1,1,72.63
13782,7500,6282,0.5442,30,0,0.0,100,15,0,0,0,1,0,1,1,0,37.98
5872,9000,3128,1.5327,30,100,66.67,100,10,1,1,0,1,1,1,1,0,65.07
6708,10000,3292,1.4908,30,0,100.0,100,8,1,0,1,1,1,1,1,1,57.28
12022,8500,3522,0.707,30,0,75.0,100,12,1,1,1,1,1,1,1,0,57.29
5175,10000,4825,1.9324,30,100,75.0,100,7,1,1,1,1,1,1,1,0,51.2
8085,7500,585,0.9276,30,0,50.0,100,15,1,1,1,1,0,1,1,0,58.86
10981,9500,1481,0.8651,100,0,50.0,100,9,0,1,0,1,1,1,0,0,69.38
11725,13000,1275,1.1087,30,0,100.0,80,3,1,1,1,0,1,1,1,1,66.97
10650,7000,3650,0.6573,30,0,0.0,100,20,1,0,0,0,0,1,1,0,41.65
13657,12000,1657,0.8787,100,0,100.0,100,5,0,1,1,1,1,1,1,1,78.89
5827,9500,3673,1.6303,30,0,100,100,9,0,0,0,0,1,1,0,0,49.5
13289,9000,4289,0.6773,100,100,50.0,100,10,0,0,1,1,1,1,1,0,80.82
8246,14000,5754,1.6978,30,0,100.0,100,4,1,1,1,0,1,1,1,1,50.11
6589,12000,5411,1.8212,100,100,100.0,100,5,1,0,0,1,1,1,1,1,77.55
8775,9000,225,1.0256,30,0,75.0,100,10,1,1,1,1,1,1,1,0,63.25
11144,7000,4144,0.6281,30,0,100.0,100,20,0,1,0,0,0,1,1,0,59.86
8212,11500,3288,1.4004,30,0,66.67,100,5,0,1,1,1,1,0,1,1,51.32
12127,11000,1127,0.9071,30,0,100.0,100,10,1,1,1,1,1,1,1,1,69.92
13480,13000,480,0.9644,30,0,100,80,3,0,0,0,0,1,1,1,1,69.6
13188,7000,6188,0.5308,30,0,0.0,100,14,0,0,0,1,1,1,1,0,37.55
8168,10500,2332,1.2855,100,100,75.0,100,6,1,1,1,1,1,1,0,1,86.96
6897,1000,5897,0.145,100,0,100.0,0,0,1,1,1,1,1,1,1,1,43.24
8048,11500,3452,1.4289,30,100,75.0,100,5,1,1,1,1,1,0,1,1,69.14
10557,8000,2557,0.7578,30,100,100,100,13,0,0,0,0,1,1,1,0,77.94
5392,7500,2108,1.3909,30,100,100.0,100,15,0,0,1,0,0,1,1,0,72.35
14258,9500,4758,0.6663,30,0,100.0,100,4,1,0,0,1,1,0,1,1,59.6
8127,9500,1373,1.1689,100,0,50.0,100,9,1,1,1,1,1,1,0,0,68.61
8451,7500,951,0.8875,30,100,100,100,15,0,0,0,0,0,1,1,0,83.6
6428,14000,7572,2.178,30,0,100.0,100,4,1,1,1,0,1,1,1,1,43.79
7173,10000,2827,1.3941,30,100,75.0,100,7,1,1,1,1,1,1,1,0,70.86
14301,10500,3801,0.7342,100,100,75.0,100,6,1,1,1,1,1,1,0,1,85.08
14953,7000,7953,0.4681,30,100,100.0,100,14,1,0,0,0,1,1,1,0,69.47
13911,9500,4411,0.6829,30,0,50.0,100,9,1,0,1,0,1,1,0,0,51.03
13113,8500,4613,0.6482,30,100,66.67,100,12,1,0,1,1,1,1,1,0,67.78
14635,8500,6135,0.5808,30,100,100,100,12,0,0,0,0,1,1,1,0,75.7
9196,7500,1696,0.8156,30,0,0.0,100,15,1,0,0,0,0,1,1,0,47.15
6637,8500,1863,1.2807,30,0,100.0,100,8,0,1,0,0,1,1,0,0,63.27
7032,9500,2468,1.351,30,100,100,100,4,0,0,0,0,1,0,1,1,72.89
14597,11000,3597,0.7536,30,100,100.0,100,10,1,0,0,1,1,1,1,1,81.42
9537,9500,37,0.9961,30,0,75.0,100,4,1,1,1,1,1,0,1,1,67.37
11166,8000,3166,0.7165,30,0,100,100,13,0,0,0,0,1,1,1,0,62.66
11610,14000,2390,1.2059,30,100,100.0,100,4,0,0,0,1,1,1,1,1,79.21
6348,7500,1152,1.1815,30,0,0.0,100,15,1,0,0,0,0,1,1,0,45.95
6556,9500,2944,1.4491,30,0,75.0,100,4,1,1,1,1,1,0,1,1,51.7
12472,9500,2972,0.7617,30,0,0.0,100,4,0,1,0,0,1,0,1,1,43.7
7478,9500,2022,1.2704,30,0,33.33,100,9,0,1,1,1,1,1,0,0,47.86
7590,8500,910,1.1199,100,0,66.67,100,12,0,1,1,1,1,1,1,0,74.31
11493,14000,2507,1.2181,30,0,100.0,100,4,1,1,1,1,1,1,1,1,66.42
6549,13000,6451,1.985,30,100,100.0,80,3,1,1,0,1,1,1,1,1,54.34
10847,10000,847,0.9219,100,100,100,100,7,0,0,0,0,1,1,1,0,95.39
7617,9500,1883,1.2472,30,100,100.0,100,4,1,0,0,1,1,0,1,1,81.25
6586,9000,2414,1.3665,30,100,0.0,100,10,0,0,0,1,1,1,1,0,55.51
6877,13000,6123,1.8904,30,0,100.0,80,3,1,0,0,1,1,1,1,1,41.27
12992,7000,5992,0.5388,30,0,0.0,100,20,1,0,0,0,0,1,1,0,37.27
14499,9000,5499,0.6207,30,100,50.0,100,10,0,1,0,1,1,1,1,0,67.37
9006,1000,8006,0.111,30,0,100,0,0,0,0,0,0,1,1,1,1,31.58
12697,10500,2197,0.827,30,100,100,100,6,0,0,0,0,1,1,0,1,78.05
9294,8000,1294,0.8608,30,100,100,100,13,0,0,0,0,1,1,1,0,82.78
14103,8500,5603,0.6027,30,0,0.0,100,8,0,0,0,1,1,1,0,0,41.68
12731,7000,5731,0.5498,100,0,100.0,100,14,1,1,1,0,1,1,1,0,69.45
14701,7500,7201,0.5102,30,0,50.0,100,15,1,0,1,0,0,1,1,0,47.45
9015,7500,1515,0.8319,30,0,50.0,100,15,1,0,1,0,0,1,1,0,55.93
5299,13000,7701,2.4533,30,0,100.0,80,3,0,0,0,1,1,1,1,1,36.09
13235,8500,4735,0.6422,30,0,50.0,100,12,0,0,1,1,1,1,1,0,50.17
14592,9500,5092,0.651,30,0,0.0,100,9,0,0,1,1,1,1,0,0,42.42
8628,13000,4372,1.5067,30,0,100.0,80,3,0,0,0,1,1,1,1,1,51.57
9016,11500,2484,1.2755,100,100,100,100,5,0,0,0,0,1,0,1,1,93.77
13341,9500,3841,0.7121,30,0,50.0,100,9,1,0,0,1,1,1,0,0,54.96
6662,1000,5662,0.1501,30,0,100.0,0,0,1,0,1,1,1,1,1,1,28.83
14917,9000,5917,0.6033,30,0,75.0,100,10,1,1,1,1,1,1,1,0,55.68
11489,11500,11,1.001,100,100,66.67,100,5,1,1,1,0,1,0,1,1,93.61
11304,7500,3804,0.6635,30,0,66.67,100,15,1,1,1,0,0,1,1,0,53.52
12737,7000,5737,0.5496,30,100,50.0,100,14,1,0,0,1,1,1,1,0,63.51
7537,10000,2463,1.3268,30,0,100.0,100,8,0,0,1,0,1,1,1,1,61.13
12763,9000,3763,0.7052,30,100,50.0,100,11,0,1,1,0,1,0,1,0,65.16
8277,13000,4723,1.5706,30,100,100.0,80,3,1,1,0,1,1,1,1,1,68.41
10669,10500,169,0.9842,100,100,75.0,100,6,1,1,1,1,1,1,0,1,93.63
5087,8000,2913,1.5726,30,100,100.0,100,13,0,0,1,0,1,1,1,0,68.87
7526,13000,5474,1.7273,30,100,100.0,80,3,1,0,0,1,1,1,1,1,61.3
10377,8500,1877,0.8191,30,0,0.0,100,8,0,0,0,1,1,1,0,0,44.65
8110,11500,3390,1.418,30,0,100,100,5,0,0,0,0,1,0,1,1,57.42
10247,11500,1253,1.1223,30,100,75.0,100,5,1,1,1,1,1,0,1,1,76.05
9173,9500,327,1.0356,30,0,100.0,100,9,0,1,0,0,1,1,0,0,68.27
7093,7000,93,0.9869,30,0,50.0,100,20,0,0,1,1,0,1,1,0,58.95
13336,7000,6336,0.5249,30,0,66.67,100,14,1,1,0,1,1,1,1,0,49.88
13040,10000,3040,0.7669,30,0,100.0,100,8,1,1,1,1,1,1,1,1,64.05
10331,8500,1831,0.8228,30,0,0.0,100,8,0,0,0,1,1,1,0,0,45.09
9681,1000,8681,0.1033,30,0,100,0,0,0,0,0,0,1,1,1,1,29.55
14565,9500,5065,0.6522,30,0,50.0,100,9,0,1,1,0,1,1,0,0,47.85
10391,8500,1891,0.818,30,0,66.67,100,12,1,0,1,1,1,1,1,0,61.85
14001,10000,4001,0.7142,30,100,100.0,100,8,1,1,1,0,1,1,1,1,79.75
13268,14000,732,1.0552,30,0,100.0,100,4,0,1,1,1,1,1,1,1,68.03
14548,6500,8048,0.4468,30,0,100,100,16,0,0,0,0,0,1,1,0,53.48
13319,10000,3319,0.7508,30,0,100.0,100,8,1,1,1,1,1,1,1,1,62.0
6432,11000,4568,1.7102,30,0,100,100,10,0,0,0,0,1,1,1,1,49.97
9352,10500,1148,1.1228,30,0,75.0,100,6,1,1,1,1,1,1,0,1,63.85
5588,10000,4412,1.7895,100,0,100.0,100,7,1,0,1,0,1,1,1,0,63.25
10628,8000,2628,0.7527,30,100,50.0,100,13,0,0,1,1,1,1,1,0,69.47
14245,8500,5745,0.5967,30,0,66.67,100,12,1,1,0,1,1,1,1,0,49.56
6808,8500,1692,1.2485,30,100,75.0,100,12,1,1,1,1,1,1,1,0,71.73
9621,8500,1121,0.8835,30,0,100,100,12,0,0,0,0,1,1,1,0,68.39
14866,13000,1866,0.8745,30,0,100.0,80,3,0,1,0,1,1,1,1,1,62.14
5047,10500,5453,2.0804,100,0,100,100,6,0,0,0,0,1,1,0,1,55.18
14648,7000,7648,0.4779,100,100,50.0,100,20,1,0,1,0,0,1,1,0,74.61
7080,6500,580,0.9181,30,100,50.0,100,16,1,1,1,1,0,1,1,0,71.62
14090,13000,1090,0.9226,30,0,100.0,80,3,1,1,1,1,1,1,1,1,67.47
13361,7000,6361,0.5239,30,0,100.0,100,20,0,0,1,0,0,1,1,0,55.01
12320,13000,680,1.0552,100,0,100.0,80,3,1,1,1,1,1,1,1,1,78.37
10000,10500,500,1.05,30,0,0.0,100,6,0,0,1,0,1,1,0,1,47.89
9397,10500,1103,1.1174,30,100,50.0,100,6,1,0,1,0,1,1,0,1,72.61
14754,10000,4754,0.6778,30,100,100,100,8,0,0,0,0,1,1,1,1,77.75
9352,9000,352,0.9624,30,100,50.0,100,11,1,1,1,1,1,0,1,0,73.48
14822,13000,1822,0.8771,30,0,100,80,3,0,0,0,0,1,1,1,1,66.55
11600,1000,10600,0.0862,30,0,100.0,0,0,1,1,1,1,1,1,1,1,30.56
6216,10500,4284,1.6892,30,0,100.0,100,6,1,0,0,0,1,1,0,1,48.16
8302,8500,198,1.0238,30,100,100,100,8,0,0,0,0,1,1,0,0,88.19
8727,12000,3273,1.375,30,0,100.0,100,5,1,1,1,0,1,1,1,1,59.22
9284,9000,284,0.9694,30,100,75.0,100,10,1,1,1,1,1,1,1,0,79.71
7879,7500,379,0.9519,30,0,0.0,100,15,1,0,0,0,0,1,1,0,50.4
7161,8500,1339,1.187,30,0,100.0,100,12,1,1,1,0,1,1,1,0,65.1
5357,9000,3643,1.68,30,100,33.33,100,11,1,1,0,1,1,0,1,0,50.99
10338,8500,1838,0.8222,100,100,100,100,8,0,0,0,0,1,1,0,0,97.53
7252,9000,1748,1.241,30,0,100,100,11,0,0,0,0,1,0,1,0,64.1
12542,7000,5542,0.5581,30,0,66.67,100,20,0,1,1,1,0,1,1,0,49.61
5816,8000,2184,1.3755,30,100,100,100,13,0,0,0,0,1,1,1,0,73.28
10185,13000,2815,1.2764,30,0,100.0,80,3,1,0,0,0,1,1,1,1,58.86
5715,7000,1285,1.2248,30,0,33.33,100,20,1,1,0,1,0,1,1,0,50.73
5199,8500,3301,1.6349,30,0,50.0,100,12,1,0,0,1,1,1,1,0,44.11
13891,6500,7391,0.4679,30,100,50.0,100,16,1,1,1,1,0,1,1,0,61.41
13019,9000,4019,0.6913,30,0,75.0,100,10,1,1,1,1,1,1,1,0,55.24
14606,11000,3606,0.7531,30,100,100.0,100,10,0,1,1,1,1,1,1,1,76.61
9985,9000,985,0.9014,30,0,100.0,100,10,1,0,0,0,1,1,1,0,65.27
10753,9000,1753,0.837,30,0,66.67,100,10,1,0,1,1,1,1,1,0,58.21
7213,14000,6787,1.9409,30,0,100.0,100,4,1,1,1,1,1,1,1,1,44.3
9996,9000,996,0.9004,30,0,33.33,100,11,0,1,1,1,1,0,1,0,56.54
13254,1000,12254,0.0754,30,0,100.0,0,0,1,1,0,0,1,1,1,1,28.68
5375,8500,3125,1.5814,100,0,33.33,100,8,1,0,1,1,1,1,0,0,52.21
6960,9000,2040,1.2931,30,100,100.0,100,11,1,0,1,0,1,0,1,0,76.91
14727,11000,3727,0.7469,30,0,100.0,100,10,1,1,1,1,1,1,1,1,65.31
13566,9000,4566,0.6634,30,0,75.0,100,10,1,1,1,1,1,1,1,0,53.72
14116,7000,7116,0.4959,30,0,33.33,100,20,1,1,0,1,0,1,1,0,44.4
14950,7500,7450,0.5017,30,0,0.0,100,15,1,0,0,0,0,1,1,0,35.24
14760,7500,7260,0.5081,30,0,50.0,100,15,1,1,1,1,0,1,1,0,48.28
5675,11500,5825,2.0264,30,0,75.0,100,5,1,1,1,1,1,0,1,1,33.85
14775,12000,2775,0.8122,30,0,100.0,100,5,0,0,0,1,1,1,1,1,68.25
5514,11000,5486,1.9949,30,100,100.0,100,10,1,1,1,1,1,1,1,1,56.98
10246,9500,746,0.9272,30,0,50.0,100,9,1,1,1,1,1,1,0,0,57.36
9471,7500,1971,0.7919,30,0,50.0,100,15,1,0,1,0,0,1,1,0,52.58
5982,1000,4982,0.1672,30,100,100.0,0,0,1,0,1,1,1,1,1,1,46.32
14715,9000,5715,0.6116,30,0,100,100,11,0,0,0,0,1,0,1,0,58.29
5663,10000,4337,1.7658,30,0,100.0,100,7,0,0,1,0,1,1,1,0,51.02
14303,9000,5303,0.6292,30,0,50.0,100,11,1,1,1,1,1,0,1,0,48.87
11193,9500,1693,0.8487,100,0,100,100,4,0,0,0,0,1,0,1,1,78.14
13876,9500,4376,0.6846,30,0,100,100,4,0,0,0,0,1,0,1,1,63.53
7155,10500,3345,1.4675,30,0,100.0,100,6,1,0,0,0,1,1,0,1,56.51
12306,8500,3806,0.6907,30,100,100,100,8,0,0,0,0,1,1,0,0,78.18
14329,8500,5829,0.5932,100,0,100,100,8,0,0,0,0,1,1,0,0,71.6
10980,8500,2480,0.7741,100,100,100.0,100,12,0,1,1,0,1,1,1,0,90.75
8372,8000,372,0.9556,30,100,50.0,100,13,0,1,0,1,1,1,1,0,75.36
5511,12000,6489,2.1775,30,0,100.0,100,5,0,1,0,1,1,1,1,1,39.19
8127,8500,373,1.0459,30,100,66.67,100,8,1,1,1,0,1,1,0,0,75.93
12323,7000,5323,0.568,30,0,100.0,100,14,1,1,0,0,1,1,1,0,57.91
7044,8500,1456,1.2067,30,0,0.0,100,8,0,0,1,0,1,1,0,0,45.91
9584,10000,416,1.0434,30,0,100.0,100,8,1,1,0,1,1,1,1,1,71.49
14223,8500,5723,0.5976,30,100,33.33,100,8,0,1,1,1,1,1,0,0,61.37
5673,1000,4673,0.1763,100,0,100.0,0,0,0,1,0,0,1,1,1,1,46.61
11930,9000,2930,0.7544,30,100,0.0,100,11,0,1,0,0,1,0,1,0,59.34
12901,14000,1099,1.0852,30,0,100.0,100,4,1,1,1,1,1,1,1,1,67.91
12167,9000,3167,0.7397,30,0,100,100,11,0,0,0,0,1,0,1,0,63.31
11260,8500,2760,0.7549,30,100,50.0,100,8,0,1,1,0,1,1,0,0,68.13
13789,7500,6289,0.5439,30,0,100,100,15,0,0,0,0,0,1,1,0,56.5
8356,8500,144,1.0172,30,100,100,100,12,0,0,0,0,1,1,1,0,86.09
11566,10500,1066,0.9078,30,100,75.0,100,6,1,1,1,1,1,1,0,1,80.99
14030,8000,6030,0.5702,30,100,0.0,100,13,0,0,0,1,1,1,1,0,51.71
6266,8000,1734,1.2767,100,0,66.67,100,13,0,1,1,1,1,1,1,0,68.56
6468,9000,2532,1.3915,30,0,100.0,100,11,1,0,1,0,1,0,1,0,61.65
5525,8500,2975,1.5385,30,0,50.0,100,8,1,1,1,1,1,1,0,0,42.37
5472,9500,4028,1.7361,30,0,100,100,9,0,0,0,0,1,1,0,0,46.95
5028,11000,5972,2.1877,100,0,100.0,100,10,1,1,1,1,1,1,1,1,54.13
6768,7000,232,1.0343,30,100,50.0,100,20,1,1,1,1,0,1,1,0,77.53
8818,10000,1182,1.134,30,0,100.0,100,8,1,1,1,0,1,1,1,1,68.7
6766,13000,6234,1.9214,100,0,100,80,3,0,0,0,0,1,1,1,1,52.68
12622,9000,3622,0.713,30,0,66.67,100,10,1,0,1,1,1,1,1,0,58.32
6561,13000,6439,1.9814,30,0,100,80,3,0,0,0,0,1,1,1,1,38.3
8071,11000,2929,1.3629,30,0,100.0,100,10,1,1,1,0,1,1,1,1,60.38
9024,6500,2524,0.7203,100,0,0.0,100,16,1,0,0,0,0,1,1,0,56.17
6506,9500,2994,1.4602,30,0,100.0,100,9,0,1,0,0,1,1,0,0,58.43
11188,9000,2188,0.8044,30,0,75.0,100,10,1,1,1,1,1,1,1,0,61.22
13858,11500,2358,0.8298,30,0,0.0,100,5,0,1,0,0,1,0,1,1,45.69
10453,11000,547,1.0523,30,0,100.0,100,10,1,0,1,1,1,1,1,1,69.53
14405,8500,5905,0.5901,30,0,66.67,100,12,1,1,0,1,1,1,1,0,50.98
12005,7000,5005,0.5831,100,100,66.67,100,20,0,1,1,1,0,1,1,0,83.37
13901,10500,3401,0.7553,30,0,66.67,100,6,1,0,1,1,1,1,0,1,58.14
13234,8500,4734,0.6423,30,0,75.0,100,12,1,1,1,1,1,1,1,0,52.35
14688,9000,5688,0.6127,30,100,100,100,11,0,0,0,0,1,0,1,0,74.16
7879,7000,879,0.8884,100,100,100.0,100,14,1,0,1,0,1,1,1,0,97.45
9392,6500,2892,0.6921,30,0,33.33,100,16,1,0,1,1,0,1,1,0,48.4
10423,9000,1423,0.8635,30,0,100.0,100,10,1,1,1,0,1,1,1,0,68.49
9275,10000,725,1.0782,30,0,100,100,7,0,0,0,0,1,1,1,0,69.77
6511,11000,4489,1.6894,30,0,100,100,10,0,0,0,0,1,1,1,1,53.29
12381,9500,2881,0.7673,30,0,50.0,100,4,0,1,0,1,1,0,1,1,52.17
6413,11500,5087,1.7932,30,0,100.0,100,5,1,0,0,0,1,0,1,1,45.71
11859,10000,1859,0.8432,30,0,100.0,100,8,1,1,0,0,1,1,1,1,69.01
10941,14000,3059,1.2796,30,0,100,100,4,0,0,0,0,1,1,1,1,64.49
14213,11000,3213,0.7739,30,100,100.0,100,10,1,0,0,0,1,1,1,1,77.35
14586,10500,4086,0.7199,30,0,75.0,100,6,1,1,1,1,1,1,0,1,58.38
9271,10000,729,1.0786,100,100,100.0,100,8,1,1,1,1,1,1,1,1,99.46
7922,1000,6922,0.1262,30,0,100.0,0,0,1,1,0,1,1,1,1,1,28.92
9972,11000,1028,1.1031,100,0,100.0,100,10,1,1,1,0,1,1,1,1,84.5
10406,10000,406,0.961,30,0,75.0,100,7,1,1,1,1,1,1,1,0,66.44
7179,9500,2321,1.3233,30,0,100.0,100,4,0,0,1,1,1,0,1,1,63.48
8541,9500,959,1.1123,30,0,100.0,100,9,0,1,0,0,1,1,0,0,65.45
5075,7500,2425,1.4778,30,100,50.0,100,15,1,0,1,0,0,1,1,0,60.68
5561,6500,939,1.1689,30,0,100,100,16,0,0,0,0,0,1,1,0,63.22
8752,9000,248,1.0283,30,0,66.67,100,11,1,0,1,1,1,0,1,0,64.67
13993,14000,7,1.0005,30,0,100.0,100,4,0,0,1,0,1,1,1,1,71.32
12739,14000,1261,1.099,30,0,100,100,4,0,0,0,0,1,1,1,1,69.27
7794,11500,3706,1.4755,30,0,100.0,100,5,1,0,0,0,1,0,1,1,55.98
5369,10000,4631,1.8625,30,100,100.0,100,8,1,0,0,1,1,1,1,1,58.74
12825,11000,1825,0.8577,30,0,100.0,100,10,1,1,0,1,1,1,1,1,67.26
6526,14000,7474,2.1453,30,0,100.0,100,4,1,1,1,1,1,1,1,1,40.51
5675,14000,8325,2.467,30,0,100.0,100,4,1,1,1,1,1,1,1,1,38.62
5365,7000,1635,1.3048,30,0,50.0,100,20,1,1,1,1,0,1,1,0,50.55
13288,8500,4788,0.6397,30,100,75.0,100,12,1,1,1,1,1,1,1,0,69.96
11038,9500,1538,0.8607,30,100,75.0,100,4,1,1,1,1,1,0,1,1,75.35
11032,10500,532,0.9518,30,0,100.0,100,6,1,1,0,0,1,1,0,1,71.78
13841,9000,4841,0.6502,30,100,33.33,100,11,0,1,1,1,1,0,1,0,59.89
14560,12000,2560,0.8242,30,100,100.0,100,5,1,1,1,1,1,1,1,1,82.9
7911,10000,2089,1.2641,30,0,100,100,7,0,0,0,0,1,1,1,0,63.38
12862,7500,5362,0.5831,30,0,100.0,100,15,0,0,1,0,0,1,1,0,55.98
13358,1000,12358,0.0749,30,0,100.0,0,0,0,1,0,1,1,1,1,1,28.18
11916,9500,2416,0.7972,30,0,100.0,100,4,1,0,0,0,1,0,1,1,63.24
10321,9000,1321,0.872,30,0,75.0,100,10,1,1,1,1,1,1,1,0,62.04
10920,11000,80,1.0073,30,0,100.0,100,10,0,1,1,1,1,1,1,1,68.92
14036,8500,5536,0.6056,30,0,100,100,8,0,0,0,0,1,1,0,0,59.84
8715,9500,785,1.0901,30,100,50.0,100,9,1,1,1,1,1,1,0,0,70.77
8845,9000,155,1.0175,30,0,100.0,100,10,1,0,1,0,1,1,1,0,70.03
13148,7000,6148,0.5324,30,0,100.0,100,14,1,0,0,0,1,1,1,0,54.81
12828,10000,2828,0.7795,30,100,100.0,100,8,0,1,1,1,1,1,1,1,80.51
8020,7500,520,0.9352,30,0,66.67,100,15,0,1,1,1,0,1,1,0,61.55
13860,6500,7360,0.469,30,100,0.0,100,16,1,0,0,0,0,1,1,0,47.88
12054,7000,5054,0.5807,30,0,100.0,100,14,0,1,0,0,1,1,1,0,60.15
5072,8500,3428,1.6759,100,100,100.0,100,12,1,0,1,0,1,1,1,0,78.34
12133,8500,3633,0.7006,100,100,100.0,100,12,1,1,1,0,1,1,1,0,88.56
8527,8500,27,0.9968,30,0,100.0,100,12,1,0,1,0,1,1,1,0,73.0
8033,9500,1467,1.1826,30,0,100.0,100,4,1,0,1,1,1,0,1,1,66.11
8287,9000,713,1.086,100,0,75.0,100,10,1,1,1,1,1,1,1,0,75.46
14975,8000,6975,0.5342,30,0,75.0,100,13,1,1,1,1,1,1,1,0,52.89
8198,10000,1802,1.2198,30,100,75.0,100,7,1,1,1,1,1,1,1,0,72.07
6149,9000,2851,1.4637,30,100,50.0,100,11,1,1,0,0,1,0,1,0,64.86
7584,10500,2916,1.3845,100,0,100.0,100,6,0,1,0,0,1,1,0,1,71.67
12176,8500,3676,0.6981,30,100,33.33,100,8,1,0,1,1,1,1,0,0,66.52
13876,10500,3376,0.7567,30,0,75.0,100,6,1,1,1,1,1,1,0,1,56.98
8576,10500,1924,1.2243,30,0,100,100,6,0,0,0,0,1,1,0,1,62.97
9446,7500,1946,0.794,30,0,50.0,100,15,1,1,1,1,0,1,1,0,56.46
8562,9500,938,1.1096,30,100,50.0,100,9,0,1,1,0,1,1,0,0,72.07
5096,1000,4096,0.1962,30,100,100.0,0,0,1,1,1,0,1,1,1,1,46.23
14130,8500,5630,0.6016,30,0,100,100,8,0,0,0,0,1,1,0,0,58.52
6839,7000,161,1.0235,30,100,100.0,100,14,1,1,1,0,1,1,1,0,85.11
8933,8500,433,0.9515,30,0,66.67,100,12,0,1,1,1,1,1,1,0,62.16
7947,7500,447,0.9438,30,0,50.0,100,15,0,0,1,1,0,1,1,0,60.35
6819,14000,7181,2.0531,30,0,100.0,100,4,0,0,1,0,1,1,1,1,43.51
11084,9500,1584,0.8571,30,100,100.0,100,9,1,0,0,0,1,1,0,0,83.77
11428,8000,3428,0.7,30,100,66.67,100,13,1,0,1,1,1,1,1,0,71.33
10266,10500,234,1.0228,30,0,0.0,100,6,0,0,1,0,1,1,0,1,50.79
12020,12000,20,0.9983,30,0,100.0,100,5,1,0,0,1,1,1,1,1,72.66
14910,7500,7410,0.503,30,100,0.0,100,15,0,0,0,1,0,1,1,0,49.17
11642,9000,2642,0.7731,100,0,75.0,100,10,1,1,1,1,1,1,1,0,74.62
6409,9000,2591,1.4043,30,0,100,100,11,0,0,0,0,1,0,1,0,57.14
12741,8000,4741,0.6279,30,100,0.0,100,13,0,0,0,1,1,1,1,0,53.94
12193,8500,3693,0.6971,30,0,50.0,100,12,1,0,0,1,1,1,1,0,49.53
9650,14000,4350,1.4508,30,0,100.0,100,4,1,1,0,0,1,1,1,1,57.41
13350,10000,3350,0.7491,30,100,100.0,100,8,1,1,1,1,1,1,1,1,77.36
5110,8000,2890,1.5656,30,0,50.0,100,13,0,0,1,1,1,1,1,0,43.32
9513,10000,487,1.0512,30,0,100,100,8,0,0,0,0,1,1,1,1,66.55
11879,10500,1379,0.8839,30,100,66.67,100,6,0,1,1,1,1,1,0,1,78.04
6402,9500,3098,1.4839,30,100,100.0,100,9,1,0,0,0,1,1,0,0,74.46
10920,9500,1420,0.87,30,0,0.0,100,9,0,0,0,1,1,1,0,0,49.24
11629,14000,2371,1.2039,30,0,100.0,100,4,1,1,1,1,1,1,1,1,65.71
9078,10000,922,1.1016,30,0,100,100,8,0,0,0,0,1,1,1,1,68.53
7800,10000,2200,1.2821,30,0,100.0,100,8,1,0,0,1,1,1,1,1,60.91
8063,10000,1937,1.2402,30,0,100,100,8,0,0,0,0,1,1,1,1,62.78
7762,14000,6238,1.8037,30,0,100,100,4,0,0,0,0,1,1,1,1,44.9
7209,8000,791,1.1097,100,0,75.0,100,13,1,1,1,1,1,1,1,0,78.71
14959,9000,5959,0.6016,30,0,100,100,10,0,0,0,0,1,1,1,0,56.16
14286,10000,4286,0.7,30,100,50.0,100,7,0,1,0,1,1,1,1,0,64.11
5235,9000,3765,1.7192,30,0,50.0,100,10,0,0,1,1,1,1,1,0,39.18
7039,9500,2461,1.3496,30,100,66.67,100,4,1,1,1,0,1,0,1,1,71.7
7520,7500,20,0.9973,30,0,50.0,100,15,1,1,1,1,0,1,1,0,61.02
13623,9500,4123,0.6974,30,100,75.0,100,4,1,1,1,1,1,0,1,1,69.08
13462,7500,5962,0.5571,30,100,100.0,100,15,0,0,1,0,0,1,1,0,69.79
6514,8500,1986,1.3049,100,0,66.67,100,12,1,0,1,1,1,1,1,0,67.53
12780,9000,3780,0.7042,30,0,0.0,100,11,0,1,0,0,1,0,1,0,39.22
12388,7500,4888,0.6054,30,100,66.67,100,15,0,1,1,1,0,1,1,0,70.26
11180,13000,1820,1.1628,30,0,100.0,80,3,0,0,1,0,1,1,1,1,65.25
6592,8500,1908,1.2894,100,0,100.0,100,12,1,0,0,0,1,1,1,0,78.03
11610,10500,1110,0.9044,30,0,100,100,6,0,0,0,0,1,1,0,1,66.5
5184,8500,3316,1.6397,30,0,100.0,100,12,1,1,1,0,1,1,1,0,52.45
11376,7000,4376,0.6153,30,100,50.0,100,20,0,1,0,1,0,1,1,0,67.3
9631,6500,3131,0.6749,30,100,0.0,100,16,1,0,0,1,0,1,1,0,59.03
12115,13000,885,1.073,30,0,100.0,80,3,1,1,1,1,1,1,1,1,64.52
5184,10000,4816,1.929,30,0,75.0,100,7,1,1,1,1,1,1,1,0,37.37
12562,8500,4062,0.6766,30,100,100.0,100,12,1,1,1,0,1,1,1,0,78.66
13976,10000,3976,0.7155,30,0,66.67,100,7,1,0,1,1,1,1,1,0,53.94
8852,8000,852,0.9038,30,0,100,100,13,0,0,0,0,1,1,1,0,66.86
9186,12000,2814,1.3063,30,0,100.0,100,5,1,1,0,1,1,1,1,1,64.18
14723,11500,3223,0.7811,30,0,66.67,100,5,0,1,1,1,1,0,1,1,59.35
7275,12000,4725,1.6495,30,0,100.0,100,5,1,1,1,1,1,1,1,1,54.27
9594,9000,594,0.9381,30,0,100,100,11,0,0,0,0,1,0,1,0,66.95
12057,7000,5057,0.5806,100,0,100.0,100,14,1,0,1,0,1,1,1,0,71.13
13597,7500,6097,0.5516,30,100,50.0,100,15,1,1,1,1,0,1,1,0,64.27
8941,10000,1059,1.1184,30,100,100.0,100,8,1,0,0,1,1,1,1,1,80.41
12707,8500,4207,0.6689,30,0,100,100,8,0,0,0,0,1,1,0,0,59.14
13714,11000,2714,0.8021,30,0,100.0,100,10,0,0,1,1,1,1,1,1,66.64
12092,10000,2092,0.827,30,0,75.0,100,7,1,1,1,1,1,1,1,0,62.3
5345,9000,3655,1.6838,30,0,100.0,100,11,1,0,1,0,1,0,1,0,49.75
10817,10000,817,0.9245,30,100,100.0,100,8,1,0,1,1,1,1,1,1,86.07
6067,7500,1433,1.2362,30,100,0.0,100,15,1,0,0,1,0,1,1,0,60.72
10432,8000,2432,0.7669,30,0,75.0,100,13,1,1,1,1,1,1,1,0,57.49
14587,6500,8087,0.4456,30,100,100.0,100,16,0,0,1,0,0,1,1,0,69.54
7808,7000,808,0.8965,30,0,33.33,100,20,1,1,0,1,0,1,1,0,57.15
13821,7000,6821,0.5065,30,0,100,100,14,0,0,0,0,1,1,1,0,56.43
9870,10000,130,1.0132,30,0,100.0,100,8,1,0,1,0,1,1,1,1,72.31
6558,8500,1942,1.2961,30,0,100,100,12,0,0,0,0,1,1,1,0,64.62
10505,10500,5,0.9995,30,0,66.67,100,6,1,0,1,1,1,1,0,1,63.92
9320,10000,680,1.073,100,0,100,100,8,0,0,0,0,1,1,1,1,84.45
12249,6500,5749,0.5307,30,0,50.0,100,16,0,1,0,1,0,1,1,0,47.38
14339,9000,5339,0.6277,30,100,100.0,100,10,0,1,1,0,1,1,1,0,76.23
5880,7500,1620,1.2755,30,0,100.0,100,15,0,0,1,0,0,1,1,0,60.0
9478,13000,3522,1.3716,30,0,100.0,80,3,0,1,1,0,1,1,1,1,56.27
14994,11500,3494,0.767,30,100,100,100,5,0,0,0,0,1,0,1,1,80.91
7738,11000,3262,1.4216,30,0,100.0,100,10,1,1,0,1,1,1,1,1,56.55
10981,10500,481,0.9562,30,100,75.0,100,6,1,1,1,1,1,1,0,1,78.9
6645,9000,2355,1.3544,30,0,100,100,10,0,0,0,0,1,1,1,0,60.21
9040,8500,540,0.9403,30,0,75.0,100,12,1,1,1,1,1,1,1,0,64.03
12805,8500,4305,0.6638,30,0,100.0,100,8,1,1,0,0,1,1,0,0,59.71
5260,10000,4740,1.9011,30,0,100.0,100,8,1,1,1,1,1,1,1,1,41.16
10344,10500,156,1.0151,30,0,50.0,100,6,0,0,1,1,1,1,0,1,62.19
7715,14000,6285,1.8146,30,100,100.0,100,4,1,1,1,1,1,1,1,1,63.8
6280,7000,720,1.1146,30,0,100,100,20,0,0,0,0,0,1,1,0,68.5
12771,10500,2271,0.8222,30,0,100.0,100,6,0,1,0,0,1,1,0,1,64.84
6633,9000,2367,1.3569,30,0,75.0,100,10,1,1,1,1,1,1,1,0,52.77
7134,7000,134,0.9812,30,0,100.0,100,14,1,0,0,0,1,1,1,0,73.06
7058,8500,1442,1.2043,30,100,100.0,100,12,0,0,1,0,1,1,1,0,80.55
12471,9500,2971,0.7618,30,0,50.0,100,9,1,1,1,1,1,1,0,0,55.13
8343,8500,157,1.0188,30,0,75.0,100,12,1,1,1,1,1,1,1,0,68.08
13085,11000,2085,0.8407,30,0,100.0,100,10,1,0,1,0,1,1,1,1,67.24
8484,11500,3016,1.3555,30,0,50.0,100,5,0,1,0,1,1,0,1,1,50.56
12759,6500,6259,0.5094,30,0,33.33,100,16,1,1,0,1,0,1,1,0,41.91
10204,7000,3204,0.686,30,0,100,100,14,0,0,0,0,1,1,1,0,58.84
9157,11500,2343,1.2559,30,100,75.0,100,5,1,1,1,1,1,0,1,1,75.31
14405,8500,5905,0.5901,30,100,0.0,100,8,0,0,1,0,1,1,0,0,53.23
7822,10500,2678,1.3424,30,0,100,100,6,0,0,0,0,1,1,0,1,57.86
7902,10000,2098,1.2655,30,0,100.0,100,8,1,0,0,0,1,1,1,1,64.01
9047,7500,1547,0.829,100,100,50.0,100,15,1,1,1,1,0,1,1,0,82.77
6084,9500,3416,1.5615,30,0,50.0,100,9,1,0,0,1,1,1,0,0,45.83
6718,9000,2282,1.3397,100,100,50.0,100,10,0,0,1,1,1,1,1,0,81.79
11330,9500,1830,0.8385,30,0,100,100,4,0,0,0,0,1,0,1,1,67.84
10986,7000,3986,0.6372,30,100,50.0,100,20,1,1,1,1,0,1,1,0,62.77
10456,8000,2456,0.7651,30,0,75.0,100,13,1,1,1,1,1,1,1,0,57.94
6283,11500,5217,1.8303,30,0,66.67,100,5,1,1,0,1,1,0,1,1,40.62
8837,7000,1837,0.7921,30,0,100.0,100,14,0,1,0,0,1,1,1,0,62.48
13790,9500,4290,0.6889,30,0,0.0,100,9,0,0,1,1,1,1,0,0,43.37
7290,14000,6710,1.9204,30,100,100.0,100,4,0,0,0,1,1,1,1,1,60.69
12315,8000,4315,0.6496,30,0,75.0,100,13,1,1,1,1,1,1,1,0,57.24
5529,13000,7471,2.3512,100,0,100.0,80,3,1,1,1,1,1,1,1,1,52.19
11090,10000,1090,0.9017,30,0,66.67,100,7,1,1,0,1,1,1,1,0,58.86
14668,10000,4668,0.6818,30,0,100.0,100,7,0,0,1,0,1,1,1,0,62.65
11958,11000,958,0.9199,30,0,100,100,10,0,0,0,0,1,1,1,1,68.65
14359,9000,5359,0.6268,100,0,75.0,100,10,1,1,1,1,1,1,1,0,71.12
10602,13000,2398,1.2262,30,0,100,80,3,0,0,0,0,1,1,1,1,60.22
7370,9500,2130,1.289,30,0,75.0,100,4,1,1,1,1,1,0,1,1,55.89
10929,10000,929,0.915,30,0,100.0,100,8,1,1,1,0,1,1,1,1,70.92
5046,10000,4954,1.9818,30,0,66.67,100,7,1,0,1,1,1,1,1,0,34.83
6631,12000,5369,1.8097,30,0,100.0,100,5,1,0,1,1,1,1,1,1,45.53
9697,11000,1303,1.1344,30,0,100.0,100,10,1,0,0,1,1,1,1,1,67.3
13605,6500,7105,0.4778,30,100,0.0,100,16,1,0,0,1,0,1,1,0,52.78
12895,11500,1395,0.8918,30,0,50.0,100,5,0,1,1,0,1,0,1,1,55.45
9273,11500,2227,1.2402,30,0,75.0,100,5,1,1,1,1,1,0,1,1,61.01
7341,9000,1659,1.226,30,100,100,100,11,0,0,0,0,1,0,1,0,78.61
10375,10000,375,0.9639,30,0,100.0,100,8,0,0,1,1,1,1,1,1,70.29
11181,7000,4181,0.6261,30,0,100.0,100,14,1,0,1,0,1,1,1,0,61.67
9413,13000,3587,1.3811,30,0,100.0,80,3,1,0,0,0,1,1,1,1,59.02
14721,8500,6221,0.5774,30,100,66.67,100,12,1,1,0,1,1,1,1,0,63.91
9200,9000,200,0.9783,30,0,100,100,10,0,0,0,0,1,1,1,0,72.89
13894,7000,6894,0.5038,30,0,33.33,100,20,1,0,1,1,0,1,1,0,45.71
12362,14000,1638,1.1325,30,0,100.0,100,4,0,1,0,1,1,1,1,1,66.99
14204,9000,5204,0.6336,30,100,66.67,100,11,1,1,1,0,1,0,1,0,67.39
13777,9500,4277,0.6896,100,0,0.0,100,9,0,0,1,1,1,1,0,0,57.08
5831,7000,1169,1.2005,100,100,100,100,20,0,0,0,0,0,1,1,0,95.2
10915,7000,3915,0.6413,100,100,100,100,20,0,0,0,0,0,1,1,0,86.66
11404,6500,4904,0.57,30,0,33.33,100,16,1,0,1,1,0,1,1,0,44.96
10496,14000,3504,1.3338,30,0,100.0,100,4,1,0,0,1,1,1,1,1,62.88
11539,9500,2039,0.8233,30,100,75.0,100,4,1,1,1,1,1,0,1,1,77.44
9016,10000,984,1.1091,30,100,75.0,100,7,1,1,1,1,1,1,1,0,79.79
13321,8000,5321,0.6006,30,100,100.0,100,13,1,1,1,0,1,1,1,0,72.56
8731,14000,5269,1.6035,30,0,100.0,100,4,1,1,0,0,1,1,1,1,51.88
12915,11500,1415,0.8904,30,0,100,100,5,0,0,0,0,1,0,1,1,65.13
6746,8000,1254,1.1859,30,100,100.0,100,13,0,1,1,0,1,1,1,0,78.08
14646,8000,6646,0.5462,30,0,75.0,100,13,1,1,1,1,1,1,1,0,49.65
13959,10500,3459,0.7522,30,0,100,100,6,0,0,0,0,1,1,0,1,61.64
14812,8500,6312,0.5739,30,100,0.0,100,8,0,0,1,0,1,1,0,0,56.14
7677,6500,1177,0.8467,30,100,100.0,100,16,0,1,0,0,0,1,1,0,83.47
14425,9000,5425,0.6239,30,0,50.0,100,11,1,1,1,1,1,0,1,0,47.82
13061,14000,939,1.0719,30,0,100,100,4,0,0,0,0,1,1,1,1,66.58
12584,10000,2584,0.7947,100,0,100.0,100,8,1,1,1,1,1,1,1,1,81.25
8534,9500,966,1.1132,30,0,50.0,100,9,1,1,1,1,1,1,0,0,58.12
12048,9500,2548,0.7885,30,0,100,100,4,0,0,0,0,1,0,1,1,66.84
9352,6500,2852,0.695,30,0,50.0,100,16,1,1,1,1,0,1,1,0,54.22
10757,9000,1757,0.8367,30,0,50.0,100,11,1,1,1,1,1,0,1,0,55.13
10963,8000,2963,0.7297,100,0,100.0,100,13,0,1,1,0,1,1,1,0,75.7
5142,8500,3358,1.6531,30,0,50.0,100,8,1,1,1,1,1,1,0,0,41.95
12076,8500,3576,0.7039,30,100,100,100,8,0,0,0,0,1,1,0,0,74.43
14281,1000,13281,0.07,30,0,100.0,0,0,0,0,1,0,1,1,1,1,25.88
13561,8000,5561,0.5899,30,0,100.0,100,13,0,0,1,0,1,1,1,0,56.82
11757,14000,2243,1.1908,30,0,100,100,4,0,0,0,0,1,1,1,1,63.44
5828,6500,672,1.1153,30,0,33.33,100,16,1,0,1,1,0,1,1,0,52.52
7084,9000,1916,1.2705,30,100,66.67,100,10,0,1,1,1,1,1,1,0,72.6
11199,7500,3699,0.6697,30,0,50.0,100,15,1,1,1,1,0,1,1,0,51.56
9867,8500,1367,0.8615,30,0,33.33,100,8,0,1,1,1,1,1,0,0,51.0
9515,10500,985,1.1035,30,0,75.0,100,6,1,1,1,1,1,1,0,1,60.75
11740,6500,5240,0.5537,30,0,100.0,100,16,0,0,1,0,0,1,1,0,59.45
13003,14000,997,1.0767,30,0,100.0,100,4,1,1,1,1,1,1,1,1,68.75
12751,8500,4251,0.6666,30,100,33.33,100,8,1,0,1,1,1,1,0,0,62.24
10045,10000,45,0.9955,30,0,100.0,100,7,1,0,1,0,1,1,1,0,69.42
14854,8000,6854,0.5386,30,100,100.0,100,13,0,1,1,0,1,1,1,0,73.94
7707,8500,793,1.1029,30,100,50.0,100,8,1,1,1,1,1,1,0,0,73.45
7744,9000,1256,1.1622,30,0,50.0,100,10,0,0,1,1,1,1,1,0,53.39
5149,6500,1351,1.2624,100,100,66.67,100,16,1,1,1,0,0,1,1,0,85.25
12911,7000,5911,0.5422,30,0,100.0,100,14,0,1,0,0,1,1,1,0,57.26
11075,10000,1075,0.9029,30,100,100,100,8,0,0,0,0,1,1,1,1,83.93
5407,9500,4093,1.757,30,0,50.0,100,4,0,1,1,0,1,0,1,1,38.53
9828,11000,1172,1.1193,30,100,100.0,100,10,1,0,0,0,1,1,1,1,84.25
11927,7000,4927,0.5869,30,100,66.67,100,14,0,1,1,1,1,1,1,0,64.24
6349,8500,2151,1.3388,30,100,100,100,12,0,0,0,0,1,1,1,0,75.37
9071,11500,2429,1.2678,30,0,75.0,100,5,1,1,1,1,1,0,1,1,60.91
6766,9000,2234,1.3302,100,100,100.0,100,10,1,1,0,0,1,1,1,0,92.01
6306,11000,4694,1.7444,30,0,100,100,10,0,0,0,0,1,1,1,1,49.43
5278,9500,4222,1.7999,100,100,0.0,100,4,0,1,0,0,1,0,1,1,53.62
6249,6500,251,1.0402,30,0,66.67,100,16,1,1,1,0,0,1,1,0,64.26
6952,11000,4048,1.5823,30,100,100.0,100,10,0,1,0,1,1,1,1,1,70.97
7945,9000,1055,1.1328,30,0,100.0,100,10,1,0,0,0,1,1,1,0,65.18
5987,8000,2013,1.3362,30,0,66.67,100,13,1,0,1,1,1,1,1,0,51.56
5799,7000,1201,1.2071,30,100,75.0,100,14,1,1,1,1,1,1,1,0,75.66
14846,9000,5846,0.6062,30,0,100,100,11,0,0,0,0,1,0,1,0,60.69
8884,8000,884,0.9005,30,0,100,100,13,0,0,0,0,1,1,1,0,69.14
7074,13000,5926,1.8377,30,0,100.0,80,3,0,0,0,1,1,1,1,1,41.13
14722,10500,4222,0.7132,30,100,50.0,100,6,1,0,1,0,1,1,0,1,68.37
10190,10000,190,0.9814,30,0,100.0,100,7,1,0,0,0,1,1,1,0,73.4
13900,1000,12900,0.0719,30,100,100,0,0,0,0,0,0,1,1,1,1,41.67
7723,7000,723,0.9064,30,0,50.0,100,14,0,1,0,1,1,1,1,0,59.08
13749,6500,7249,0.4728,30,100,100,100,16,0,0,0,0,0,1,1,0,69.96
10067,11500,1433,1.1423,30,0,66.67,100,5,1,1,1,0,1,0,1,1,62.15
14648,7000,7648,0.4779,30,0,66.67,100,14,0,1,1,1,1,1,1,0,51.33
6936,8000,1064,1.1534,100,100,100.0,100,13,1,0,0,0,1,1,1,0,97.76
13002,12000,1002,0.9229,30,100,100,100,5,0,0,0,0,1,1,1,1,81.95
11563,8500,3063,0.7351,100,0,50.0,100,12,0,0,1,1,1,1,1,0,69.33
5020,11000,5980,2.1912,30,100,100,100,10,0,0,0,0,1,1,1,1,54.59
5093,11500,6407,2.258,30,100,100,100,5,0,0,0,0,1,0,1,1,57.84
6809,9500,2691,1.3952,30,0,50.0,100,9,1,0,0,1,1,1,0,0,47.95
6372,13000,6628,2.0402,30,100,100.0,80,3,1,0,0,0,1,1,1,1,51.21
8886,9000,114,1.0128,30,0,50.0,100,11,1,1,1,1,1,0,1,0,63.34
9638,10000,362,1.0376,30,100,100,100,7,0,0,0,0,1,1,1,0,83.77
12679,11000,1679,0.8676,30,0,100.0,100,10,1,1,1,1,1,1,1,1,65.08
7587,8500,913,1.1203,30,0,50.0,100,8,1,1,1,1,1,1,0,0,54.63
12124,14000,1876,1.1547,30,0,100.0,100,4,0,1,0,0,1,1,1,1,67.66
13264,14000,736,1.0555,30,100,100.0,100,4,1,1,1,1,1,1,1,1,81.86
10838,10000,838,0.9227,30,0,50.0,100,7,0,1,0,1,1,1,1,0,56.1
5761,12000,6239,2.083,30,100,100,100,5,0,0,0,0,1,1,1,1,57.19
7842,14000,6158,1.7853,30,100,100.0,100,4,1,1,0,1,1,1,1,1,63.43
7172,10000,2828,1.3943,30,0,100.0,100,8,1,1,1,1,1,1,1,1,56.3
7041,10000,2959,1.4203,30,0,100.0,100,7,1,0,1,0,1,1,1,0,58.72
14372,13000,1372,0.9045,30,100,100.0,80,3,1,1,0,0,1,1,1,1,78.14
9059,7500,1559,0.8279,30,0,0.0,100,15,1,0,0,1,0,1,1,0,43.33
11784,11500,284,0.9759,100,0,100.0,100,5,0,0,1,0,1,0,1,1,85.33
9586,7000,2586,0.7302,30,100,75.0,100,14,1,1,1,1,1,1,1,0,73.56
10033,8500,1533,0.8472,30,0,0.0,100,8,0,0,0,1,1,1,0,0,47.28
13966,9000,4966,0.6444,30,0,100,100,10,0,0,0,0,1,1,1,0,57.62
10717,6500,4217,0.6065,30,0,100,100,16,0,0,0,0,0,1,1,0,59.23
10389,14000,3611,1.3476,30,0,100.0,100,4,1,1,1,1,1,1,1,1,62.45
8216,9000,784,1.0954,100,0,0.0,100,10,0,0,0,1,1,1,1,0,61.34
6387,9000,2613,1.4091,30,0,33.33,100,11,0,1,1,1,1,0,1,0,43.93
14521,9500,5021,0.6542,30,0,50.0,100,4,1,1,0,0,1,0,1,1,51.39
12253,9000,3253,0.7345,30,0,75.0,100,10,1,1,1,1,1,1,1,0,59.67
11543,11000,543,0.953,30,100,100.0,100,10,1,0,1,1,1,1,1,1,87.26
12330,6500,5830,0.5272,30,0,50.0,100,16,1,1,1,1,0,1,1,0,48.74
8225,10000,1775,1.2158,30,100,100.0,100,8,0,0,0,1,1,1,1,1,78.58
8953,9000,47,1.0052,30,0,100.0,100,11,1,0,0,0,1,0,1,0,71.21
6637,7000,363,1.0547,30,0,100,100,14,0,0,0,0,1,1,1,0,69.0
10038,6500,3538,0.6475,30,0,0.0,100,16,1,0,0,0,0,1,1,0,40.78
6847,8500,1653,1.2414,30,0,100,100,12,0,0,0,0,1,1,1,0,62.05
14022,8500,5522,0.6062,100,0,66.67,100,12,1,0,1,1,1,1,1,0,65.63
5435,9000,3565,1.6559,30,0,50.0,100,11,1,1,1,1,1,0,1,0,38.57
7046,10000,2954,1.4192,30,0,100,100,8,0,0,0,0,1,1,1,1,59.37
5114,6500,1386,1.271,30,0,66.67,100,16,1,1,1,0,0,1,1,0,58.58
7841,11000,3159,1.4029,30,100,100,100,10,0,0,0,0,1,1,1,1,75.26
12243,9500,2743,0.776,30,0,75.0,100,4,1,1,1,1,1,0,1,1,59.96
13484,10000,3484,0.7416,30,100,100.0,100,7,0,1,0,0,1,1,1,0,78.73
10800,10500,300,0.9722,30,0,100.0,100,6,1,1,0,1,1,1,0,1,73.12
11643,10000,1643,0.8589,30,0,75.0,100,7,1,1,1,1,1,1,1,0,60.5
11108,12000,892,1.0803,100,0,100.0,100,5,0,0,1,0,1,1,1,1,82.56
12175,9500,2675,0.7803,100,100,0.0,100,9,0,0,1,1,1,1,0,0,74.22
11606,7000,4606,0.6031,30,0,100,100,14,0,0,0,0,1,1,1,0,59.97
12613,9000,3613,0.7135,30,0,50.0,100,11,0,0,1,1,1,0,1,0,50.97
7372,11500,4128,1.56,30,0,100.0,100,5,0,0,0,1,1,0,1,1,56.51
11882,9500,2382,0.7995,30,0,100.0,100,4,0,0,0,1,1,0,1,1,64.53
13819,8500,5319,0.6151,30,0,0.0,100,8,0,0,0,1,1,1,0,0,42.05
13233,10000,3233,0.7557,30,100,50.0,100,7,0,1,0,1,1,1,1,0,66.77
5035,1000,4035,0.1986,30,0,100.0,0,0,0,1,1,1,1,1,1,1,31.58
9957,10000,43,1.0043,30,100,100.0,100,8,0,0,1,1,1,1,1,1,83.88
12731,13000,269,1.0211,30,0,100.0,80,3,1,1,1,1,1,1,1,1,69.18
9085,9500,415,1.0457,30,0,0.0,100,4,0,1,0,0,1,0,1,1,52.11
7934,10500,2566,1.3234,30,0,100.0,100,6,1,1,0,0,1,1,0,1,62.82
14804,10000,4804,0.6755,30,0,100.0,100,8,0,0,1,0,1,1,1,1,61.78
9157,10000,843,1.0921,30,0,100.0,100,8,1,1,1,1,1,1,1,1,67.24
5857,11000,5143,1.8781,30,0,100.0,100,10,1,1,1,1,1,1,1,1,45.23
7259,8500,1241,1.171,30,100,100.0,100,12,0,1,1,0,1,1,1,0,83.31
12066,8500,3566,0.7045,100,0,0.0,100,12,0,0,0,1,1,1,1,0,55.94
13522,9500,4022,0.7026,30,0,100,100,4,0,0,0,0,1,0,1,1,59.29
9149,6500,2649,0.7105,30,0,100,100,16,0,0,0,0,0,1,1,0,61.95
6154,8000,1846,1.3,30,0,75.0,100,13,1,1,1,1,1,1,1,0,54.26
8880,14000,5120,1.5766,30,0,100.0,100,4,1,0,1,1,1,1,1,1,55.1
8527,14000,5473,1.6418,30,100,100.0,100,4,1,0,0,0,1,1,1,1,66.97
9427,8500,927,0.9017,30,0,50.0,100,8,0,1,1,0,1,1,0,0,56.88
14229,10500,3729,0.7379,30,100,75.0,100,6,1,1,1,1,1,1,0,1,75.5
10459,11500,1041,1.0995,30,0,75.0,100,5,1,1,1,1,1,0,1,1,64.31
7112,9500,2388,1.3358,100,100,75.0,100,4,1,1,1,1,1,0,1,1,83.99
5829,9000,3171,1.544,30,0,50.0,100,11,1,1,1,1,1,0,1,0,43.12
5677,9000,3323,1.5853,30,100,100.0,100,11,1,0,0,0,1,0,1,0,71.12
14891,10000,4891,0.6715,30,0,50.0,100,7,1,0,0,1,1,1,1,0,52.39
11644,10500,1144,0.9018,30,0,100.0,100,6,1,1,0,1,1,1,0,1,71.03
8859,7500,1359,0.8466,30,100,66.67,100,15,0,1,1,1,0,1,1,0,72.42
12754,8000,4754,0.6273,100,0,75.0,100,13,1,1,1,1,1,1,1,0,66.83
13337,8500,4837,0.6373,100,100,50.0,100,8,1,0,1,0,1,1,0,0,80.01
7373,7000,373,0.9494,30,0,100,100,14,0,0,0,0,1,1,1,0,66.91
9507,11500,1993,1.2096,30,0,100.0,100,5,0,0,1,1,1,0,1,1,64.14
8884,6500,2384,0.7317,30,100,33.33,100,16,1,1,0,1,0,1,1,0,62.28
10621,7500,3121,0.7061,30,0,50.0,100,15,1,1,1,1,0,1,1,0,53.57
9953,9000,953,0.9042,30,0,100.0,100,11,0,0,1,0,1,0,1,0,66.58
14202,7500,6702,0.5281,30,0,50.0,100,15,1,0,1,0,0,1,1,0,44.93
14139,8000,6139,0.5658,30,100,50.0,100,13,1,0,0,1,1,1,1,0,64.23
12328,8000,4328,0.6489,100,0,75.0,100,13,1,1,1,1,1,1,1,0,71.05
12857,8000,4857,0.6222,30,0,50.0,100,13,0,0,1,1,1,1,1,0,47.03
11523,9500,2023,0.8244,30,100,100,100,9,0,0,0,0,1,1,0,0,80.8
8412,10000,1588,1.1888,100,0,100.0,100,8,0,1,1,1,1,1,1,1,81.35
8936,12000,3064,1.3429,30,100,100.0,100,5,0,1,0,0,1,1,1,1,74.2
8672,7000,1672,0.8072,30,100,0.0,100,20,1,0,0,1,0,1,1,0,60.43
14620,11000,3620,0.7524,30,0,100,100,10,0,0,0,0,1,1,1,1,65.9
8005,1000,7005,0.1249,30,100,100.0,0,0,1,0,0,1,1,1,1,1,44.84
5022,7000,1978,1.3939,30,100,100.0,100,14,0,1,0,0,1,1,1,0,71.2
9718,8500,1218,0.8747,100,100,100,100,12,0,0,0,0,1,1,1,0,96.87
10597,7000,3597,0.6606,30,100,100.0,100,14,0,1,1,0,1,1,1,0,76.16
5362,6500,1138,1.2122,30,0,100.0,100,16,0,1,0,0,0,1,1,0,66.1
9558,8500,1058,0.8893,30,0,0.0,100,8,0,0,0,1,1,1,0,0,47.33
9817,11000,1183,1.1205,30,100,100.0,100,10,1,1,1,1,1,1,1,1,83.54
12870,10500,2370,0.8159,30,0,100.0,100,6,1,1,0,1,1,1,0,1,66.8
13410,9000,4410,0.6711,30,0,50.0,100,11,1,1,1,1,1,0,1,0,50.14
5550,9000,3450,1.6216,100,0,75.0,100,10,1,1,1,1,1,1,1,0,61.61
12491,6500,5991,0.5204,30,100,50.0,100,16,0,1,0,1,0,1,1,0,62.94
11706,11000,706,0.9397,100,0,100.0,100,10,1,0,0,1,1,1,1,1,84.78
14454,9000,5454,0.6227,30,0,75.0,100,10,1,1,1,1,1,1,1,0,54.16
10003,6500,3503,0.6498,100,0,100.0,100,16,0,1,0,0,0,1,1,0,77.35
8545,7000,1545,0.8192,30,0,50.0,100,20,1,0,1,0,0,1,1,0,53.04
5020,8000,2980,1.5936,100,0,100,100,13,0,0,0,0,1,1,1,0,66.29
10143,8500,1643,0.838,30,0,100.0,100,12,0,0,1,0,1,1,1,0,63.94
13342,10000,3342,0.7495,30,100,100,100,8,0,0,0,0,1,1,1,1,80.55
10328,6500,3828,0.6294,30,0,100.0,100,16,0,1,0,0,0,1,1,0,62.77
11808,11500,308,0.9739,30,0,75.0,100,5,1,1,1,1,1,0,1,1,63.41
13060,7000,6060,0.536,30,0,50.0,100,14,0,0,1,1,1,1,1,0,49.5
7968,8000,32,1.004,30,100,50.0,100,13,0,0,1,1,1,1,1,0,75.91
5819,9000,3181,1.5467,30,0,75.0,100,10,1,1,1,1,1,1,1,0,50.54
13033,1000,12033,0.0767,100,100,100.0,0,0,1,1,1,1,1,1,1,1,59.97
9777,1000,8777,0.1023,100,0,100.0,0,0,1,1,1,1,1,1,1,1,40.58
7336,13000,5664,1.7721,30,100,100.0,80,3,1,1,1,1,1,1,1,1,62.53
9212,10500,1288,1.1398,30,0,100.0,100,6,0,1,0,1,1,1,0,1,67.0
11705,8500,3205,0.7262,30,0,0.0,100,8,0,0,0,1,1,1,0,0,44.45
12008,9500,2508,0.7911,30,0,100.0,100,4,1,0,1,0,1,0,1,1,66.78
10944,9000,1944,0.8224,30,0,66.67,100,10,1,0,1,1,1,1,1,0,56.5
6112,9000,2888,1.4725,30,0,100,100,11,0,0,0,0,1,0,1,0,54.77
8471,8000,471,0.9444,30,0,100,100,13,0,0,0,0,1,1,1,0,69.94
14915,11000,3915,0.7375,30,0,100.0,100,10,1,0,0,0,1,1,1,1,65.4
11125,11500,375,1.0337,100,0,66.67,100,5,1,1,1,0,1,0,1,1,75.31
14396,6500,7896,0.4515,30,0,50.0,100,16,0,1,0,1,0,1,1,0,46.19
12923,7500,5423,0.5804,30,100,100,100,15,0,0,0,0,0,1,1,0,75.66
7697,9500,1803,1.2342,100,0,100.0,100,4,1,0,1,0,1,0,1,1,78.59
7245,1000,6245,0.138,30,0,100.0,0,0,1,1,1,1,1,1,1,1,30.23
6826,10000,3174,1.465,30,0,100.0,100,7,1,1,1,0,1,1,1,0,54.32
10629,7000,3629,0.6586,30,0,0.0,100,14,0,0,0,1,1,1,1,0,39.1
14634,9000,5634,0.615,30,0,100.0,100,10,1,1,1,0,1,1,1,0,57.64
5066,14000,8934,2.7635,30,0,100.0,100,4,1,0,0,0,1,1,1,1,42.11
6567,9000,2433,1.3705,30,100,75.0,100,10,1,1,1,1,1,1,1,0,68.8
7752,1000,6752,0.129,100,0,100.0,0,0,1,1,1,1,1,1,1,1,42.65
10535,1000,9535,0.0949,30,0,100,0,0,0,0,0,0,1,1,1,1,31.21
9969,9000,969,0.9028,30,0,100.0,100,10,1,0,1,0,1,1,1,0,66.23
11831,9000,2831,0.7607,30,0,66.67,100,11,1,0,1,1,1,0,1,0,59.95
11673,8000,3673,0.6853,30,0,50.0,100,13,0,1,0,1,1,1,1,0,49.93
6478,8000,1522,1.2349,30,100,100.0,100,13,1,1,1,0,1,1,1,0,77.93
6840,9500,2660,1.3889,100,100,50.0,100,9,1,1,1,1,1,1,0,0,75.86
9814,10500,686,1.0699,100,0,50.0,100,6,0,1,1,0,1,1,0,1,71.36
11095,14000,2905,1.2618,30,0,100.0,100,4,0,0,1,1,1,1,1,1,65.63
14880,7000,7880,0.4704,100,0,75.0,100,14,1,1,1,1,1,1,1,0,62.41
5642,9000,3358,1.5952,30,0,75.0,100,10,1,1,1,1,1,1,1,0,49.08
14374,1000,13374,0.0696,30,0,100.0,0,0,0,1,1,1,1,1,1,1,27.86
12966,10000,2966,0.7712,30,0,100.0,100,8,1,0,1,1,1,1,1,1,65.65
5649,8500,2851,1.5047,30,0,50.0,100,8,0,1,0,1,1,1,0,0,43.45
8509,9500,991,1.1165,30,0,33.33,100,9,0,1,1,1,1,1,0,0,53.33
9016,9000,16,0.9982,30,100,100,100,11,0,0,0,0,1,0,1,0,86.33
12239,10500,1739,0.8579,30,0,75.0,100,6,1,1,1,1,1,1,0,1,59.01
13919,1000,12919,0.0718,30,100,100.0,0,0,1,1,1,1,1,1,1,1,41.71
11176,9000,2176,0.8053,30,100,33.33,100,11,0,1,1,1,1,0,1,0,69.41
8086,8000,86,0.9894,30,0,100.0,100,13,1,0,0,0,1,1,1,0,72.4
8370,10500,2130,1.2545,30,100,66.67,100,6,1,0,1,1,1,1,0,1,72.32
7721,13000,5279,1.6837,30,0,100,80,3,0,0,0,0,1,1,1,1,49.95
13159,9000,4159,0.6839,30,0,66.67,100,11,1,0,1,1,1,0,1,0,52.1
9729,11000,1271,1.1306,30,0,100.0,100,10,1,0,1,1,1,1,1,1,70.08
5027,1000,4027,0.1989,30,0,100,0,0,0,0,0,0,1,1,1,1,34.19
14892,13000,1892,0.873,30,100,100.0,80,3,0,1,1,1,1,1,1,1,82.12
14146,10500,3646,0.7423,30,100,75.0,100,6,1,1,1,1,1,1,0,1,74.23
11661,7500,4161,0.6432,30,0,100,100,15,0,0,0,0,0,1,1,0,62.57
11444,9000,2444,0.7864,30,0,66.67,100,10,1,1,0,1,1,1,1,0,60.19
7191,7500,309,1.043,30,0,50.0,100,15,1,1,1,1,0,1,1,0,60.35
6019,10500,4481,1.7445,30,100,100,100,6,0,0,0,0,1,1,0,1,62.53
11108,9500,1608,0.8552,30,100,75.0,100,4,1,1,1,1,1,0,1,1,77.91
7058,10000,2942,1.4168,30,0,100,100,8,0,0,0,0,1,1,1,1,55.67
11198,7000,4198,0.6251,30,100,33.33,100,20,1,0,1,1,0,1,1,0,64.26
7141,9500,2359,1.3303,30,0,50.0,100,9,1,0,1,0,1,1,0,0,51.77
14705,11000,3705,0.748,30,0,100.0,100,10,0,0,1,1,1,1,1,1,64.87
8889,9500,611,1.0687,30,0,66.67,100,4,0,1,1,1,1,0,1,1,61.97
5463,6500,1037,1.1898,100,0,50.0,100,16,1,0,1,0,0,1,1,0,71.85
8313,8500,187,1.0225,30,100,100,100,12,0,0,0,0,1,1,1,0,87.92
13167,10000,3167,0.7595,30,0,100.0,100,8,0,0,1,1,1,1,1,1,64.66
7147,7000,147,0.9794,30,0,100,100,14,0,0,0,0,1,1,1,0,68.68
14116,9500,4616,0.673,30,100,50.0,100,9,1,1,1,1,1,1,0,0,65.24
13814,9500,4314,0.6877,30,0,50.0,100,9,1,1,1,1,1,1,0,0,51.68
10398,8500,1898,0.8175,30,0,100,100,8,0,0,0,0,1,1,0,0,65.87
13920,7500,6420,0.5388,30,0,50.0,100,15,1,0,1,0,0,1,1,0,45.79
10836,12000,1164,1.1074,30,0,100.0,100,5,1,1,0,1,1,1,1,1,65.59
6852,9000,2148,1.3135,30,0,100.0,100,10,0,1,0,0,1,1,1,0,60.96
9907,7000,2907,0.7066,30,100,100.0,100,14,1,1,1,0,1,1,1,0,79.66
6495,9000,2505,1.3857,30,0,50.0,100,11,0,0,1,1,1,0,1,0,47.41
5848,1000,4848,0.171,100,0,100.0,0,0,1,0,1,0,1,1,1,1,46.9
10365,7000,3365,0.6753,30,100,66.67,100,14,1,1,0,1,1,1,1,0,67.21
14127,9000,5127,0.6371,30,0,50.0,100,11,1,1,1,1,1,0,1,0,49.3
10645,13000,2355,1.2212,30,100,100.0,80,3,0,0,0,1,1,1,1,1,74.4
11708,11000,708,0.9395,30,0,100.0,100,10,1,1,1,1,1,1,1,1,67.5
8429,7000,1429,0.8305,100,100,75.0,100,14,1,1,1,1,1,1,1,0,88.74
11125,1000,10125,0.0899,30,0,100.0,0,0,1,0,0,0,1,1,1,1,27.66
10765,7500,3265,0.6967,30,0,50.0,100,15,1,1,1,1,0,1,1,0,51.25
6165,7500,1335,1.2165,30,0,50.0,100,15,0,0,1,1,0,1,1,0,55.41
9755,7000,2755,0.7176,100,0,100,100,14,0,0,0,0,1,1,1,0,78.16
10015,10000,15,0.9985,30,0,100.0,100,8,0,1,1,0,1,1,1,1,73.57
12450,13000,550,1.0442,100,0,100.0,80,3,0,1,1,1,1,1,1,1,83.65
14044,8500,5544,0.6052,30,0,0.0,100,8,0,0,1,0,1,1,0,0,36.93
11512,11000,512,0.9555,30,100,100.0,100,10,1,1,1,1,1,1,1,1,87.59
5522,7000,1478,1.2677,30,100,100.0,100,14,1,0,1,0,1,1,1,0,75.61
9568,9500,68,0.9929,30,0,50.0,100,9,0,1,0,1,1,1,0,0,63.41
14077,10000,4077,0.7104,30,0,100.0,100,8,1,1,1,1,1,1,1,1,63.23
11303,12000,697,1.0617,30,0,100.0,100,5,1,0,0,0,1,1,1,1,69.93
11413,11000,413,0.9638,30,0,100.0,100,10,1,0,0,1,1,1,1,1,70.21
12173,11500,673,0.9447,30,100,100.0,100,5,0,0,0,1,1,0,1,1,86.96
13924,8500,5424,0.6105,100,0,50.0,100,8,1,0,0,1,1,1,0,0,61.07
12548,9000,3548,0.7172,30,100,50.0,100,10,0,0,1,1,1,1,1,0,67.67
6137,9500,3363,1.548,100,0,100.0,100,9,0,1,0,0,1,1,0,0,66.97
11107,10000,1107,0.9003,30,100,66.67,100,7,1,0,1,1,1,1,1,0,76.37
7256,12000,4744,1.6538,30,0,100.0,100,5,1,1,1,1,1,1,1,1,52.8
14040,7500,6540,0.5342,30,0,100,100,15,0,0,0,0,0,1,1,0,57.01
5028,13000,7972,2.5855,30,0,100.0,80,3,1,1,0,1,1,1,1,1,40.04
14820,11500,3320,0.776,30,0,50.0,100,5,0,1,0,1,1,0,1,1,55.22
13176,8000,5176,0.6072,30,0,75.0,100,13,1,1,1,1,1,1,1,0,54.24
6120,9000,2880,1.4706,30,0,33.33,100,11,1,1,0,1,1,0,1,0,44.13
13172,7000,6172,0.5314,30,0,100,100,20,0,0,0,0,0,1,1,0,54.28
11777,11000,777,0.934,30,0,100.0,100,10,1,0,0,1,1,1,1,1,66.71
11736,7500,4236,0.6391,30,0,50.0,100,15,0,1,0,1,0,1,1,0,48.28
10220,11500,1280,1.1252,30,100,100.0,100,5,0,0,1,1,1,0,1,1,83.05
7703,8500,797,1.1035,30,0,66.67,100,12,1,1,0,1,1,1,1,0,60.16
11699,8000,3699,0.6838,30,100,100,100,13,0,0,0,0,1,1,1,0,78.75
5588,12000,6412,2.1475,30,0,100.0,100,5,1,1,1,1,1,1,1,1,43.14
12363,6500,5863,0.5258,30,0,50.0,100,16,0,1,0,1,0,1,1,0,45.87
5131,8500,3369,1.6566,100,0,66.67,100,8,1,1,1,0,1,1,0,0,59.3
13544,13000,544,0.9598,30,0,100,80,3,0,0,0,0,1,1,1,1,68.21
5639,12000,6361,2.128,30,100,100.0,100,5,1,1,0,0,1,1,1,1,58.11
5552,8000,2448,1.4409,30,100,50.0,100,13,1,0,0,1,1,1,1,0,60.75
7298,10000,2702,1.3702,30,0,100.0,100,8,1,1,1,1,1,1,1,1,60.72
8409,1000,7409,0.1189,30,0,100.0,0,0,1,0,1,0,1,1,1,1,31.2
5876,9500,3624,1.6167,30,0,100.0,100,4,1,0,0,1,1,0,1,1,51.82
10643,8500,2143,0.7986,30,100,100,100,12,0,0,0,0,1,1,1,0,80.04
8042,10000,1958,1.2435,30,0,100.0,100,8,1,1,1,1,1,1,1,1,62.79
10156,14000,3844,1.3785,30,100,100,100,4,0,0,0,0,1,1,1,1,72.92
13118,8500,4618,0.648,30,100,100.0,100,8,1,1,0,0,1,1,0,0,75.79
8941,13000,4059,1.454,30,0,100.0,80,3,1,0,0,1,1,1,1,1,54.16
14288,14000,288,0.9798,30,0,100.0,100,4,0,1,0,0,1,1,1,1,72.53
8724,8500,224,0.9743,30,0,100.0,100,8,1,0,0,0,1,1,0,0,72.27
8342,12000,3658,1.4385,30,100,100.0,100,5,1,0,0,0,1,1,1,1,71.66
13712,8500,5212,0.6199,30,0,100.0,100,8,0,1,0,0,1,1,0,0,58.34
5965,7000,1035,1.1735,30,0,50.0,100,20,1,0,1,0,0,1,1,0,58.78
9740,10500,760,1.078,30,0,100.0,100,6,1,1,0,0,1,1,0,1,70.25
9597,9500,97,0.9899,30,0,75.0,100,4,1,1,1,1,1,0,1,1,63.85
12784,10000,2784,0.7822,30,0,100.0,100,8,1,1,1,1,1,1,1,1,61.55
8438,9500,1062,1.1259,30,0,100.0,100,4,1,0,1,1,1,0,1,1,68.73
5549,10500,4951,1.8922,30,100,50.0,100,6,1,0,1,0,1,1,0,1,50.67
7641,12000,4359,1.5705,100,0,100.0,100,5,1,1,1,1,1,1,1,1,65.43
14527,8500,6027,0.5851,30,0,0.0,100,12,0,0,0,1,1,1,1,0,36.58
11503,9000,2503,0.7824,30,0,50.0,100,11,0,0,1,1,1,0,1,0,56.19
8462,11000,2538,1.2999,30,0,100.0,100,10,0,1,0,0,1,1,1,1,63.92
10236,7000,3236,0.6839,100,0,100,100,14,0,0,0,0,1,1,1,0,73.8
5063,9000,3937,1.7776,30,100,100,100,10,0,0,0,0,1,1,1,0,61.11
12902,8500,4402,0.6588,30,100,0.0,100,8,0,0,1,1,1,1,0,0,58.65
12331,7000,5331,0.5677,30,0,50.0,100,20,1,1,1,1,0,1,1,0,46.51
14159,9000,5159,0.6356,30,0,100.0,100,10,0,0,1,0,1,1,1,0,61.61
9371,9500,129,1.0138,30,0,33.33,100,9,1,0,1,1,1,1,0,0,56.2
14410,8500,5910,0.5899,30,100,100.0,100,12,0,1,0,0,1,1,1,0,74.9
10142,8500,1642,0.8381,30,0,66.67,100,8,1,1,0,1,1,1,0,0,59.06
6759,12000,5241,1.7754,30,0,100,100,5,0,0,0,0,1,1,1,1,47.34
14520,7000,7520,0.4821,30,0,100,100,20,0,0,0,0,0,1,1,0,54.53
10103,10000,103,0.9898,30,0,100.0,100,7,1,1,0,0,1,1,1,0,72.58
8418,6500,1918,0.7722,30,0,50.0,100,16,1,1,1,1,0,1,1,0,53.14
7922,6500,1422,0.8205,30,100,66.67,100,16,1,1,1,0,0,1,1,0,74.67
11769,11500,269,0.9771,30,0,100.0,100,5,0,0,1,1,1,0,1,1,71.7
11419,10000,1419,0.8757,30,100,100.0,100,8,0,1,0,0,1,1,1,1,84.1
5332,7000,1668,1.3128,30,0,75.0,100,14,1,1,1,1,1,1,1,0,59.13
10438,1000,9438,0.0958,30,100,100,0,0,0,0,0,0,1,1,1,1,43.39
7273,10000,2727,1.3749,30,0,66.67,100,7,1,1,0,1,1,1,1,0,52.45
11905,10000,1905,0.84,30,0,50.0,100,7,1,0,0,1,1,1,1,0,55.64
12204,10000,2204,0.8194,30,100,100.0,100,8,0,1,1,1,1,1,1,1,79.63
13816,11500,2316,0.8324,100,0,75.0,100,5,1,1,1,1,1,0,1,1,76.64
13737,8000,5737,0.5824,30,100,100,100,13,0,0,0,0,1,1,1,0,76.35
6493,8500,2007,1.3091,100,100,50.0,100,8,1,1,1,1,1,1,0,0,78.56
6948,10500,3552,1.5112,30,100,100.0,100,6,0,1,0,1,1,1,0,1,69.97
10910,13000,2090,1.1916,30,0,100.0,80,3,0,1,0,1,1,1,1,1,65.18
9796,14000,4204,1.4292,30,0,100.0,100,4,0,1,1,1,1,1,1,1,58.92
13118,8500,4618,0.648,30,0,50.0,100,8,1,1,1,1,1,1,0,0,47.73
11144,9500,1644,0.8525,30,0,50.0,100,9,1,1,1,1,1,1,0,0,55.5
11550,11000,550,0.9524,30,0,100.0,100,10,1,1,1,1,1,1,1,1,68.49
12911,8500,4411,0.6584,30,0,75.0,100,12,1,1,1,1,1,1,1,0,53.78
11202,8500,2702,0.7588,30,0,100,100,8,0,0,0,0,1,1,0,0,63.17
11080,8500,2580,0.7671,30,100,50.0,100,12,0,1,0,1,1,1,1,0,67.85
10646,10500,146,0.9863,30,0,0.0,100,6,0,0,1,0,1,1,0,1,50.44
9762,10000,238,1.0244,30,0,100.0,100,8,1,1,1,1,1,1,1,1,68.91
11214,10000,1214,0.8917,30,100,100.0,100,7,1,0,0,0,1,1,1,0,84.13
6019,10000,3981,1.6614,30,0,100,100,8,0,0,0,0,1,1,1,1,50.98
6154,8500,2346,1.3812,30,0,100.0,100,8,1,0,0,0,1,1,0,0,57.22
12293,8500,3793,0.6915,30,100,100.0,100,12,1,0,0,0,1,1,1,0,74.07
5016,9500,4484,1.8939,30,0,100,100,4,0,0,0,0,1,0,1,1,43.82
7513,11500,3987,1.5307,100,0,50.0,100,5,1,1,0,0,1,0,1,1,60.33
10147,14000,3853,1.3797,30,0,100.0,100,4,0,1,0,0,1,1,1,1,61.45
8832,8500,332,0.9624,30,0,100.0,100,8,1,1,0,0,1,1,0,0,67.18
7336,13000,5664,1.7721,30,0,100.0,80,3,0,1,0,1,1,1,1,1,44.38
12832,10000,2832,0.7793,30,100,100.0,100,8,1,0,0,1,1,1,1,1,80.82
12146,7000,5146,0.5763,30,0,75.0,100,14,1,1,1,1,1,1,1,0,54.81
12267,11500,767,0.9375,30,100,100.0,100,5,0,0,0,1,1,0,1,1,82.57
8656,11000,2344,1.2708,30,0,100.0,100,10,1,1,1,0,1,1,1,1,60.64
9925,10500,575,1.0579,30,0,50.0,100,6,0,1,1,0,1,1,0,1,61.13
11449,8500,2949,0.7424,100,0,100,100,8,0,0,0,0,1,1,0,0,76.54
6577,9500,2923,1.4444,30,0,33.33,100,9,1,0,1,1,1,1,0,0,41.79
9844,7000,2844,0.7111,30,0,50.0,100,20,1,1,1,1,0,1,1,0,49.34
14187,7000,7187,0.4934,100,100,100.0,100,14,0,1,1,0,1,1,1,0,85.37
10467,1000,9467,0.0955,30,0,100.0,0,0,0,0,1,0,1,1,1,1,27.98
12719,9000,3719,0.7076,30,100,50.0,100,11,1,1,1,1,1,0,1,0,69.1
12197,9000,3197,0.7379,30,0,100.0,100,11,1,0,1,0,1,0,1,0,65.39
7876,9000,1124,1.1427,100,0,100,100,10,0,0,0,0,1,1,1,0,82.09
9244,1000,8244,0.1082,30,100,100.0,0,0,0,0,1,1,1,1,1,1,45.7
5940,12000,6060,2.0202,30,100,100,100,5,0,0,0,0,1,1,1,1,53.56
7247,7000,247,0.9659,30,100,100.0,100,14,1,0,1,0,1,1,1,0,83.47
13529,1000,12529,0.0739,30,0,100.0,0,0,1,1,1,1,1,1,1,1,29.03
11954,9500,2454,0.7947,30,100,100.0,100,4,1,0,1,1,1,0,1,1,81.02
7364,11500,4136,1.5617,30,0,75.0,100,5,1,1,1,1,1,0,1,1,51.88
6698,9000,2302,1.3437,100,0,50.0,100,10,1,0,0,1,1,1,1,0,63.1
6748,9000,2252,1.3337,30,0,75.0,100,10,1,1,1,1,1,1,1,0,57.73
11302,6500,4802,0.5751,30,0,50.0,100,16,1,1,1,1,0,1,1,0,46.57
7501,14000,6499,1.8664,30,100,100.0,100,4,1,1,1,1,1,1,1,1,59.38
13025,9000,4025,0.691,30,100,100.0,100,10,0,1,1,0,1,1,1,0,78.92
6121,14000,7879,2.2872,30,100,100.0,100,4,1,1,1,1,1,1,1,1,58.49
10163,10000,163,0.984,30,100,100.0,100,8,1,1,1,0,1,1,1,1,82.96
7775,14000,6225,1.8006,30,0,100.0,100,4,0,1,1,1,1,1,1,1,47.24
8562,8500,62,0.9928,30,100,100,100,8,0,0,0,0,1,1,0,0,86.93
6048,9000,2952,1.4881,30,100,33.33,100,11,1,1,0,1,1,0,1,0,57.63
13427,10000,3427,0.7448,30,100,100,100,8,0,0,0,0,1,1,1,1,80.03
14382,8500,5882,0.591,30,0,50.0,100,8,1,1,1,1,1,1,0,0,50.07
7870,10500,2630,1.3342,30,0,100.0,100,6,1,0,0,1,1,1,0,1,61.1
12207,8500,3707,0.6963,30,100,100,100,8,0,0,0,0,1,1,0,0,78.3
6134,11000,4866,1.7933,30,0,100.0,100,10,1,1,1,1,1,1,1,1,48.6
14812,7000,7812,0.4726,30,0,100.0,100,20,0,1,1,0,0,1,1,0,56.03
14133,14000,133,0.9906,30,0,100.0,100,4,0,0,0,1,1,1,1,1,72.96
7135,10500,3365,1.4716,30,100,100,100,6,0,0,0,0,1,1,0,1,73.46
6638,13000,6362,1.9584,30,0,100.0,80,3,1,1,1,1,1,1,1,1,40.18
8504,7500,1004,0.8819,30,0,50.0,100,15,1,1,1,1,0,1,1,0,56.72
6710,11500,4790,1.7139,30,0,100.0,100,5,0,0,0,1,1,0,1,1,50.04
10099,8500,1599,0.8417,30,0,100.0,100,8,0,1,0,0,1,1,0,0,65.28
12045,8000,4045,0.6642,100,0,100,100,13,0,0,0,0,1,1,1,0,73.34
9384,9500,116,1.0124,30,0,100.0,100,9,0,1,0,0,1,1,0,0,69.65
7703,10000,2297,1.2982,30,0,100.0,100,7,1,1,1,0,1,1,1,0,59.64
12493,11000,1493,0.8805,30,0,100.0,100,10,0,0,0,1,1,1,1,1,68.29
9421,7000,2421,0.743,30,0,66.67,100,20,1,1,1,0,0,1,1,0,53.89
14257,8500,5757,0.5962,30,100,0.0,100,12,0,0,0,1,1,1,1,0,54.37
5930,7000,1070,1.1804,30,0,50.0,100,14,1,0,0,1,1,1,1,0,52.65
5351,12000,6649,2.2426,30,0,100,100,5,0,0,0,0,1,1,1,1,40.04
10049,14000,3951,1.3932,30,0,100.0,100,4,0,0,1,0,1,1,1,1,61.15
13285,10000,3285,0.7527,30,100,100.0,100,8,1,0,0,0,1,1,1,1,76.86
11948,9500,2448,0.7951,30,0,75.0,100,4,1,1,1,1,1,0,1,1,60.54
8610,11500,2890,1.3357,30,0,100.0,100,5,1,0,1,1,1,0,1,1,58.47
12946,14000,1054,1.0814,30,100,100.0,100,4,0,0,1,0,1,1,1,1,85.97
13981,8000,5981,0.5722,30,0,100,100,13,0,0,0,0,1,1,1,0,57.51
5167,14000,8833,2.7095,30,0,100.0,100,4,0,0,1,1,1,1,1,1,41.13
13928,9000,4928,0.6462,30,0,100,100,11,0,0,0,0,1,0,1,0,60.24
11710,9500,2210,0.8113,100,0,66.67,100,9,1,1,1,0,1,1,0,0,72.13
5964,1000,4964,0.1677,100,0,100.0,0,0,1,0,0,0,1,1,1,1,46.44
14820,8500,6320,0.5735,30,0,100.0,100,12,1,1,1,0,1,1,1,0,59.57
9383,9000,383,0.9592,30,0,100.0,100,10,1,0,1,0,1,1,1,0,68.99
6890,12000,5110,1.7417,30,0,100.0,100,5,0,0,0,1,1,1,1,1,50.05
9439,1000,8439,0.1059,30,0,100,0,0,0,0,0,0,1,1,1,1,31.29
9109,8500,609,0.9331,30,0,66.67,100,12,1,1,0,1,1,1,1,0,62.44
13880,9500,4380,0.6844,30,0,100.0,100,4,0,0,1,0,1,0,1,1,58.77
6045,7000,955,1.158,100,0,66.67,100,14,1,0,1,1,1,1,1,0,71.44
6941,8500,1559,1.2246,30,0,100,100,12,0,0,0,0,1,1,1,0,66.11
8310,1000,7310,0.1203,30,100,100,0,0,0,0,0,0,1,1,1,1,42.02
5944,7000,1056,1.1777,30,0,50.0,100,20,1,1,1,1,0,1,1,0,55.55
8637,10000,1363,1.1578,100,0,100.0,100,8,0,0,1,1,1,1,1,1,81.76
5705,10000,4295,1.7528,30,0,100.0,100,7,1,1,1,0,1,1,1,0,47.5
14771,6500,8271,0.4401,30,100,0.0,100,16,0,0,0,1,0,1,1,0,48.76
7255,10000,2745,1.3784,30,100,100.0,100,8,0,0,0,1,1,1,1,1,75.59
13860,8000,5860,0.5772,30,100,66.67,100,13,1,1,0,1,1,1,1,0,64.27
8217,10000,1783,1.217,30,100,100.0,100,8,0,1,0,1,1,1,1,1,76.87
7988,10000,2012,1.2519,30,0,100.0,100,8,0,1,1,0,1,1,1,1,65.45
13629,11500,2129,0.8438,100,100,75.0,100,5,1,1,1,1,1,0,1,1,92.22
13365,10000,3365,0.7482,100,0,75.0,100,7,1,1,1,1,1,1,1,0,73.15
8915,8000,915,0.8974,100,100,75.0,100,13,1,1,1,1,1,1,1,0,89.9
12255,9000,3255,0.7344,30,0,75.0,100,10,1,1,1,1,1,1,1,0,56.17
13344,11000,2344,0.8243,30,100,100.0,100,10,1,0,1,1,1,1,1,1,79.46
10019,1000,9019,0.0998,30,0,100.0,0,0,1,0,0,1,1,1,1,1,26.59
6520,9500,2980,1.4571,100,0,50.0,100,9,1,1,1,1,1,1,0,0,59.07
9277,9500,223,1.024,30,100,100.0,100,4,0,0,0,1,1,0,1,1,82.87
14051,11000,3051,0.7829,30,100,100.0,100,10,1,1,1,1,1,1,1,1,76.51
13178,9500,3678,0.7209,30,0,50.0,100,9,1,1,1,1,1,1,0,0,51.75
6069,1000,5069,0.1648,100,0,100,0,0,0,0,0,0,1,1,1,1,44.25
6459,10000,3541,1.5482,30,0,100.0,100,7,0,0,1,0,1,1,1,0,52.98
13367,6500,6867,0.4863,30,100,100,100,16,0,0,0,0,0,1,1,0,68.99
8121,13000,4879,1.6008,30,0,100.0,80,3,0,0,0,1,1,1,1,1,49.87
7748,7000,748,0.9035,30,0,0.0,100,20,0,0,0,1,0,1,1,0,50.27
13416,9000,4416,0.6708,30,0,0.0,100,10,0,0,0,1,1,1,1,0,38.35
9582,9500,82,0.9914,30,0,100,100,9,0,0,0,0,1,1,0,0,73.32
7847,7000,847,0.8921,100,0,50.0,100,20,1,1,0,0,0,1,1,0,68.89
5395,1000,4395,0.1854,30,0,100.0,0,0,1,1,1,1,1,1,1,1,29.7
9705,10000,295,1.0304,30,0,66.67,100,7,0,1,1,1,1,1,1,0,61.49
14467,11000,3467,0.7604,30,100,100.0,100,10,1,0,1,1,1,1,1,1,80.51
9883,14000,4117,1.4166,30,0,100,100,4,0,0,0,0,1,1,1,1,60.25
7174,1000,6174,0.1394,30,100,100.0,0,0,1,1,1,1,1,1,1,1,44.29
9635,11000,1365,1.1417,30,0,100.0,100,10,0,0,1,0,1,1,1,1,67.21
8351,10000,1649,1.1975,30,100,100.0,100,8,1,1,1,1,1,1,1,1,80.42
12398,11000,1398,0.8872,30,0,100.0,100,10,1,1,1,1,1,1,1,1,68.67
10463,7000,3463,0.669,30,100,100,100,14,0,0,0,0,1,1,1,0,73.52
11518,8500,3018,0.738,30,0,50.0,100,8,1,0,0,1,1,1,0,0,54.46
14054,11500,2554,0.8183,30,0,66.67,100,5,0,1,1,1,1,0,1,1,58.66
10970,9500,1470,0.866,100,0,100,100,4,0,0,0,0,1,0,1,1,81.43
14331,9000,5331,0.628,100,0,100,100,10,0,0,0,0,1,1,1,0,71.76
9277,11000,1723,1.1857,30,0,100.0,100,10,1,0,0,0,1,1,1,1,66.1
9155,12000,2845,1.3108,30,100,100,100,5,0,0,0,0,1,1,1,1,76.55
7735,6500,1235,0.8403,30,0,66.67,100,16,0,1,1,1,0,1,1,0,57.84
14598,7500,7098,0.5138,30,0,50.0,100,15,1,0,1,0,0,1,1,0,44.92
7680,10000,2320,1.3021,100,100,100.0,100,8,0,0,1,1,1,1,1,1,88.64
7338,11000,3662,1.499,30,0,100.0,100,10,1,0,0,0,1,1,1,1,56.36
7166,10000,2834,1.3955,30,0,66.67,100,7,1,0,1,1,1,1,1,0,54.44
10410,10000,410,0.9606,30,100,100,100,8,0,0,0,0,1,1,1,1,83.56
8739,9500,761,1.0871,30,0,100,100,4,0,0,0,0,1,0,1,1,68.61
7817,7000,817,0.8955,30,0,100,100,20,0,0,0,0,0,1,1,0,66.69
8724,8500,224,0.9743,30,100,66.67,100,8,1,1,0,1,1,1,0,0,76.98
10518,8500,2018,0.8081,30,0,75.0,100,12,1,1,1,1,1,1,1,0,61.29
10033,10500,467,1.0465,30,100,100,100,6,0,0,0,0,1,1,0,1,81.77
12373,11500,873,0.9294,30,100,100,100,5,0,0,0,0,1,0,1,1,86.41
12857,7500,5357,0.5833,30,0,50.0,100,15,1,1,1,1,0,1,1,0,48.54
11500,8500,3000,0.7391,30,0,33.33,100,8,1,0,1,1,1,1,0,0,46.87
10676,6500,4176,0.6088,30,0,100.0,100,16,0,0,1,0,0,1,1,0,57.5
12614,9500,3114,0.7531,30,0,33.33,100,9,0,1,1,1,1,1,0,0,49.53
6914,10500,3586,1.5187,30,0,66.67,100,6,1,1,1,0,1,1,0,1,49.29
11932,9000,2932,0.7543,30,100,100.0,100,10,1,0,1,0,1,1,1,0,75.85
12156,13000,844,1.0694,100,0,100.0,80,3,1,0,0,0,1,1,1,1,80.61
6720,12000,5280,1.7857,30,0,100,100,5,0,0,0,0,1,1,1,1,49.86
13322,10000,3322,0.7506,30,0,100.0,100,7,0,1,1,0,1,1,1,0,63.26
12921,8500,4421,0.6578,30,0,100,100,8,0,0,0,0,1,1,0,0,61.61
14765,9500,5265,0.6434,30,0,50.0,100,9,1,1,1,1,1,1,0,0,52.39
14294,11500,2794,0.8045,30,0,100.0,100,5,1,0,1,0,1,0,1,1,64.08
14295,13000,1295,0.9094,30,0,100.0,80,3,0,0,1,1,1,1,1,1,65.33
13495,9000,4495,0.6669,30,0,75.0,100,10,1,1,1,1,1,1,1,0,56.33
7490,9500,2010,1.2684,30,0,50.0,100,4,1,1,0,0,1,0,1,1,51.62
13638,13000,638,0.9532,30,0,100.0,80,3,1,1,1,1,1,1,1,1,65.24
7485,10000,2515,1.336,30,100,100.0,100,8,1,1,1,0,1,1,1,1,76.48
8096,9500,1404,1.1734,30,0,100,100,9,0,0,0,0,1,1,0,0,66.04
14939,12000,2939,0.8033,30,100,100.0,100,5,0,1,0,1,1,1,1,1,82.6
14927,9000,5927,0.6029,100,0,66.67,100,10,1,1,0,1,1,1,1,0,64.41
13033,9000,4033,0.6906,30,100,0.0,100,11,0,0,0,1,1,0,1,0,56.72
8329,6500,1829,0.7804,30,0,50.0,100,16,0,1,0,1,0,1,1,0,54.39
12325,9000,3325,0.7302,30,100,100.0,100,10,1,1,0,0,1,1,1,0,77.48
13633,10000,3633,0.7335,30,100,100,100,7,0,0,0,0,1,1,1,0,78.83
11591,7000,4591,0.6039,30,0,0.0,100,20,0,0,0,1,0,1,1,0,37.89
8446,8000,446,0.9472,30,0,75.0,100,13,1,1,1,1,1,1,1,0,65.27
14054,6500,7554,0.4625,100,0,100.0,100,16,0,1,0,0,0,1,1,0,70.07
10067,11500,1433,1.1423,30,0,100.0,100,5,0,0,1,1,1,0,1,1,69.06
10643,7000,3643,0.6577,100,0,75.0,100,14,1,1,1,1,1,1,1,0,67.76
6607,9500,2893,1.4379,30,0,75.0,100,4,1,1,1,1,1,0,1,1,50.94
7249,9000,1751,1.2416,30,0,100.0,100,10,0,0,1,0,1,1,1,0,62.23
10016,11500,1484,1.1482,30,0,75.0,100,5,1,1,1,1,1,0,1,1,63.62
13951,1000,12951,0.0717,30,0,100.0,0,0,0,0,0,1,1,1,1,1,25.97
9007,14000,4993,1.5543,30,0,100.0,100,4,1,0,0,0,1,1,1,1,52.46
7525,8000,475,1.0631,30,0,66.67,100,13,1,0,1,1,1,1,1,0,62.66
10841,8500,2341,0.7841,30,0,50.0,100,8,1,1,1,1,1,1,0,0,55.66
14993,9000,5993,0.6003,30,0,66.67,100,11,1,0,1,1,1,0,1,0,51.42
13370,9000,4370,0.6731,100,0,100.0,100,10,1,0,1,0,1,1,1,0,75.51
12497,12000,497,0.9602,100,0,100.0,100,5,1,0,1,1,1,1,1,1,84.7
11827,8500,3327,0.7187,30,100,100,100,8,0,0,0,0,1,1,0,0,78.23
7861,9500,1639,1.2085,30,0,50.0,100,9,1,1,1,1,1,1,0,0,53.22
11992,11000,992,0.9173,30,100,100.0,100,10,1,1,1,1,1,1,1,1,86.1
7006,14000,6994,1.9983,30,100,100.0,100,4,1,1,1,1,1,1,1,1,56.62
6992,12000,5008,1.7162,30,100,100.0,100,5,1,1,0,0,1,1,1,1,64.03
8986,8500,486,0.9459,30,0,100,100,12,0,0,0,0,1,1,1,0,68.52
9724,11500,1776,1.1826,30,100,66.67,100,5,0,1,1,1,1,0,1,1,76.3
10293,14000,3707,1.3601,30,0,100.0,100,4,1,1,1,1,1,1,1,1,59.17
7113,9000,1887,1.2653,30,0,50.0,100,11,1,1,1,1,1,0,1,0,55.05
7777,9500,1723,1.2216,30,0,75.0,100,4,1,1,1,1,1,0,1,1,56.81
12346,7000,5346,0.567,30,0,66.67,100,20,1,1,1,0,0,1,1,0,52.21
9688,9500,188,0.9806,30,100,75.0,100,4,1,1,1,1,1,0,1,1,80.77
6700,12000,5300,1.791,30,0,100.0,100,5,1,1,1,1,1,1,1,1,49.85
14517,7000,7517,0.4822,30,0,100,100,14,0,0,0,0,1,1,1,0,55.51
11122,9500,1622,0.8542,30,0,100.0,100,4,0,0,1,0,1,0,1,1,64.46
11111,7500,3611,0.675,30,0,33.33,100,15,1,1,0,1,0,1,1,0,46.9
6195,7500,1305,1.2107,100,100,33.33,100,15,1,1,0,1,0,1,1,0,82.16
7942,9000,1058,1.1332,30,0,33.33,100,11,0,1,1,1,1,0,1,0,52.25
6837,7000,163,1.0238,30,0,75.0,100,14,1,1,1,1,1,1,1,0,64.95
9894,9000,894,0.9096,30,0,75.0,100,10,1,1,1,1,1,1,1,0,64.31
11534,8000,3534,0.6936,30,0,100,100,13,0,0,0,0,1,1,1,0,63.01
10212,9000,1212,0.8813,30,0,100,100,10,0,0,0,0,1,1,1,0,68.16
9674,11500,1826,1.1888,30,0,50.0,100,5,0,1,1,0,1,0,1,1,58.33
5284,10000,4716,1.8925,30,0,100.0,100,8,1,0,0,0,1,1,1,1,46.24
7623,7500,123,0.9839,100,0,66.67,100,15,1,1,1,0,0,1,1,0,78.18
9293,1000,8293,0.1076,100,0,100.0,0,0,1,0,1,0,1,1,1,1,46.16
10892,6500,4392,0.5968,30,0,100.0,100,16,0,1,0,0,0,1,1,0,56.58
11491,8500,2991,0.7397,100,100,50.0,100,8,1,1,1,1,1,1,0,0,81.3
5054,9000,3946,1.7808,30,0,100.0,100,10,1,0,0,0,1,1,1,0,49.86
12526,1000,11526,0.0798,30,0,100,0,0,0,0,0,0,1,1,1,1,29.64
10514,8500,2014,0.8084,100,0,66.67,100,12,1,1,0,1,1,1,1,0,72.74
7896,10000,2104,1.2665,30,100,100.0,100,7,0,0,1,0,1,1,1,0,78.54
9107,9000,107,0.9883,30,0,100.0,100,11,1,0,1,0,1,0,1,0,71.75
5830,11500,5670,1.9726,30,100,75.0,100,5,1,1,1,1,1,0,1,1,54.15
10536,8500,2036,0.8068,30,0,66.67,100,8,1,1,1,0,1,1,0,0,60.98
6092,8000,1908,1.3132,30,100,75.0,100,13,1,1,1,1,1,1,1,0,74.32
11337,10000,1337,0.8821,30,0,66.67,100,7,1,1,0,1,1,1,1,0,58.96
10249,7000,3249,0.683,30,0,100.0,100,20,0,0,1,0,0,1,1,0,64.28
12071,9000,3071,0.7456,30,0,33.33,100,11,0,1,1,1,1,0,1,0,50.3
6547,9500,2953,1.451,30,0,100,100,4,0,0,0,0,1,0,1,1,58.4
9880,8500,1380,0.8603,100,0,100,100,8,0,0,0,0,1,1,0,0,79.46
10487,9000,1487,0.8582,30,100,100.0,100,11,1,0,1,0,1,0,1,0,80.8
9526,7500,2026,0.7873,100,0,33.33,100,15,1,0,1,1,0,1,1,0,67.2
10335,9000,1335,0.8708,30,100,100,100,10,0,0,0,0,1,1,1,0,81.05
13030,9500,3530,0.7291,100,0,100.0,100,4,0,0,0,1,1,0,1,1,78.57
14208,11500,2708,0.8094,100,0,100,100,5,0,0,0,0,1,0,1,1,76.39
7086,11500,4414,1.6229,30,0,100.0,100,5,1,0,0,1,1,0,1,1,54.03
10280,11500,1220,1.1187,30,0,100,100,5,0,0,0,0,1,0,1,1,67.67
14372,13000,1372,0.9045,30,100,100.0,80,3,0,1,1,1,1,1,1,1,82.05
14370,8500,5870,0.5915,30,100,100,100,12,0,0,0,0,1,1,1,0,75.04
11998,10000,1998,0.8335,30,0,100,100,7,0,0,0,0,1,1,1,0,66.96
11654,11500,154,0.9868,30,100,75.0,100,5,1,1,1,1,1,0,1,1,82.52
8202,10500,2298,1.2802,30,0,100.0,100,6,0,1,0,1,1,1,0,1,65.33
8721,8500,221,0.9747,30,100,100,100,12,0,0,0,0,1,1,1,0,86.41
14285,10000,4285,0.7,30,100,66.67,100,7,1,0,1,1,1,1,1,0,71.63
11746,10000,1746,0.8514,30,0,50.0,100,7,0,1,0,1,1,1,1,0,57.3
10829,13000,2171,1.2005,30,0,100.0,80,3,1,1,1,1,1,1,1,1,63.01
12657,9000,3657,0.7111,30,0,100,100,10,0,0,0,0,1,1,1,0,63.5
9260,7500,1760,0.8099,30,0,50.0,100,15,1,1,1,1,0,1,1,0,54.85
13448,10000,3448,0.7436,30,0,100.0,100,8,1,0,0,1,1,1,1,1,65.74
14117,10000,4117,0.7084,30,100,100,100,8,0,0,0,0,1,1,1,1,74.91
8003,12000,3997,1.4994,30,100,100.0,100,5,1,1,1,1,1,1,1,1,73.77
11364,8500,2864,0.748,100,0,100,100,12,0,0,0,0,1,1,1,0,78.1
5642,10000,4358,1.7724,100,0,100.0,100,7,0,0,1,0,1,1,1,0,60.64
7640,9000,1360,1.178,30,0,100,100,11,0,0,0,0,1,0,1,0,68.34
14178,9000,5178,0.6348,30,0,66.67,100,10,1,0,1,1,1,1,1,0,53.06
11895,11500,395,0.9668,30,100,66.67,100,5,1,1,0,1,1,0,1,1,80.9
6249,9500,3251,1.5202,30,0,100.0,100,4,1,0,1,1,1,0,1,1,52.85
12843,8500,4343,0.6618,30,0,100.0,100,12,0,1,0,0,1,1,1,0,61.56
5498,6500,1002,1.1822,30,0,100,100,16,0,0,0,0,0,1,1,0,66.69
5745,7000,1255,1.2185,30,0,75.0,100,14,1,1,1,1,1,1,1,0,60.37
10540,10000,540,0.9488,30,0,100,100,8,0,0,0,0,1,1,1,1,69.66
12614,10500,2114,0.8324,30,100,100.0,100,6,1,1,0,1,1,1,0,1,78.9
12238,6500,5738,0.5311,30,100,100,100,16,0,0,0,0,0,1,1,0,74.46
10899,10500,399,0.9634,30,0,50.0,100,6,1,0,1,0,1,1,0,1,59.9
8877,7000,1877,0.7886,30,100,50.0,100,14,0,1,0,1,1,1,1,0,68.03
12564,11500,1064,0.9153,30,100,100.0,100,5,1,0,0,1,1,0,1,1,85.77
8820,8500,320,0.9637,30,100,66.67,100,8,1,1,1,0,1,1,0,0,77.45
11103,11000,103,0.9907,30,100,100,100,10,0,0,0,0,1,1,1,1,85.3
14684,7000,7684,0.4767,30,100,100.0,100,20,0,0,1,0,0,1,1,0,68.76
6350,7000,650,1.1024,30,0,50.0,100,20,1,1,1,1,0,1,1,0,59.48
13556,7000,6556,0.5164,30,0,0.0,100,20,1,0,0,0,0,1,1,0,36.58
8809,8500,309,0.9649,30,0,100.0,100,12,0,1,0,0,1,1,1,0,69.43
8051,8000,51,0.9937,30,0,100,100,13,0,0,0,0,1,1,1,0,71.79
9659,8500,1159,0.88,30,0,100.0,100,12,1,1,0,0,1,1,1,0,64.55
5414,8000,2586,1.4777,30,100,100.0,100,13,1,0,0,0,1,1,1,0,68.82
9231,8500,731,0.9208,30,0,0.0,100,12,0,0,0,1,1,1,1,0,47.01
14402,9500,4902,0.6596,100,100,0.0,100,9,0,0,1,0,1,1,0,0,69.38
5557,9500,3943,1.7096,100,100,50.0,100,9,1,1,1,1,1,1,0,0,71.23
10095,10000,95,0.9906,30,100,100,100,7,0,0,0,0,1,1,1,0,84.53
9891,9500,391,0.9605,30,0,75.0,100,4,1,1,1,1,1,0,1,1,64.98
10741,9500,1241,0.8845,30,100,100,100,9,0,0,0,0,1,1,0,0,85.17
9208,9500,292,1.0317,30,100,50.0,100,4,0,1,0,1,1,0,1,1,73.16
8119,10000,1881,1.2317,100,100,100.0,100,7,0,1,0,0,1,1,1,0,90.15
9113,10000,887,1.0973,30,0,100.0,100,7,1,0,1,0,1,1,1,0,70.38
8436,7500,936,0.889,30,100,50.0,100,15,1,1,1,1,0,1,1,0,70.93
11626,13000,1374,1.1182,30,0,100.0,80,3,0,0,0,1,1,1,1,1,63.54
12344,14000,1656,1.1342,30,0,100,100,4,0,0,0,0,1,1,1,1,67.75
9400,12000,2600,1.2766,30,100,100.0,100,5,1,1,1,1,1,1,1,1,76.07
6299,1000,5299,0.1588,30,0,100.0,0,0,1,0,0,0,1,1,1,1,30.72
13839,10000,3839,0.7226,30,0,66.67,100,7,1,0,1,1,1,1,1,0,57.72
11706,10000,1706,0.8543,30,0,100.0,100,8,1,0,0,0,1,1,1,1,69.34
10531,8500,2031,0.8071,30,100,66.67,100,8,1,1,1,0,1,1,0,0,75.59
5887,11500,5613,1.9535,30,0,100.0,100,5,0,0,1,0,1,0,1,1,42.85
13889,14000,111,1.008,30,0,100.0,100,4,1,1,0,1,1,1,1,1,73.67
12389,10000,2389,0.8072,30,0,100,100,7,0,0,0,0,1,1,1,0,67.03
10284,6500,3784,0.632,30,0,100,100,16,0,0,0,0,0,1,1,0,57.91
11391,10000,1391,0.8779,30,100,66.67,100,7,1,1,0,1,1,1,1,0,77.29
14895,9500,5395,0.6378,30,0,75.0,100,4,1,1,1,1,1,0,1,1,52.39
13108,8500,4608,0.6485,30,100,66.67,100,12,0,1,1,1,1,1,1,0,66.71
12047,13000,953,1.0791,30,0,100.0,80,3,0,1,1,1,1,1,1,1,63.88
14497,14000,497,0.9657,30,100,100.0,100,4,1,1,1,1,1,1,1,1,87.46
12711,13000,289,1.0227,30,0,100,80,3,0,0,0,0,1,1,1,1,65.28
7168,14000,6832,1.9531,30,0,100.0,100,4,1,1,1,1,1,1,1,1,41.37
10223,1000,9223,0.0978,30,100,100.0,0,0,1,1,1,1,1,1,1,1,44.7
5540,6500,960,1.1733,30,100,50.0,100,16,1,1,1,1,0,1,1,0,68.06
6196,6500,304,1.0491,30,100,50.0,100,16,0,0,1,1,0,1,1,0,74.34
9699,7000,2699,0.7217,100,100,100,100,14,0,0,0,0,1,1,1,0,92.25
9033,9000,33,0.9963,30,0,100.0,100,10,1,1,0,0,1,1,1,0,73.75
12245,14000,1755,1.1433,30,0,100.0,100,4,1,0,0,1,1,1,1,1,66.79
14572,9500,5072,0.6519,30,0,50.0,100,4,0,1,0,1,1,0,1,1,50.31
5228,9500,4272,1.8171,30,0,100.0,100,4,1,0,1,1,1,0,1,1,49.4
5305,9500,4195,1.7908,30,100,50.0,100,9,0,1,1,0,1,1,0,0,52.39
11130,11000,130,0.9883,30,100,100.0,100,10,0,1,1,0,1,1,1,1,84.82
13602,13000,602,0.9557,100,100,100,80,3,0,0,0,0,1,1,1,1,94.14
5771,9000,3229,1.5595,100,0,75.0,100,10,1,1,1,1,1,1,1,0,65.62
5675,11000,5325,1.9383,30,100,100.0,100,10,1,0,0,1,1,1,1,1,55.06
6820,6500,320,0.9531,30,100,100.0,100,16,0,1,0,0,0,1,1,0,85.55
11324,8000,3324,0.7065,100,0,100,100,13,0,0,0,0,1,1,1,0,78.02
11552,7500,4052,0.6492,30,0,100,100,15,0,0,0,0,0,1,1,0,63.14
7406,6500,906,0.8777,30,0,50.0,100,16,0,1,0,1,0,1,1,0,55.93
5400,1000,4400,0.1852,100,0,100.0,0,0,1,1,1,1,1,1,1,1,46.49
7902,13000,5098,1.6452,30,0,100.0,80,3,0,1,0,0,1,1,1,1,50.19
7671,8500,829,1.1081,30,0,100.0,100,8,1,1,0,0,1,1,0,0,70.13
11651,14000,2349,1.2016,30,100,100,100,4,0,0,0,0,1,1,1,1,80.98
13457,7000,6457,0.5202,30,0,0.0,100,20,0,0,0,1,0,1,1,0,37.15
12828,9000,3828,0.7016,100,0,100.0,100,10,1,0,0,0,1,1,1,0,76.57
6973,10000,3027,1.4341,100,0,66.67,100,7,1,0,1,1,1,1,1,0,67.97
10130,11500,1370,1.1352,30,100,0.0,100,5,0,1,0,0,1,0,1,1,61.27
6338,8000,1662,1.2622,100,0,100,100,13,0,0,0,0,1,1,1,0,78.3
5403,7500,2097,1.3881,30,0,66.67,100,15,0,1,1,1,0,1,1,0,52.58
14104,7500,6604,0.5318,30,0,50.0,100,15,1,1,1,1,0,1,1,0,44.82
13639,7000,6639,0.5132,30,100,66.67,100,14,0,1,1,1,1,1,1,0,65.78
7210,9500,2290,1.3176,30,0,100,100,9,0,0,0,0,1,1,0,0,64.09
11941,8500,3441,0.7118,30,0,100.0,100,8,0,1,0,0,1,1,0,0,63.44
5151,9000,3849,1.7472,30,0,66.67,100,11,1,1,1,0,1,0,1,0,41.37
5056,10500,5444,2.0767,30,100,66.67,100,6,0,1,1,1,1,1,0,1,47.55
11541,7000,4541,0.6065,30,0,100,100,14,0,0,0,0,1,1,1,0,61.12
10625,6500,4125,0.6118,30,0,100,100,16,0,0,0,0,0,1,1,0,61.04
5065,11000,5935,2.1718,30,100,100.0,100,10,1,1,1,0,1,1,1,1,55.02
14949,14000,949,0.9365,30,0,100.0,100,4,1,0,0,0,1,1,1,1,69.56
5798,10000,4202,1.7247,30,100,100.0,100,7,1,1,0,0,1,1,1,0,62.69
13329,11500,1829,0.8628,30,0,100.0,100,5,1,0,0,1,1,0,1,1,66.73
14449,7000,7449,0.4845,30,0,33.33,100,20,1,1,0,1,0,1,1,0,39.3
11004,12000,996,1.0905,30,0,100.0,100,5,1,1,1,1,1,1,1,1,68.47
6431,8000,1569,1.244,30,0,100,100,13,0,0,0,0,1,1,1,0,63.07
11278,11000,278,0.9754,30,0,100.0,100,10,0,0,1,0,1,1,1,1,69.26
6169,7000,831,1.1347,30,0,100,100,14,0,0,0,0,1,1,1,0,68.43
8134,9000,866,1.1065,30,0,100.0,100,10,1,1,1,0,1,1,1,0,65.39
12568,11000,1568,0.8752,100,100,100.0,100,10,1,1,0,1,1,1,1,1,98.45
13395,10000,3395,0.7465,100,0,100.0,100,7,1,0,1,0,1,1,1,0,77.25
6300,8500,2200,1.3492,30,0,100,100,8,0,0,0,0,1,1,0,0,63.48
10438,10500,62,1.0059,30,0,100.0,100,6,0,1,0,1,1,1,0,1,73.68
13085,6500,6585,0.4968,100,0,100.0,100,16,0,1,0,0,0,1,1,0,72.55
14711,7000,7711,0.4758,30,0,100.0,100,20,0,1,0,0,0,1,1,0,57.92
7201,14000,6799,1.9442,30,0,100.0,100,4,1,1,1,1,1,1,1,1,42.02
6292,8500,2208,1.3509,30,0,0.0,100,8,0,0,1,1,1,1,0,0,40.18
7070,8500,1430,1.2023,30,0,66.67,100,8,1,1,1,0,1,1,0,0,55.38
12923,12000,923,0.9286,100,100,100,100,5,0,0,0,0,1,1,1,1,99.06
10069,13000,2931,1.2911,30,0,100,80,3,0,0,0,0,1,1,1,1,59.14
13502,10500,3002,0.7777,100,100,66.67,100,6,1,1,1,0,1,1,0,1,86.78
13010,13000,10,0.9992,30,0,100.0,80,3,1,0,0,1,1,1,1,1,66.48
9660,13000,3340,1.3458,30,0,100.0,80,3,1,1,1,1,1,1,1,1,58.53
10031,14000,3969,1.3957,30,0,100.0,100,4,0,1,1,0,1,1,1,1,57.4
5693,11500,5807,2.02,30,100,100,100,5,0,0,0,0,1,0,1,1,53.83
9679,9500,179,0.9815,30,0,100,100,4,0,0,0,0,1,0,1,1,70.46
12262,7000,5262,0.5709,30,0,100,100,14,0,0,0,0,1,1,1,0,59.91
11423,7000,4423,0.6128,30,0,100.0,100,14,0,0,1,0,1,1,1,0,62.12
12643,11500,1143,0.9096,30,0,50.0,100,5,1,1,0,0,1,0,1,1,59.39
11606,8500,3106,0.7324,30,0,50.0,100,8,0,1,1,0,1,1,0,0,53.3
11798,7000,4798,0.5933,30,0,100.0,100,14,1,0,0,0,1,1,1,0,58.68
14351,12000,2351,0.8362,30,0,100.0,100,5,1,1,1,1,1,1,1,1,67.07
14915,8500,6415,0.5699,30,0,100.0,100,12,1,1,1,0,1,1,1,0,61.04
12406,9500,2906,0.7658,30,0,33.33,100,9,1,0,1,1,1,1,0,0,51.38
11127,13000,1873,1.1683,30,0,100.0,80,3,0,0,1,1,1,1,1,1,60.94
11598,7000,4598,0.6036,30,0,50.0,100,14,0,0,1,1,1,1,1,0,48.96
8801,10000,1199,1.1362,30,0,100,100,8,0,0,0,0,1,1,1,1,64.84
5277,7000,1723,1.3265,30,0,100.0,100,20,0,1,1,0,0,1,1,0,61.0
8656,9000,344,1.0397,30,0,100.0,100,10,0,1,0,0,1,1,1,0,68.31
7313,8000,687,1.0939,30,0,50.0,100,13,1,0,0,1,1,1,1,0,56.96
12096,9500,2596,0.7854,30,100,100.0,100,4,0,0,1,1,1,0,1,1,81.65
14458,8500,5958,0.5879,30,100,50.0,100,12,1,0,0,1,1,1,1,0,62.91
13320,11500,1820,0.8634,30,0,100.0,100,5,1,0,0,1,1,0,1,1,66.95
10518,10500,18,0.9983,30,100,75.0,100,6,1,1,1,1,1,1,0,1,79.62
13284,7500,5784,0.5646,30,0,33.33,100,15,1,1,0,1,0,1,1,0,43.19
13179,9500,3679,0.7208,30,0,66.67,100,4,1,1,1,0,1,0,1,1,55.69
12357,14000,1643,1.133,30,0,100.0,100,4,0,0,0,1,1,1,1,1,65.07
7357,11000,3643,1.4952,30,100,100.0,100,10,1,0,1,0,1,1,1,1,68.68
14913,13000,1913,0.8717,30,0,100.0,80,3,1,0,1,1,1,1,1,1,64.43
14995,11500,3495,0.7669,30,0,100.0,100,5,1,0,1,0,1,0,1,1,66.44
13896,7500,6396,0.5397,30,0,50.0,100,15,1,1,0,0,0,1,1,0,49.18
14874,9500,5374,0.6387,30,0,75.0,100,4,1,1,1,1,1,0,1,1,56.18
14031,8500,5531,0.6058,30,0,33.33,100,8,0,1,1,1,1,1,0,0,44.33
7435,14000,6565,1.883,30,0,100.0,100,4,1,1,1,1,1,1,1,1,46.1
7950,7000,950,0.8805,30,0,100,100,14,0,0,0,0,1,1,1,0,70.1
5152,7000,1848,1.3587,30,0,100,100,14,0,0,0,0,1,1,1,0,59.03
5843,14000,8157,2.396,30,0,100.0,100,4,1,0,1,0,1,1,1,1,38.64
13138,9000,4138,0.685,30,0,100.0,100,10,0,0,1,0,1,1,1,0,62.3
6084,9000,2916,1.4793,30,0,66.67,100,11,1,0,1,1,1,0,1,0,51.4
14296,1000,13296,0.0699,30,0,100.0,0,0,0,0,0,1,1,1,1,1,30.07
14814,11000,3814,0.7425,100,100,100.0,100,10,0,1,0,0,1,1,1,1,94.67
8519,10000,1481,1.1738,100,100,75.0,100,7,1,1,1,1,1,1,1,0,87.93
13582,8000,5582,0.589,30,100,0.0,100,13,0,0,0,1,1,1,1,0,51.7
8816,6500,2316,0.7373,30,100,100,100,16,0,0,0,0,0,1,1,0,77.95
7021,14000,6979,1.994,30,0,100.0,100,4,0,0,0,1,1,1,1,1,38.85
14743,12000,2743,0.8139,30,100,100.0,100,5,1,1,1,1,1,1,1,1,81.99
5802,10000,4198,1.7235,30,0,100,100,7,0,0,0,0,1,1,1,0,48.48
8261,8000,261,0.9684,100,0,100,100,13,0,0,0,0,1,1,1,0,85.61
12828,10000,2828,0.7795,30,0,100,100,8,0,0,0,0,1,1,1,1,66.08
12284,10000,2284,0.8141,30,100,100,100,8,0,0,0,0,1,1,1,1,77.53
11673,7000,4673,0.5997,30,0,50.0,100,14,0,0,1,1,1,1,1,0,46.35
12672,14000,1328,1.1048,30,0,100.0,100,4,0,0,1,0,1,1,1,1,68.82
7788,9500,1712,1.2198,30,0,100.0,100,4,1,0,0,0,1,0,1,1,61.44
8962,7500,1462,0.8369,30,0,100.0,100,15,0,1,1,0,0,1,1,0,63.42
10267,7000,3267,0.6818,30,0,75.0,100,14,1,1,1,1,1,1,1,0,58.32
14905,14000,905,0.9393,30,0,100.0,100,4,1,1,1,1,1,1,1,1,66.31
7147,10000,2853,1.3992,30,100,100,100,7,0,0,0,0,1,1,1,0,71.08
5785,14000,8215,2.4201,30,0,100.0,100,4,1,1,1,0,1,1,1,1,38.57
5914,6500,586,1.0991,30,100,50.0,100,16,0,1,0,1,0,1,1,0,73.29
12529,1000,11529,0.0798,30,0,100,0,0,0,0,0,0,1,1,1,1,30.36
12651,11000,1651,0.8695,30,0,100.0,100,10,1,1,1,0,1,1,1,1,67.92
10468,6500,3968,0.6209,30,100,100,100,16,0,0,0,0,0,1,1,0,72.1
9210,9000,210,0.9772,30,0,100,100,11,0,0,0,0,1,0,1,0,70.55
13891,9500,4391,0.6839,30,0,50.0,100,9,1,0,1,0,1,1,0,0,54.06
12709,7500,5209,0.5901,30,100,50.0,100,15,1,0,1,0,0,1,1,0,65.54
13030,8500,4530,0.6523,30,100,100,100,8,0,0,0,0,1,1,0,0,76.3
8297,9500,1203,1.145,30,100,66.67,100,9,1,1,0,1,1,1,0,0,72.28
12437,7500,4937,0.603,30,0,33.33,100,15,1,1,0,1,0,1,1,0,42.94
13563,9000,4563,0.6636,30,0,100.0,100,10,0,0,1,0,1,1,1,0,58.31
7978,7000,978,0.8774,30,0,33.33,100,20,1,1,0,1,0,1,1,0,53.4
13663,9000,4663,0.6587,30,0,50.0,100,11,0,1,1,0,1,0,1,0,49.03
7317,9000,1683,1.23,30,100,75.0,100,10,1,1,1,1,1,1,1,0,71.64
5303,7500,2197,1.4143,100,100,100,100,15,0,0,0,0,0,1,1,0,85.27
10502,12000,1498,1.1426,30,100,100.0,100,5,0,0,0,1,1,1,1,1,81.77
9877,7000,2877,0.7087,30,100,100,100,20,0,0,0,0,0,1,1,0,77.09
5075,10000,4925,1.9704,100,100,100.0,100,8,1,1,1,1,1,1,1,1,68.33
14576,9000,5576,0.6175,30,0,66.67,100,10,1,0,1,1,1,1,1,0,54.16
5855,9500,3645,1.6225,30,0,100.0,100,9,1,1,0,0,1,1,0,0,51.18
6844,14000,7156,2.0456,30,0,100.0,100,4,1,1,1,1,1,1,1,1,39.51
13586,1000,12586,0.0736,30,0,100,0,0,0,0,0,0,1,1,1,1,25.78
11059,8500,2559,0.7686,30,0,100,100,8,0,0,0,0,1,1,0,0,64.58
7650,9500,1850,1.2418,30,0,75.0,100,4,1,1,1,1,1,0,1,1,61.41
11104,9000,2104,0.8105,30,100,33.33,100,11,0,1,1,1,1,0,1,0,65.16
7740,8500,760,1.0982,30,0,66.67,100,8,1,1,1,0,1,1,0,0,60.44
12400,8500,3900,0.6855,30,0,100.0,100,8,1,1,0,0,1,1,0,0,58.63
6303,13000,6697,2.0625,30,0,100.0,80,3,1,0,1,1,1,1,1,1,39.45
6867,9000,2133,1.3106,30,0,66.67,100,10,1,0,1,1,1,1,1,0,52.83
5627,10000,4373,1.7771,30,0,75.0,100,7,1,1,1,1,1,1,1,0,45.23
10115,11500,1385,1.1369,30,100,100.0,100,5,1,0,0,0,1,0,1,1,81.21
11223,8500,2723,0.7574,30,0,66.67,100,12,1,0,1,1,1,1,1,0,54.97
10643,12000,1357,1.1275,30,0,100,100,5,0,0,0,0,1,1,1,1,69.93
5181,9500,4319,1.8336,30,0,100.0,100,9,0,1,0,0,1,1,0,0,45.16
6847,10000,3153,1.4605,30,0,100.0,100,8,1,1,1,0,1,1,1,1,58.18
14112,10500,3612,0.744,30,100,50.0,100,6,0,0,1,1,1,1,0,1,68.93
11613,11500,113,0.9903,30,0,75.0,100,5,1,1,1,1,1,0,1,1,67.11
6996,14000,7004,2.0011,30,0,100.0,100,4,1,0,0,0,1,1,1,1,43.1
11003,13000,1997,1.1815,30,100,100.0,80,3,0,1,0,1,1,1,1,1,75.19
5589,7000,1411,1.2525,30,0,100.0,100,14,1,1,0,0,1,1,1,0,62.16
13711,11000,2711,0.8023,100,0,100.0,100,10,1,0,0,1,1,1,1,1,81.93
10196,10000,196,0.9808,30,0,100.0,100,8,1,0,0,1,1,1,1,1,68.49
11855,10000,1855,0.8435,30,0,100.0,100,8,0,0,1,0,1,1,1,1,63.98
8610,6500,2110,0.7549,30,0,50.0,100,16,1,1,1,1,0,1,1,0,52.55
8059,13000,4941,1.6131,30,0,100.0,80,3,1,0,0,0,1,1,1,1,50.75
12885,8500,4385,0.6597,100,100,50.0,100,12,1,0,0,1,1,1,1,0,80.5
7006,8000,994,1.1419,30,0,100,100,13,0,0,0,0,1,1,1,0,65.87
12671,6500,6171,0.513,30,0,33.33,100,16,1,0,1,1,0,1,1,0,41.83
11077,7000,4077,0.6319,30,0,50.0,100,14,1,0,0,1,1,1,1,0,51.27
13338,11500,1838,0.8622,30,0,100.0,100,5,0,0,0,1,1,0,1,1,66.35
11542,11500,42,0.9964,30,0,100.0,100,5,1,0,0,0,1,0,1,1,72.74
7639,9500,1861,1.2436,30,100,100.0,100,9,0,1,0,0,1,1,0,0,77.94
12052,7000,5052,0.5808,30,0,100.0,100,20,0,0,1,0,0,1,1,0,55.92
8430,7500,930,0.8897,30,0,0.0,100,15,1,0,0,0,0,1,1,0,45.49
10508,9000,1508,0.8565,100,0,100,100,10,0,0,0,0,1,1,1,0,82.15
9404,6500,2904,0.6912,30,100,50.0,100,16,1,1,1,1,0,1,1,0,66.41
12321,10000,2321,0.8116,100,0,100.0,100,8,1,1,1,1,1,1,1,1,77.24
6288,1000,5288,0.159,100,100,100.0,0,0,1,1,1,1,1,1,1,1,58.26
12712,11500,1212,0.9047,30,0,100,100,5,0,0,0,0,1,0,1,1,69.53
5277,9500,4223,1.8003,30,100,100,100,9,0,0,0,0,1,1,0,0,64.54
14366,10500,3866,0.7309,30,100,100.0,100,6,0,1,0,0,1,1,0,1,76.85
12227,14000,1773,1.145,30,0,100.0,100,4,1,1,0,0,1,1,1,1,64.92
13057,10000,3057,0.7659,100,0,100.0,100,8,1,0,0,0,1,1,1,1,76.4
10078,14000,3922,1.3892,30,0,100.0,100,4,1,0,1,0,1,1,1,1,58.52
8142,11000,2858,1.351,30,0,100.0,100,10,1,0,1,0,1,1,1,1,61.17
11387,10500,887,0.9221,30,0,75.0,100,6,1,1,1,1,1,1,0,1,61.24
11736,8500,3236,0.7243,30,0,100,100,12,0,0,0,0,1,1,1,0,63.64
12066,7500,4566,0.6216,30,100,50.0,100,15,1,1,1,1,0,1,1,0,62.98
13606,7500,6106,0.5512,30,0,100.0,100,15,0,0,1,0,0,1,1,0,59.4
5795,13000,7205,2.2433,30,100,100,80,3,0,0,0,0,1,1,1,1,51.52
9867,13000,3133,1.3175,30,100,100,80,3,0,0,0,0,1,1,1,1,73.42
10129,8000,2129,0.7898,30,0,50.0,100,13,1,0,0,1,1,1,1,0,57.2
5841,8500,2659,1.4552,30,0,75.0,100,12,1,1,1,1,1,1,1,0,49.93
12942,6500,6442,0.5022,30,0,100,100,16,0,0,0,0,0,1,1,0,55.34
12360,8500,3860,0.6877,30,0,75.0,100,12,1,1,1,1,1,1,1,0,59.04
12729,10000,2729,0.7856,30,0,100,100,7,0,0,0,0,1,1,1,0,62.05
7571,7000,571,0.9246,30,0,66.67,100,20,0,1,1,1,0,1,1,0,62.46
11649,8000,3649,0.6868,30,0,66.67,100,13,1,0,1,1,1,1,1,0,56.62
12006,9500,2506,0.7913,30,0,100.0,100,9,1,1,0,0,1,1,0,0,66.1
14484,10000,4484,0.6904,30,100,50.0,100,7,0,0,1,1,1,1,1,0,67.02
6373,8500,2127,1.3338,30,0,0.0,100,8,0,0,1,1,1,1,0,0,40.56
6173,8500,2327,1.377,30,100,0.0,100,8,0,0,1,0,1,1,0,0,56.52
8016,11500,3484,1.4346,30,0,75.0,100,5,1,1,1,1,1,0,1,1,55.7
9599,13000,3401,1.3543,30,0,100.0,80,3,1,1,1,1,1,1,1,1,56.73
13040,11000,2040,0.8436,30,0,100.0,100,10,1,0,1,1,1,1,1,1,63.71
9967,7000,2967,0.7023,30,0,100,100,20,0,0,0,0,0,1,1,0,59.74
13795,12000,1795,0.8699,30,0,100.0,100,5,0,0,0,1,1,1,1,1,68.53
6935,7000,65,1.0094,30,0,50.0,100,20,1,1,1,1,0,1,1,0,57.8
10005,9500,505,0.9495,30,100,100,100,9,0,0,0,0,1,1,0,0,81.94
8735,10000,1265,1.1448,30,100,100.0,100,8,1,0,0,0,1,1,1,1,80.56
7855,7000,855,0.8912,30,0,0.0,100,20,1,0,0,0,0,1,1,0,48.1
7848,1000,6848,0.1274,100,0,100.0,0,0,1,0,0,1,1,1,1,1,41.09
9300,14000,4700,1.5054,30,0,100.0,100,4,1,1,0,0,1,1,1,1,54.71
14335,6500,7835,0.4534,30,0,50.0,100,16,1,1,1,1,0,1,1,0,47.27
5609,9500,3891,1.6937,30,100,100,100,4,0,0,0,0,1,0,1,1,64.56
7190,10000,2810,1.3908,30,0,100.0,100,8,1,1,1,1,1,1,1,1,58.52
5527,10000,4473,1.8093,100,0,100.0,100,8,0,1,0,0,1,1,1,1,58.15
8398,14000,5602,1.6671,30,0,100.0,100,4,1,0,1,1,1,1,1,1,49.7
8837,1000,7837,0.1132,30,0,100.0,0,0,0,0,1,0,1,1,1,1,27.42
11070,12000,930,1.084,30,100,100.0,100,5,1,1,0,0,1,1,1,1,80.91
6103,8500,2397,1.3928,30,100,100.0,100,8,1,0,0,0,1,1,0,0,71.52
8847,7500,1347,0.8477,30,100,33.33,100,15,1,0,1,1,0,1,1,0,68.07
10674,8000,2674,0.7495,30,100,100.0,100,13,1,0,1,0,1,1,1,0,77.17
8151,7000,1151,0.8588,30,100,50.0,100,20,1,0,1,0,0,1,1,0,69.41
6871,9000,2129,1.3099,30,0,66.67,100,10,0,1,1,1,1,1,1,0,53.88
9148,11000,1852,1.2024,30,0,100.0,100,10,0,0,1,1,1,1,1,1,62.77
9680,8500,1180,0.8781,30,0,0.0,100,8,0,0,1,1,1,1,0,0,49.32
7107,7000,107,0.9849,30,0,100.0,100,14,0,1,0,0,1,1,1,0,72.75
11878,8000,3878,0.6735,30,0,100.0,100,13,1,1,0,0,1,1,1,0,59.65
6129,8500,2371,1.3868,30,100,50.0,100,12,0,1,0,1,1,1,1,0,65.94
6072,9500,3428,1.5646,30,0,33.33,100,9,0,1,1,1,1,1,0,0,39.73
14538,14000,538,0.963,30,0,100.0,100,4,1,1,0,0,1,1,1,1,68.9
10188,11000,812,1.0797,30,0,100.0,100,10,1,1,1,1,1,1,1,1,67.82
7507,7000,507,0.9325,100,0,100.0,100,20,0,0,1,0,0,1,1,0,82.03
12760,8000,4760,0.627,30,0,100,100,13,0,0,0,0,1,1,1,0,61.32
14192,12000,2192,0.8455,30,0,100.0,100,5,0,1,1,0,1,1,1,1,67.32
10108,14000,3892,1.385,30,0,100.0,100,4,1,1,1,0,1,1,1,1,59.64
6578,9000,2422,1.3682,30,100,100,100,11,0,0,0,0,1,0,1,0,77.3
13817,9500,4317,0.6876,30,100,100,100,9,0,0,0,0,1,1,0,0,79.55
8143,7500,643,0.921,100,100,100.0,100,15,0,1,1,0,0,1,1,0,99.22
10771,9000,1771,0.8356,30,0,0.0,100,11,0,1,0,0,1,0,1,0,43.9
12737,8000,4737,0.6281,30,100,50.0,100,13,0,0,1,1,1,1,1,0,65.77
8945,10000,1055,1.1179,30,100,100.0,100,8,1,1,1,0,1,1,1,1,85.37
9826,10000,174,1.0177,30,0,100.0,100,8,1,1,1,1,1,1,1,1,73.07
5444,10000,4556,1.8369,30,0,100,100,8,0,0,0,0,1,1,1,1,46.99
5227,10000,4773,1.9131,30,0,66.67,100,7,0,1,1,1,1,1,1,0,39.64
13035,8500,4535,0.6521,30,100,50.0,100,8,1,1,1,1,1,1,0,0,68.47
5517,7000,1483,1.2688,30,0,66.67,100,14,1,0,1,1,1,1,1,0,54.48
10068,8000,2068,0.7946,100,0,100.0,100,13,1,1,0,0,1,1,1,0,81.41
6168,11500,5332,1.8645,30,0,100,100,5,0,0,0,0,1,0,1,1,42.82
13365,8500,4865,0.636,30,0,50.0,100,8,1,1,1,1,1,1,0,0,47.87
14783,9000,5783,0.6088,30,100,0.0,100,11,0,0,0,1,1,0,1,0,53.5
13082,1000,12082,0.0764,30,0,100,0,0,0,0,0,0,1,1,1,1,28.91
11140,1000,10140,0.0898,30,0,100.0,0,0,1,1,1,1,1,1,1,1,25.71
14647,11000,3647,0.751,100,100,100.0,100,10,1,0,1,1,1,1,1,1,91.53
10845,10000,845,0.9221,30,100,100.0,100,8,0,0,1,0,1,1,1,1,86.31
11573,9500,2073,0.8209,30,0,100.0,100,9,0,1,0,0,1,1,0,0,68.37
10136,1000,9136,0.0987,30,100,100,0,0,0,0,0,0,1,1,1,1,44.59
8431,7500,931,0.8896,30,100,66.67,100,15,0,1,1,1,0,1,1,0,75.09
13693,8500,5193,0.6208,30,100,100,100,8,0,0,0,0,1,1,0,0,77.49
11682,10500,1182,0.8988,30,0,100.0,100,6,1,1,0,0,1,1,0,1,65.89
7104,9500,2396,1.3373,100,0,50.0,100,9,1,1,1,1,1,1,0,0,62.49
9478,10000,522,1.0551,100,0,66.67,100,7,0,1,1,1,1,1,1,0,79.1
11594,8500,3094,0.7331,30,0,50.0,100,8,1,1,1,1,1,1,0,0,50.62
11430,8500,2930,0.7437,30,100,100,100,8,0,0,0,0,1,1,0,0,81.03
12633,9000,3633,0.7124,30,0,75.0,100,10,1,1,1,1,1,1,1,0,58.46
11079,12000,921,1.0831,30,0,100,100,5,0,0,0,0,1,1,1,1,69.87
13564,9500,4064,0.7004,30,0,100,100,4,0,0,0,0,1,0,1,1,62.74
14407,8000,6407,0.5553,30,0,75.0,100,13,1,1,1,1,1,1,1,0,50.33
7660,8000,340,1.0444,30,100,75.0,100,13,1,1,1,1,1,1,1,0,78.19
6245,1000,5245,0.1601,30,0,100.0,0,0,1,0,0,0,1,1,1,1,29.63
12079,14000,1921,1.159,30,0,100.0,100,4,1,1,1,0,1,1,1,1,66.99
7719,1000,6719,0.1296,30,100,100.0,0,0,0,1,0,0,1,1,1,1,46.85
8041,10500,2459,1.3058,30,0,66.67,100,6,1,1,1,0,1,1,0,1,53.95
11879,10000,1879,0.8418,100,0,100.0,100,7,1,0,0,0,1,1,1,0,77.88
11399,12000,601,1.0527,30,100,100,100,5,0,0,0,0,1,1,1,1,86.76
14470,1000,13470,0.0691,30,0,100.0,0,0,1,1,1,1,1,1,1,1,30.6
11616,7000,4616,0.6026,30,100,50.0,100,14,1,0,0,1,1,1,1,0,61.9
13401,9000,4401,0.6716,30,0,66.67,100,10,0,1,1,1,1,1,1,0,54.7
11964,7000,4964,0.5851,30,100,66.67,100,14,1,0,1,1,1,1,1,0,68.25
5319,7000,1681,1.316,30,0,66.67,100,14,0,1,1,1,1,1,1,0,52.05
5696,10500,4804,1.8434,100,100,75.0,100,6,1,1,1,1,1,1,0,1,71.94
5621,9500,3879,1.6901,30,0,75.0,100,4,1,1,1,1,1,0,1,1,42.45
8159,8500,341,1.0418,30,100,50.0,100,12,0,1,0,1,1,1,1,0,72.91
9704,10000,296,1.0305,30,100,100.0,100,8,0,0,1,0,1,1,1,1,82.3
12446,7500,4946,0.6026,100,0,50.0,100,15,0,1,0,1,0,1,1,0,65.09
8663,10000,1337,1.1543,30,0,75.0,100,7,1,1,1,1,1,1,1,0,58.42
5016,14000,8984,2.7911,30,0,100,100,4,0,0,0,0,1,1,1,1,43.56
9400,6500,2900,0.6915,30,0,0.0,100,16,0,0,0,1,0,1,1,0,40.38
7873,12000,4127,1.5242,30,0,100,100,5,0,0,0,0,1,1,1,1,54.46
7100,1000,6100,0.1408,30,100,100.0,0,0,1,0,0,0,1,1,1,1,42.26
5490,7500,2010,1.3661,30,0,0.0,100,15,0,0,0,1,0,1,1,0,39.18
7793,13000,5207,1.6682,100,0,100.0,80,3,0,1,0,1,1,1,1,1,61.92
12094,10000,2094,0.8269,30,100,100.0,100,8,1,1,0,1,1,1,1,1,79.2
7423,6500,923,0.8757,30,0,100.0,100,16,0,0,1,0,0,1,1,0,64.48
6046,7500,1454,1.2405,30,100,50.0,100,15,1,1,1,1,0,1,1,0,70.54
13676,11000,2676,0.8043,30,100,100.0,100,10,1,1,1,1,1,1,1,1,81.73
9109,8500,609,0.9331,30,0,100,100,8,0,0,0,0,1,1,0,0,69.19
13520,13000,520,0.9615,30,100,100.0,80,3,1,1,1,1,1,1,1,1,79.81
10141,8000,2141,0.7889,30,0,66.67,100,13,0,1,1,1,1,1,1,0,55.85
11759,7000,4759,0.5953,30,100,50.0,100,14,1,0,0,1,1,1,1,0,64.04
10316,8500,1816,0.824,30,0,50.0,100,8,0,1,0,1,1,1,0,0,56.15
7214,9000,1786,1.2476,30,0,50.0,100,10,1,0,0,1,1,1,1,0,54.0
9980,10000,20,1.002,30,0,100.0,100,8,0,1,0,0,1,1,1,1,71.95
12575,9000,3575,0.7157,30,0,100,100,11,0,0,0,0,1,0,1,0,64.76
5237,9000,3763,1.7185,30,0,50.0,100,11,1,1,0,0,1,0,1,0,40.64
14460,9000,5460,0.6224,30,100,50.0,100,11,1,1,1,1,1,0,1,0,65.59
6360,12000,5640,1.8868,30,0,100.0,100,5,1,1,1,1,1,1,1,1,41.76
6124,7500,1376,1.2247,30,0,100.0,100,15,0,0,1,0,0,1,1,0,62.14
10078,7500,2578,0.7442,30,0,66.67,100,15,0,1,1,1,0,1,1,0,54.86
8406,7000,1406,0.8327,30,0,50.0,100,20,1,0,1,0,0,1,1,0,56.8
6488,9000,2512,1.3872,30,0,50.0,100,11,0,1,1,0,1,0,1,0,49.34
11581,8500,3081,0.734,30,0,75.0,100,12,1,1,1,1,1,1,1,0,58.91
9952,11000,1048,1.1053,30,100,100.0,100,10,0,0,1,0,1,1,1,1,80.66
9070,9000,70,0.9923,30,0,100.0,100,10,0,0,1,0,1,1,1,0,68.77
5968,8500,2532,1.4243,100,0,100.0,100,12,0,1,0,0,1,1,1,0,70.34
9532,7000,2532,0.7344,30,0,33.33,100,20,1,0,1,1,0,1,1,0,48.2
6878,12000,5122,1.7447,100,0,100.0,100,5,1,1,1,1,1,1,1,1,64.66
14235,7000,7235,0.4917,30,0,0.0,100,20,0,0,0,1,0,1,1,0,36.7
14795,7000,7795,0.4731,100,0,75.0,100,14,1,1,1,1,1,1,1,0,62.79
8253,9500,1247,1.1511,30,100,33.33,100,9,0,1,1,1,1,1,0,0,66.07
12818,10500,2318,0.8192,30,0,100.0,100,6,1,0,0,0,1,1,0,1,63.58
7588,7500,88,0.9884,30,0,50.0,100,15,0,0,1,1,0,1,1,0,58.75
7085,11000,3915,1.5526,30,100,100.0,100,10,1,1,1,1,1,1,1,1,70.02
9547,11000,1453,1.1522,30,0,100.0,100,10,1,1,1,1,1,1,1,1,67.14
6001,7000,999,1.1665,30,0,100.0,100,14,0,1,1,0,1,1,1,0,64.98
9129,14000,4871,1.5336,30,0,100.0,100,4,1,1,1,0,1,1,1,1,55.89
14063,6500,7563,0.4622,30,100,100,100,16,0,0,0,0,0,1,1,0,68.48
13467,7000,6467,0.5198,30,0,50.0,100,20,1,1,1,1,0,1,1,0,47.61
11430,8500,2930,0.7437,30,100,0.0,100,8,0,0,1,0,1,1,0,0,59.74
12769,10500,2269,0.8223,100,100,100,100,6,0,0,0,0,1,1,0,1,96.31
13489,6500,6989,0.4819,30,0,0.0,100,16,0,0,0,1,0,1,1,0,32.79
11308,1000,10308,0.0884,100,0,100,0,0,0,0,0,0,1,1,1,1,44.21
9645,8000,1645,0.8294,30,100,100,100,13,0,0,0,0,1,1,1,0,82.33
10534,10000,534,0.9493,30,0,100.0,100,8,0,1,0,1,1,1,1,1,70.77
9200,7000,2200,0.7609,30,0,75.0,100,14,1,1,1,1,1,1,1,0,61.0
5346,14000,8654,2.6188,30,0,100.0,100,4,1,1,1,1,1,1,1,1,41.04
8801,8000,801,0.909,100,100,75.0,100,13,1,1,1,1,1,1,1,0,93.48
12917,8000,4917,0.6193,30,0,100.0,100,13,0,1,1,0,1,1,1,0,57.42
8383,8000,383,0.9543,30,0,100.0,100,13,1,0,1,0,1,1,1,0,69.7
12298,9000,3298,0.7318,30,100,100.0,100,11,1,0,1,0,1,0,1,0,77.34
12566,14000,1434,1.1141,30,0,100.0,100,4,1,0,1,0,1,1,1,1,68.39
14762,8500,6262,0.5758,30,100,66.67,100,12,1,1,0,1,1,1,1,0,68.9
9584,12000,2416,1.2521,30,0,100,100,5,0,0,0,0,1,1,1,1,66.39
7464,10000,2536,1.3398,30,0,100.0,100,8,0,1,1,0,1,1,1,1,61.33
7601,14000,6399,1.8419,30,0,100.0,100,4,1,1,1,0,1,1,1,1,42.95
7092,10000,2908,1.41,30,0,100.0,100,7,1,1,0,0,1,1,1,0,59.66
11046,12000,954,1.0864,30,0,100.0,100,5,0,0,0,1,1,1,1,1,67.28
7743,10000,2257,1.2915,30,0,100.0,100,8,1,1,1,1,1,1,1,1,60.36
10009,9500,509,0.9491,30,0,50.0,100,9,0,1,0,1,1,1,0,0,57.52
13900,10500,3400,0.7554,30,0,100.0,100,6,1,1,0,0,1,1,0,1,63.9
6980,14000,7020,2.0057,30,100,100.0,100,4,0,1,0,0,1,1,1,1,58.62
11656,7000,4656,0.6005,30,100,100,100,14,0,0,0,0,1,1,1,0,73.3
10051,13000,2949,1.2934,30,0,100.0,80,3,0,1,1,0,1,1,1,1,57.48
7268,8500,1232,1.1695,30,100,75.0,100,12,1,1,1,1,1,1,1,0,73.35
9974,7500,2474,0.752,30,100,50.0,100,15,1,0,1,0,0,1,1,0,70.07
10764,7000,3764,0.6503,30,0,0.0,100,14,0,0,0,1,1,1,1,0,40.86
9976,10000,24,1.0024,30,0,100.0,100,8,1,0,0,0,1,1,1,1,73.34
8175,8000,175,0.9786,30,0,100.0,100,13,1,1,1,0,1,1,1,0,70.26
8565,9000,435,1.0508,30,100,100.0,100,11,0,0,1,0,1,0,1,0,83.41
7965,6500,1465,0.8161,30,100,100.0,100,16,0,0,1,0,0,1,1,0,80.74
6972,8000,1028,1.1474,30,0,75.0,100,13,1,1,1,1,1,1,1,0,58.8
5279,9000,3721,1.7049,30,0,100,100,10,0,0,0,0,1,1,1,0,50.68
13547,9500,4047,0.7013,100,0,75.0,100,4,1,1,1,1,1,0,1,1,69.15
8735,8500,235,0.9731,30,0,100,100,12,0,0,0,0,1,1,1,0,70.69
10768,8000,2768,0.7429,30,0,66.67,100,13,0,1,1,1,1,1,1,0,57.03
10267,9500,767,0.9253,30,0,100,100,9,0,0,0,0,1,1,0,0,70.2
11379,8500,2879,0.747,30,0,100.0,100,8,0,1,0,0,1,1,0,0,63.23
5783,7000,1217,1.2104,100,0,50.0,100,20,1,1,1,1,0,1,1,0,68.34
7636,14000,6364,1.8334,30,0,100.0,100,4,0,0,1,0,1,1,1,1,46.66
9861,7000,2861,0.7099,30,0,75.0,100,14,1,1,1,1,1,1,1,0,57.59
14440,10000,4440,0.6925,30,100,100.0,100,8,1,0,0,0,1,1,1,1,78.5
14249,10000,4249,0.7018,30,0,100,100,8,0,0,0,0,1,1,1,1,62.34
8936,11500,2564,1.2869,30,0,100,100,5,0,0,0,0,1,0,1,1,64.25
14120,10500,3620,0.7436,30,0,100.0,100,6,1,1,0,1,1,1,0,1,66.23
12153,10000,2153,0.8228,30,0,100,100,8,0,0,0,0,1,1,1,1,67.48
9098,9500,402,1.0442,30,100,66.67,100,9,1,1,1,0,1,1,0,0,80.16
11113,11000,113,0.9898,30,0,100.0,100,10,1,0,1,1,1,1,1,1,73.5
5047,9500,4453,1.8823,30,0,0.0,100,9,0,0,1,0,1,1,0,0,27.31
13557,11000,2557,0.8114,30,100,100.0,100,10,0,0,1,1,1,1,1,1,80.13
10711,10500,211,0.9803,30,100,100,100,6,0,0,0,0,1,1,0,1,83.93
12653,9000,3653,0.7113,30,0,75.0,100,10,1,1,1,1,1,1,1,0,55.4
11370,10000,1370,0.8795,30,100,100,100,8,0,0,0,0,1,1,1,1,80.93
12283,7000,5283,0.5699,30,0,100,100,20,0,0,0,0,0,1,1,0,60.86
14656,11000,3656,0.7505,30,100,100.0,100,10,1,1,1,1,1,1,1,1,81.01
6108,10000,3892,1.6372,30,0,75.0,100,7,1,1,1,1,1,1,1,0,49.25
6174,7000,826,1.1338,30,100,100.0,100,14,0,1,1,0,1,1,1,0,79.94
9347,8500,847,0.9094,30,0,0.0,100,8,0,0,1,1,1,1,0,0,50.55
14841,13000,1841,0.876,100,0,100.0,80,3,1,1,1,1,1,1,1,1,76.18
13728,8000,5728,0.5828,30,0,100,100,13,0,0,0,0,1,1,1,0,58.08
12132,8500,3632,0.7006,30,100,50.0,100,12,0,1,0,1,1,1,1,0,67.25
10352,6500,3852,0.6279,30,100,100,100,16,0,0,0,0,0,1,1,0,74.07
7965,11000,3035,1.381,30,0,100.0,100,10,0,0,1,1,1,1,1,1,60.16
9475,9500,25,1.0026,30,100,50.0,100,9,0,1,0,1,1,1,0,0,75.43
12556,9000,3556,0.7168,30,0,0.0,100,10,0,0,0,1,1,1,1,0,41.93
14245,9000,5245,0.6318,30,0,33.33,100,11,0,1,1,1,1,0,1,0,44.01
6665,8500,1835,1.2753,30,0,100.0,100,12,1,0,0,0,1,1,1,0,60.67
7537,13000,5463,1.7248,30,100,100,80,3,0,0,0,0,1,1,1,1,62.09
6606,7000,394,1.0596,30,0,0.0,100,20,1,0,0,0,0,1,1,0,50.89
5539,8000,2461,1.4443,30,0,100.0,100,13,1,1,1,0,1,1,1,0,59.26
13830,8500,5330,0.6146,30,0,0.0,100,8,0,0,1,1,1,1,0,0,36.45
12982,9500,3482,0.7318,30,100,66.67,100,4,1,1,1,0,1,0,1,1,70.02
12365,1000,11365,0.0809,30,100,100,0,0,0,0,0,0,1,1,1,1,41.72
12272,10000,2272,0.8149,30,0,100,100,8,0,0,0,0,1,1,1,1,63.33
6762,8500,1738,1.257,30,0,50.0,100,8,1,1,1,1,1,1,0,0,54.25
10921,14000,3079,1.2819,30,100,100.0,100,4,1,1,1,1,1,1,1,1,77.14
10083,8000,2083,0.7934,100,100,100,100,13,0,0,0,0,1,1,1,0,96.66
6712,9000,2288,1.3409,30,100,66.67,100,11,1,1,1,0,1,0,1,0,67.13
5987,11000,5013,1.8373,30,0,100,100,10,0,0,0,0,1,1,1,1,46.51
5835,11500,5665,1.9709,30,0,66.67,100,5,1,1,1,0,1,0,1,1,37.66
7169,9500,2331,1.3251,30,0,100.0,100,9,1,0,0,0,1,1,0,0,63.59
5920,10500,4580,1.7736,30,0,100.0,100,6,0,1,0,1,1,1,0,1,45.43
5742,13000,7258,2.264,30,0,100.0,80,3,1,1,0,1,1,1,1,1,39.6
14774,1000,13774,0.0677,30,100,100.0,0,0,0,1,1,0,1,1,1,1,40.15
8044,14000,5956,1.7404,30,100,100,100,4,0,0,0,0,1,1,1,1,62.74
14283,9500,4783,0.6651,30,0,100,100,4,0,0,0,0,1,0,1,1,62.16
12814,13000,186,1.0145,30,0,100.0,80,3,1,0,1,0,1,1,1,1,68.75
11615,6500,5115,0.5596,30,0,33.33,100,16,1,1,0,1,0,1,1,0,46.87
7185,13000,5815,1.8093,100,0,100.0,80,3,0,1,0,1,1,1,1,1,57.42
10519,7500,3019,0.713,30,0,66.67,100,15,1,1,1,0,0,1,1,0,54.26
5801,9500,3699,1.6376,100,0,100,100,4,0,0,0,0,1,0,1,1,68.17
6811,9500,2689,1.3948,30,0,33.33,100,9,0,1,1,1,1,1,0,0,44.18
5620,8500,2880,1.5125,100,0,100.0,100,8,1,1,0,0,1,1,0,0,72.32
6014,12000,5986,1.9953,30,100,100.0,100,5,0,0,1,1,1,1,1,1,53.52
10454,14000,3546,1.3392,30,0,100.0,100,4,0,1,1,1,1,1,1,1,58.95
7159,9500,2341,1.327,30,100,100.0,100,9,1,0,0,0,1,1,0,0,79.03
14439,8000,6439,0.5541,30,100,100,100,13,0,0,0,0,1,1,1,0,75.46
9292,10000,708,1.0762,30,0,66.67,100,7,0,1,1,1,1,1,1,0,60.67
9238,9000,238,0.9742,30,0,66.67,100,10,1,1,0,1,1,1,1,0,66.16
12169,11500,669,0.945,30,0,50.0,100,5,1,1,0,0,1,0,1,1,61.79
8884,14000,5116,1.5759,30,0,100,100,4,0,0,0,0,1,1,1,1,53.71
14848,8000,6848,0.5388,30,100,100.0,100,13,1,0,1,0,1,1,1,0,74.58
5423,7500,2077,1.383,100,0,50.0,100,15,1,1,1,1,0,1,1,0,61.53
13668,13000,668,0.9511,100,0,100,80,3,0,0,0,0,1,1,1,1,81.49
10175,11500,1325,1.1302,100,0,50.0,100,5,1,1,0,0,1,0,1,1,70.69
6585,10000,3415,1.5186,30,0,100.0,100,8,0,0,1,1,1,1,1,1,56.99
6127,7000,873,1.1425,30,100,50.0,100,14,0,0,1,1,1,1,1,0,70.49
9798,8500,1298,0.8675,30,0,100,100,8,0,0,0,0,1,1,0,0,66.12
7787,9000,1213,1.1558,30,100,0.0,100,11,0,1,0,0,1,0,1,0,62.07
13596,14000,404,1.0297,30,100,100,100,4,0,0,0,0,1,1,1,1,88.08
9585,8500,1085,0.8868,30,100,100,100,12,0,0,0,0,1,1,1,0,80.08
14136,8000,6136,0.5659,30,0,100,100,13,0,0,0,0,1,1,1,0,55.06
10232,14000,3768,1.3683,30,0,100.0,100,4,0,1,0,0,1,1,1,1,59.13
13741,10000,3741,0.7277,30,0,100.0,100,7,0,1,1,0,1,1,1,0,63.56
14347,10000,4347,0.697,30,100,0.0,100,7,0,0,0,1,1,1,1,0,55.78
5973,11500,5527,1.9253,30,0,75.0,100,5,1,1,1,1,1,0,1,1,36.55
11729,9000,2729,0.7673,30,0,66.67,100,10,0,1,1,1,1,1,1,0,57.43
12039,8500,3539,0.706,100,100,100.0,100,12,1,1,1,0,1,1,1,0,89.31
7954,14000,6046,1.7601,30,100,100.0,100,4,1,1,1,1,1,1,1,1,64.91
6081,1000,5081,0.1644,30,100,100.0,0,0,1,0,1,1,1,1,1,1,45.3
5600,8500,2900,1.5179,30,100,100.0,100,8,1,0,0,0,1,1,0,0,73.4
10161,9500,661,0.9349,30,100,50.0,100,9,1,1,1,1,1,1,0,0,74.83
13340,9500,3840,0.7121,30,0,66.67,100,4,1,1,0,1,1,0,1,1,55.87
5589,12000,6411,2.1471,30,0,100,100,5,0,0,0,0,1,1,1,1,41.48
11828,6500,5328,0.5495,100,0,100,100,16,0,0,0,0,0,1,1,0,74.09
10656,10500,156,0.9854,100,0,100.0,100,6,1,0,0,1,1,1,0,1,85.48
12761,9500,3261,0.7445,30,0,75.0,100,4,1,1,1,1,1,0,1,1,60.59
8887,10000,1113,1.1252,100,0,100.0,100,8,1,1,0,1,1,1,1,1,79.29
12786,10500,2286,0.8212,30,0,100.0,100,6,1,0,0,1,1,1,0,1,64.69
12411,9500,2911,0.7655,30,100,66.67,100,4,1,1,1,0,1,0,1,1,74.68
6616,1000,5616,0.1511,30,0,100.0,0,0,0,1,1,1,1,1,1,1,27.98
5145,11500,6355,2.2352,100,100,66.67,100,5,1,1,0,1,1,0,1,1,65.1
12091,7500,4591,0.6203,30,0,100,100,15,0,0,0,0,0,1,1,0,60.88
11065,10500,565,0.9489,30,0,100.0,100,6,0,1,0,1,1,1,0,1,72.07
6567,8500,1933,1.2944,30,0,100,100,12,0,0,0,0,1,1,1,0,63.51
9693,7000,2693,0.7222,30,100,100.0,100,14,1,1,1,0,1,1,1,0,75.77
12733,11500,1233,0.9032,30,0,100.0,100,5,0,0,1,0,1,0,1,1,68.01
13546,7000,6546,0.5168,30,0,75.0,100,14,1,1,1,1,1,1,1,0,54.15
7499,9500,2001,1.2668,30,100,100.0,100,4,1,0,0,1,1,0,1,1,77.94
14052,13000,1052,0.9251,30,0,100.0,80,3,1,0,1,1,1,1,1,1,64.84
6068,8000,1932,1.3184,30,0,75.0,100,13,1,1,1,1,1,1,1,0,55.94
9705,7000,2705,0.7213,30,0,75.0,100,14,1,1,1,1,1,1,1,0,58.72
7934,8500,566,1.0713,30,100,100.0,100,12,0,0,1,0,1,1,1,0,81.02
8464,9000,536,1.0633,30,0,100,100,11,0,0,0,0,1,0,1,0,68.68
11161,6500,4661,0.5824,100,0,100,100,16,0,0,0,0,0,1,1,0,70.5
9034,10500,1466,1.1623,30,0,100,100,6,0,0,0,0,1,1,0,1,66.56
8908,10500,1592,1.1787,30,0,66.67,100,6,0,1,1,1,1,1,0,1,56.31
9508,1000,8508,0.1052,30,0,100.0,0,0,1,1,1,0,1,1,1,1,32.0
14045,10500,3545,0.7476,30,0,100,100,6,0,0,0,0,1,1,0,1,60.51
8978,1000,7978,0.1114,30,0,100.0,0,0,1,0,1,1,1,1,1,1,27.45
10631,14000,3369,1.3169,30,0,100,100,4,0,0,0,0,1,1,1,1,63.85
12548,6500,6048,0.518,30,0,50.0,100,16,1,1,1,1,0,1,1,0,48.18
12066,7000,5066,0.5801,30,100,100,100,20,0,0,0,0,0,1,1,0,75.28
12987,8500,4487,0.6545,30,0,66.67,100,12,1,1,0,1,1,1,1,0,53.01
7832,8500,668,1.0853,30,0,100.0,100,12,1,0,0,0,1,1,1,0,68.07
9900,8500,1400,0.8586,30,100,50.0,100,8,1,0,1,0,1,1,0,0,73.27
7637,7000,637,0.9166,100,0,50.0,100,14,0,0,1,1,1,1,1,0,72.61
10647,7000,3647,0.6575,30,0,100.0,100,20,0,1,1,0,0,1,1,0,60.5
9838,7000,2838,0.7115,100,0,75.0,100,14,1,1,1,1,1,1,1,0,71.1
6814,7000,186,1.0273,30,100,50.0,100,14,1,0,0,1,1,1,1,0,75.8
10393,13000,2607,1.2508,100,0,100.0,80,3,1,1,0,1,1,1,1,1,73.7
13871,11500,2371,0.8291,30,0,100,100,5,0,0,0,0,1,0,1,1,63.63
8408,13000,4592,1.5461,30,0,100,80,3,0,0,0,0,1,1,1,1,50.68
11779,14000,2221,1.1886,30,0,100.0,100,4,0,1,1,1,1,1,1,1,67.57
7851,1000,6851,0.1274,30,0,100.0,0,0,0,1,0,1,1,1,1,1,32.24
7883,8500,617,1.0783,30,100,75.0,100,12,1,1,1,1,1,1,1,0,81.46
13752,6500,7252,0.4727,30,0,100.0,100,16,0,0,1,0,0,1,1,0,53.78
6355,9000,2645,1.4162,30,0,66.67,100,11,1,0,1,1,1,0,1,0,49.8
8115,11000,2885,1.3555,100,0,100.0,100,10,1,1,1,1,1,1,1,1,75.71
7146,9500,2354,1.3294,30,0,50.0,100,9,1,1,1,1,1,1,0,0,53.44
12172,8500,3672,0.6983,30,100,100,100,8,0,0,0,0,1,1,0,0,79.21
9351,7500,1851,0.8021,100,100,50.0,100,15,0,1,0,1,0,1,1,0,85.94
10512,7000,3512,0.6659,30,100,50.0,100,14,0,1,0,1,1,1,1,0,63.02
8926,10500,1574,1.1763,100,100,0.0,100,6,0,0,1,0,1,1,0,1,75.07
11093,9500,1593,0.8564,30,100,100.0,100,4,1,0,1,1,1,0,1,1,81.75
8046,9500,1454,1.1807,100,0,50.0,100,4,0,1,0,1,1,0,1,1,66.99
5373,9500,4127,1.7681,30,100,100,100,4,0,0,0,0,1,0,1,1,61.83
8481,13000,4519,1.5328,30,0,100,80,3,0,0,0,0,1,1,1,1,49.76
11494,8500,2994,0.7395,100,100,0.0,100,8,0,0,1,1,1,1,0,0,72.97
5480,8500,3020,1.5511,30,0,100,100,8,0,0,0,0,1,1,0,0,52.46
12231,13000,769,1.0629,30,100,100.0,80,3,1,0,1,0,1,1,1,1,79.24
13631,7000,6631,0.5135,30,100,50.0,100,14,0,0,1,1,1,1,1,0,60.46
10677,6500,4177,0.6088,30,0,50.0,100,16,1,1,1,1,0,1,1,0,51.91
11320,11500,180,1.0159,30,0,100,100,5,0,0,0,0,1,0,1,1,70.73
9391,11500,2109,1.2246,30,0,50.0,100,5,0,1,1,0,1,0,1,1,51.3
5230,9000,3770,1.7208,30,0,66.67,100,10,0,1,1,1,1,1,1,0,41.48
12508,12000,508,0.9594,30,0,100.0,100,5,0,1,1,0,1,1,1,1,69.15
10725,11500,775,1.0723,30,100,75.0,100,5,1,1,1,1,1,0,1,1,75.98
8215,9500,1285,1.1564,30,0,66.67,100,9,1,1,0,1,1,1,0,0,59.23
11001,8000,3001,0.7272,30,0,75.0,100,13,1,1,1,1,1,1,1,0,57.59
14486,10000,4486,0.6903,30,100,100.0,100,8,1,1,1,1,1,1,1,1,74.85
13203,13000,203,0.9846,30,0,100,80,3,0,0,0,0,1,1,1,1,68.29
6780,10000,3220,1.4749,30,0,100.0,100,7,0,1,0,0,1,1,1,0,57.23
14958,9500,5458,0.6351,30,100,0.0,100,9,0,0,1,0,1,1,0,0,52.64
6081,9000,2919,1.48,30,100,50.0,100,11,1,1,1,1,1,0,1,0,60.38
13984,10000,3984,0.7151,100,0,100,100,7,0,0,0,0,1,1,1,0,74.69
10665,14000,3335,1.3127,30,0,100,100,4,0,0,0,0,1,1,1,1,59.77
6370,8000,1630,1.2559,30,0,100.0,100,13,1,0,0,0,1,1,1,0,62.77
8702,9000,298,1.0342,30,100,66.67,100,11,1,0,1,1,1,0,1,0,78.17
13430,8500,4930,0.6329,100,0,50.0,100,8,1,0,0,1,1,1,0,0,63.55
9339,8500,839,0.9102,30,0,50.0,100,8,0,1,0,1,1,1,0,0,59.33
11053,9500,1553,0.8595,30,0,100.0,100,9,0,1,0,0,1,1,0,0,66.16
11873,6500,5373,0.5475,30,0,66.67,100,16,1,1,1,0,0,1,1,0,53.1
9483,8500,983,0.8963,30,0,50.0,100,8,1,1,1,1,1,1,0,0,58.04
8566,6500,2066,0.7588,30,0,66.67,100,16,0,1,1,1,0,1,1,0,55.72
12684,12000,684,0.9461,30,0,100.0,100,5,1,0,0,0,1,1,1,1,68.38
11067,1000,10067,0.0904,30,0,100.0,0,0,1,0,0,0,1,1,1,1,28.88
10735,10500,235,0.9781,30,0,100,100,6,0,0,0,0,1,1,0,1,71.6
5491,13000,7509,2.3675,30,100,100.0,80,3,1,1,0,1,1,1,1,1,50.63
6529,7000,471,1.0721,30,0,100.0,100,14,1,0,1,0,1,1,1,0,67.68
10682,11000,318,1.0298,30,100,100.0,100,10,0,1,0,0,1,1,1,1,87.72
12175,9000,3175,0.7392,30,0,100,100,10,0,0,0,0,1,1,1,0,61.24
6529,8500,1971,1.3019,30,0,66.67,100,12,1,0,1,1,1,1,1,0,52.76
7920,10500,2580,1.3258,30,100,66.67,100,6,0,1,1,1,1,1,0,1,72.11
5261,11500,6239,2.1859,30,0,100,100,5,0,0,0,0,1,0,1,1,38.52
7739,7000,739,0.9045,30,100,100,100,20,0,0,0,0,0,1,1,0,85.37
12930,13000,70,1.0054,30,100,100.0,80,3,1,1,0,0,1,1,1,1,80.14
11464,8500,2964,0.7415,30,0,33.33,100,8,1,0,1,1,1,1,0,0,51.42
10241,10000,241,0.9765,100,0,66.67,100,7,1,1,0,1,1,1,1,0,79.89
7705,8500,795,1.1032,30,100,100.0,100,12,1,0,0,0,1,1,1,0,82.47
5916,13000,7084,2.1974,30,0,100.0,80,3,0,0,1,0,1,1,1,1,39.83
14351,6500,7851,0.4529,100,0,0.0,100,16,1,0,0,0,0,1,1,0,47.48
6170,9000,2830,1.4587,30,0,50.0,100,11,1,1,1,1,1,0,1,0,45.35
7413,9500,2087,1.2815,30,0,100.0,100,9,1,1,0,0,1,1,0,0,61.96
11065,12000,935,1.0845,30,0,100.0,100,5,1,1,0,1,1,1,1,1,66.26
6995,10000,3005,1.4296,30,0,100,100,8,0,0,0,0,1,1,1,1,58.64
12046,14000,1954,1.1622,30,100,100.0,100,4,0,1,1,0,1,1,1,1,83.38
9934,1000,8934,0.1007,30,0,100.0,0,0,1,1,1,1,1,1,1,1,27.4
8995,7500,1495,0.8338,30,0,50.0,100,15,1,1,1,1,0,1,1,0,58.91
5377,10500,5123,1.9528,30,0,50.0,100,6,0,1,1,0,1,1,0,1,30.32
8176,6500,1676,0.795,30,0,50.0,100,16,1,0,1,0,0,1,1,0,56.14
12911,14000,1089,1.0843,30,100,100.0,100,4,1,1,0,1,1,1,1,1,81.6
12790,9000,3790,0.7037,30,100,100.0,100,10,1,1,1,0,1,1,1,0,79.07
7777,7500,277,0.9644,30,100,66.67,100,15,1,1,1,0,0,1,1,0,80.77
9131,10000,869,1.0952,30,0,100,100,8,0,0,0,0,1,1,1,1,67.94
13881,13000,881,0.9365,30,0,100.0,80,3,0,0,0,1,1,1,1,1,68.94
9513,6500,3013,0.6833,30,100,100.0,100,16,0,1,0,0,0,1,1,0,74.23
5753,8000,2247,1.3906,30,0,75.0,100,13,1,1,1,1,1,1,1,0,57.02
14771,9500,5271,0.6432,30,0,100,100,4,0,0,0,0,1,0,1,1,59.31
5574,12000,6426,2.1529,30,0,100.0,100,5,1,0,0,1,1,1,1,1,42.78
12227,13000,773,1.0632,30,0,100.0,80,3,1,0,0,0,1,1,1,1,66.8
8588,14000,5412,1.6302,30,100,100.0,100,4,0,0,1,0,1,1,1,1,67.45
5874,10000,4126,1.7024,30,0,50.0,100,7,1,0,0,1,1,1,1,0,41.46
6560,9500,2940,1.4482,30,0,66.67,100,9,1,1,1,0,1,1,0,0,47.91
14096,8500,5596,0.603,30,0,100,100,12,0,0,0,0,1,1,1,0,58.98
11540,8500,3040,0.7366,100,0,100.0,100,12,1,0,0,0,1,1,1,0,74.55
6917,9500,2583,1.3734,30,100,50.0,100,9,1,1,1,1,1,1,0,0,67.09
6604,9500,2896,1.4385,30,0,100.0,100,4,0,0,1,0,1,0,1,1,58.09
8814,9500,686,1.0778,30,0,50.0,100,9,1,1,1,1,1,1,0,0,58.82
12686,6500,6186,0.5124,30,0,50.0,100,16,1,1,1,1,0,1,1,0,49.14
10840,6500,4340,0.5996,30,100,100.0,100,16,0,0,1,0,0,1,1,0,71.43
13463,12000,1463,0.8913,30,0,100,100,5,0,0,0,0,1,1,1,1,67.4
14790,1000,13790,0.0676,30,0,100.0,0,0,1,1,1,1,1,1,1,1,30.36
10107,7000,3107,0.6926,30,100,50.0,100,20,1,1,1,1,0,1,1,0,68.67
5185,10500,5315,2.0251,30,0,75.0,100,6,1,1,1,1,1,1,0,1,38.89
14302,12000,2302,0.839,30,0,100.0,100,5,1,0,1,0,1,1,1,1,68.17
8022,8000,22,0.9973,100,0,100,100,13,0,0,0,0,1,1,1,0,82.62
14270,7500,6770,0.5256,30,100,50.0,100,15,1,1,1,1,0,1,1,0,62.46
9245,9000,245,0.9735,30,100,100,100,11,0,0,0,0,1,0,1,0,84.67
10182,1000,9182,0.0982,30,0,100.0,0,0,1,1,0,1,1,1,1,1,28.73
5533,9500,3967,1.717,100,100,100.0,100,4,0,0,1,0,1,0,1,1,78.84
6009,7000,991,1.1649,30,0,100.0,100,20,0,0,1,0,0,1,1,0,68.91
14413,9500,4913,0.6591,30,100,100,100,9,0,0,0,0,1,1,0,0,72.83
8499,14000,5501,1.6473,30,100,100.0,100,4,0,1,0,0,1,1,1,1,66.01
5149,10000,4851,1.9421,30,0,100.0,100,8,1,1,1,1,1,1,1,1,40.92
7342,11000,3658,1.4982,30,100,100.0,100,10,0,1,1,0,1,1,1,1,71.23
5178,9000,3822,1.7381,30,0,100,100,10,0,0,0,0,1,1,1,0,47.72
11973,7500,4473,0.6264,30,100,33.33,100,15,1,0,1,1,0,1,1,0,60.29
9735,14000,4265,1.4381,30,100,100.0,100,4,1,1,1,0,1,1,1,1,72.81
11725,8500,3225,0.7249,30,0,75.0,100,12,1,1,1,1,1,1,1,0,58.38
5177,11500,6323,2.2214,30,100,100,100,5,0,0,0,0,1,0,1,1,58.37
8073,10000,1927,1.2387,30,100,100,100,8,0,0,0,0,1,1,1,1,76.56
10776,14000,3224,1.2992,30,0,100.0,100,4,1,0,0,0,1,1,1,1,61.43
6857,7000,143,1.0209,30,0,66.67,100,14,1,0,1,1,1,1,1,0,63.16
8942,12000,3058,1.342,30,0,100.0,100,5,0,0,1,0,1,1,1,1,62.94
5760,9500,3740,1.6493,100,100,0.0,100,4,0,1,0,0,1,0,1,1,57.97
8439,7000,1439,0.8295,30,0,100,100,20,0,0,0,0,0,1,1,0,63.99
8782,6500,2282,0.7402,30,100,100,100,16,0,0,0,0,0,1,1,0,76.67
8902,9000,98,1.011,30,0,100,100,11,0,0,0,0,1,0,1,0,70.47
12082,8500,3582,0.7035,30,0,100.0,100,12,1,0,0,0,1,1,1,0,60.89
6010,9000,2990,1.4975,30,100,50.0,100,11,1,1,1,1,1,0,1,0,58.89
5928,9500,3572,1.6026,30,0,0.0,100,9,0,0,0,1,1,1,0,0,34.0
14115,7500,6615,0.5313,30,100,50.0,100,15,1,1,0,0,0,1,1,0,64.62
9544,10500,956,1.1002,30,100,100,100,6,0,0,0,0,1,1,0,1,84.73
10024,8500,1524,0.848,30,0,66.67,100,8,1,1,1,0,1,1,0,0,62.46
14116,9500,4616,0.673,30,0,50.0,100,9,0,1,0,1,1,1,0,0,53.89
12698,7500,5198,0.5906,30,100,50.0,100,15,1,1,0,0,0,1,1,0,63.16
9496,8500,996,0.8951,30,0,100.0,100,8,1,1,0,0,1,1,0,0,66.43
13163,8000,5163,0.6078,30,0,100.0,100,13,1,1,0,0,1,1,1,0,60.37
13884,8500,5384,0.6122,30,100,100.0,100,12,1,1,1,0,1,1,1,0,71.56
7454,13000,5546,1.744,30,0,100.0,80,3,1,1,1,1,1,1,1,1,45.97
12424,1000,11424,0.0805,30,0,100.0,0,0,0,1,1,1,1,1,1,1,29.99
7315,7500,185,1.0253,30,100,50.0,100,15,0,0,1,1,0,1,1,0,72.7
10831,9000,1831,0.8309,30,0,33.33,100,11,1,1,0,1,1,0,1,0,50.83
6663,7000,337,1.0506,30,0,100.0,100,20,0,1,0,0,0,1,1,0,70.63
11506,8500,3006,0.7387,100,100,66.67,100,8,1,1,1,0,1,1,0,0,85.59
9307,1000,8307,0.1074,30,0,100.0,0,0,1,0,1,1,1,1,1,1,27.78
5324,8500,3176,1.5965,30,0,100.0,100,12,1,0,1,0,1,1,1,0,54.27
9915,8500,1415,0.8573,30,0,66.67,100,12,1,1,0,1,1,1,1,0,60.02
8849,9000,151,1.0171,30,0,50.0,100,11,1,1,1,1,1,0,1,0,59.07
7693,9000,1307,1.1699,30,100,100.0,100,10,1,1,1,0,1,1,1,0,81.89
12260,8000,4260,0.6525,30,100,0.0,100,13,0,0,0,1,1,1,1,0,58.48
8894,8500,394,0.9557,30,0,66.67,100,12,1,0,1,1,1,1,1,0,63.7
7478,8000,522,1.0698,30,0,100,100,13,0,0,0,0,1,1,1,0,70.12
10849,6500,4349,0.5991,30,0,66.67,100,16,0,1,1,1,0,1,1,0,55.15
5085,11500,6415,2.2616,100,100,100,100,5,0,0,0,0,1,0,1,1,71.69
7171,12000,4829,1.6734,30,0,100.0,100,5,1,0,1,1,1,1,1,1,49.56
6319,11500,5181,1.8199,30,100,100,100,5,0,0,0,0,1,0,1,1,58.88
14862,7000,7862,0.471,30,100,100,100,20,0,0,0,0,0,1,1,0,70.53
7610,9500,1890,1.2484,30,0,0.0,100,9,0,0,1,0,1,1,0,0,46.19
7875,8500,625,1.0794,30,100,50.0,100,8,0,1,1,0,1,1,0,0,74.75
6955,7500,545,1.0784,30,0,66.67,100,15,0,1,1,1,0,1,1,0,60.29
10721,8500,2221,0.7928,30,0,100.0,100,8,1,1,0,0,1,1,0,0,64.03
12274,14000,1726,1.1406,30,0,100.0,100,4,1,1,0,1,1,1,1,1,68.23
5553,8000,2447,1.4407,30,0,66.67,100,13,1,0,1,1,1,1,1,0,48.19
6615,9500,2885,1.4361,30,0,100.0,100,4,0,0,1,1,1,0,1,1,56.82
10257,10000,257,0.9749,100,0,100.0,100,8,1,1,1,1,1,1,1,1,82.08
7013,14000,6987,1.9963,30,100,100.0,100,4,1,1,1,1,1,1,1,1,56.09
12657,7500,5157,0.5926,30,0,50.0,100,15,1,1,1,1,0,1,1,0,47.88
9349,7500,1849,0.8022,30,0,0.0,100,15,0,0,0,1,0,1,1,0,46.02
12370,13000,630,1.0509,100,0,100.0,80,3,1,1,0,0,1,1,1,1,83.02
6607,8500,1893,1.2865,30,0,50.0,100,12,1,0,0,1,1,1,1,0,55.14
12562,8000,4562,0.6368,100,0,100.0,100,13,1,0,0,0,1,1,1,0,76.77
6640,8000,1360,1.2048,30,0,100,100,13,0,0,0,0,1,1,1,0,65.73
7389,8500,1111,1.1504,30,0,33.33,100,8,1,0,1,1,1,1,0,0,55.08
14303,8500,5803,0.5943,100,100,33.33,100,8,1,0,1,1,1,1,0,0,72.67
9033,10500,1467,1.1624,30,100,100,100,6,0,0,0,0,1,1,0,1,79.45
14406,8500,5906,0.59,30,0,50.0,100,12,0,0,1,1,1,1,1,0,46.22
7879,1000,6879,0.1269,100,0,100,0,0,0,0,0,0,1,1,1,1,46.19
7991,10500,2509,1.314,30,0,100.0,100,6,1,0,0,1,1,1,0,1,64.26
10639,7000,3639,0.658,30,0,100.0,100,14,0,0,1,0,1,1,1,0,58.95
11242,11000,242,0.9785,30,0,100.0,100,10,1,1,1,1,1,1,1,1,69.09
8339,13000,4661,1.5589,30,0,100.0,80,3,1,0,0,0,1,1,1,1,52.0
12462,7000,5462,0.5617,30,0,33.33,100,20,1,1,0,1,0,1,1,0,46.49
11623,8000,3623,0.6883,100,100,100,100,13,0,0,0,0,1,1,1,0,89.58
8515,10000,1485,1.1744,100,0,75.0,100,7,1,1,1,1,1,1,1,0,76.17
9096,9000,96,0.9894,100,0,100.0,100,10,1,1,1,0,1,1,1,0,83.03
9073,11500,2427,1.2675,30,100,50.0,100,5,0,1,0,1,1,0,1,1,68.93
9541,7000,2541,0.7337,30,100,0.0,100,14,0,0,0,1,1,1,1,0,56.86
7800,8500,700,1.0897,30,0,100.0,100,12,1,1,1,0,1,1,1,0,65.34
6820,7000,180,1.0264,100,0,100.0,100,14,1,1,1,0,1,1,1,0,84.42
7174,14000,6826,1.9515,30,0,100.0,100,4,1,0,1,1,1,1,1,1,40.32
9695,11500,1805,1.1862,30,100,100.0,100,5,1,0,1,1,1,0,1,1,83.4
11729,6500,5229,0.5542,100,0,66.67,100,16,1,1,1,0,0,1,1,0,66.77
12263,8500,3763,0.6931,30,0,50.0,100,12,1,0,0,1,1,1,1,0,50.8
13120,8500,4620,0.6479,30,0,50.0,100,8,1,1,1,1,1,1,0,0,52.75
10755,7000,3755,0.6509,30,100,100.0,100,14,0,1,0,0,1,1,1,0,73.87
10176,7500,2676,0.737,30,100,50.0,100,15,1,0,1,0,0,1,1,0,69.65
6943,6500,443,0.9362,30,0,100,100,16,0,0,0,0,0,1,1,0,66.99
5369,9000,3631,1.6763,30,100,100,100,10,0,0,0,0,1,1,1,0,66.59
7493,6500,993,0.8675,30,0,50.0,100,16,1,1,1,1,0,1,1,0,57.29
12000,13000,1000,1.0833,30,0,100.0,80,3,0,1,1,1,1,1,1,1,63.3
10268,10000,268,0.9739,30,0,100.0,100,8,1,0,1,1,1,1,1,1,68.73
8697,7000,1697,0.8049,30,0,100.0,100,20,0,0,1,0,0,1,1,0,65.24
6338,7000,662,1.1044,30,100,100.0,100,20,0,1,0,0,0,1,1,0,81.15
10705,9500,1205,0.8874,30,0,66.67,100,4,0,1,1,1,1,0,1,1,59.91
7690,9500,1810,1.2354,30,0,66.67,100,9,1,1,0,1,1,1,0,0,55.73
5532,13000,7468,2.35,100,0,100.0,80,3,1,0,0,1,1,1,1,1,50.27
11512,9500,2012,0.8252,30,0,33.33,100,9,1,0,1,1,1,1,0,0,54.32
12655,7500,5155,0.5927,30,0,50.0,100,15,1,1,1,1,0,1,1,0,49.61
9659,7500,2159,0.7765,100,0,50.0,100,15,1,0,1,0,0,1,1,0,65.63
9940,6500,3440,0.6539,30,0,33.33,100,16,1,1,0,1,0,1,1,0,44.94
7783,7000,783,0.8994,30,0,66.67,100,14,1,0,1,1,1,1,1,0,61.21
11970,7000,4970,0.5848,30,0,66.67,100,14,1,0,1,1,1,1,1,0,49.4
6596,9500,2904,1.4403,30,100,100,100,4,0,0,0,0,1,0,1,1,70.83
11675,11000,675,0.9422,30,0,100.0,100,10,0,0,1,0,1,1,1,1,70.01
12881,8000,4881,0.6211,30,0,100.0,100,13,0,0,1,0,1,1,1,0,56.64
8298,6500,1798,0.7833,30,0,50.0,100,16,1,1,1,1,0,1,1,0,53.44
14001,7000,7001,0.5,30,0,100.0,100,14,0,1,1,0,1,1,1,0,54.83
13951,7000,6951,0.5018,30,0,100.0,100,14,1,1,1,0,1,1,1,0,58.91
10141,6500,3641,0.641,30,100,50.0,100,16,1,1,1,1,0,1,1,0,66.3
12294,8500,3794,0.6914,100,0,75.0,100,12,1,1,1,1,1,1,1,0,70.37
12705,9000,3705,0.7084,30,0,100.0,100,10,1,0,1,0,1,1,1,0,61.42
12275,10500,1775,0.8554,30,0,100,100,6,0,0,0,0,1,1,0,1,67.3
6658,7000,342,1.0514,30,100,75.0,100,14,1,1,1,1,1,1,1,0,81.71
9138,10000,862,1.0943,30,0,100,100,7,0,0,0,0,1,1,1,0,68.56
14988,7000,7988,0.467,100,0,100,100,14,0,0,0,0,1,1,1,0,71.43
11411,11500,89,1.0078,30,0,100.0,100,5,1,0,0,1,1,0,1,1,72.25
13983,8500,5483,0.6079,100,100,75.0,100,12,1,1,1,1,1,1,1,0,82.43
11137,8000,3137,0.7183,30,100,75.0,100,13,1,1,1,1,1,1,1,0,69.83
11622,9500,2122,0.8174,100,100,66.67,100,4,0,1,1,1,1,0,1,1,85.5
8119,9000,881,1.1085,30,100,100.0,100,10,1,0,1,0,1,1,1,0,84.84
7395,8000,605,1.0818,30,0,100.0,100,13,0,0,1,0,1,1,1,0,67.75
14686,10500,4186,0.715,100,0,100.0,100,6,0,1,0,1,1,1,0,1,75.39
10389,11500,1111,1.1069,30,100,75.0,100,5,1,1,1,1,1,0,1,1,76.28
5774,14000,8226,2.4247,30,100,100.0,100,4,0,0,1,0,1,1,1,1,53.64
9593,8000,1593,0.8339,100,0,75.0,100,13,1,1,1,1,1,1,1,0,77.63
10026,10000,26,0.9974,30,100,100.0,100,8,1,1,1,1,1,1,1,1,87.06
12278,9000,3278,0.733,30,0,50.0,100,10,0,1,0,1,1,1,1,0,53.78
12185,9000,3185,0.7386,30,0,100.0,100,10,1,1,1,0,1,1,1,0,63.17
12594,10500,2094,0.8337,30,0,100.0,100,6,1,0,0,1,1,1,0,1,65.66
14853,12000,2853,0.8079,30,100,100,100,5,0,0,0,0,1,1,1,1,78.6
13908,10500,3408,0.755,30,0,100.0,100,6,1,1,0,1,1,1,0,1,63.25
6605,1000,5605,0.1514,30,100,100,0,0,0,0,0,0,1,1,1,1,45.98
6738,11000,4262,1.6325,30,0,100,100,10,0,0,0,0,1,1,1,1,52.5
11813,12000,187,1.0158,30,100,100,100,5,0,0,0,0,1,1,1,1,85.0
13294,8500,4794,0.6394,30,0,66.67,100,8,1,1,0,1,1,1,0,0,56.12
13874,9500,4374,0.6847,30,100,66.67,100,9,1,1,1,0,1,1,0,0,72.05
10137,10000,137,0.9865,30,0,100,100,8,0,0,0,0,1,1,1,1,71.67
12619,10000,2619,0.7925,30,100,100.0,100,8,1,1,0,0,1,1,1,1,78.39
6830,7500,670,1.0981,100,0,0.0,100,15,1,0,0,0,0,1,1,0,61.11
6544,7500,956,1.1461,30,0,100,100,15,0,0,0,0,0,1,1,0,64.1
5552,9000,3448,1.621,30,0,66.67,100,11,1,1,1,0,1,0,1,0,45.55
5618,11500,5882,2.047,30,0,50.0,100,5,1,1,0,0,1,0,1,1,29.73
13981,12000,1981,0.8583,30,100,100.0,100,5,0,1,0,1,1,1,1,1,82.03
9429,6500,2929,0.6894,100,0,50.0,100,16,1,1,1,1,0,1,1,0,63.62
6739,7000,261,1.0387,30,0,66.67,100,14,1,1,0,1,1,1,1,0,64.65
7094,11000,3906,1.5506,30,0,100,100,10,0,0,0,0,1,1,1,1,57.1
11262,11000,262,0.9767,30,100,100.0,100,10,1,0,1,1,1,1,1,1,83.03
14242,11000,3242,0.7724,30,100,100.0,100,10,1,1,1,1,1,1,1,1,77.73
14590,8500,6090,0.5826,30,100,100,100,12,0,0,0,0,1,1,1,0,74.19
5813,10500,4687,1.8063,30,0,50.0,100,6,1,0,1,0,1,1,0,1,39.74
10711,9000,1711,0.8403,30,100,100.0,100,10,1,1,1,0,1,1,1,0,80.8
5049,7500,2451,1.4854,100,0,0.0,100,15,1,0,0,1,0,1,1,0,48.5
10337,9500,837,0.919,30,0,100.0,100,4,1,0,0,0,1,0,1,1,66.12
5468,7000,1532,1.2802,30,100,100.0,100,14,1,1,1,0,1,1,1,0,75.57
6642,1000,5642,0.1506,100,0,100.0,0,0,0,1,1,0,1,1,1,1,42.34
13690,11500,2190,0.84,30,100,100.0,100,5,0,0,1,0,1,0,1,1,79.58
7700,8500,800,1.1039,30,0,100.0,100,12,1,0,0,0,1,1,1,0,65.48
5967,14000,8033,2.3462,30,0,100.0,100,4,1,1,1,1,1,1,1,1,38.62
6789,7000,211,1.0311,30,0,100.0,100,14,1,1,1,0,1,1,1,0,69.62
13222,8000,5222,0.6051,30,0,100.0,100,13,1,1,1,0,1,1,1,0,58.5
9044,6500,2544,0.7187,30,100,50.0,100,16,1,1,1,1,0,1,1,0,66.93
5177,9000,3823,1.7385,30,0,75.0,100,10,1,1,1,1,1,1,1,0,42.37
8142,8000,142,0.9826,100,0,50.0,100,13,0,1,0,1,1,1,1,0,75.3
12234,10500,1734,0.8583,30,0,0.0,100,6,0,0,1,0,1,1,0,1,46.93
14851,9000,5851,0.606,30,100,75.0,100,10,1,1,1,1,1,1,1,0,71.74
10290,7000,3290,0.6803,30,0,100,100,20,0,0,0,0,0,1,1,0,61.88
15000,7000,8000,0.4667,30,100,50.0,100,20,1,0,1,0,0,1,1,0,59.85
10660,1000,9660,0.0938,30,0,100,0,0,0,0,0,0,1,1,1,1,28.82
6189,9000,2811,1.4542,30,0,66.67,100,11,1,0,1,1,1,0,1,0,51.87
5435,7500,2065,1.3799,30,0,50.0,100,15,1,1,1,1,0,1,1,0,48.9
9344,7500,1844,0.8027,30,0,0.0,100,15,1,0,0,0,0,1,1,0,47.55
7124,12000,4876,1.6844,30,100,100.0,100,5,0,0,1,1,1,1,1,1,66.49
11880,9500,2380,0.7997,30,0,66.67,100,4,1,1,1,0,1,0,1,1,56.98
13472,7000,6472,0.5196,30,0,50.0,100,20,1,1,1,1,0,1,1,0,46.75
14289,9500,4789,0.6648,30,0,100,100,4,0,0,0,0,1,0,1,1,63.69
7347,11000,3653,1.4972,30,100,100.0,100,10,1,1,1,1,1,1,1,1,71.37
13188,9500,3688,0.7204,30,0,100,100,9,0,0,0,0,1,1,0,0,63.59
9484,10000,516,1.0544,30,0,100.0,100,8,0,1,0,0,1,1,1,1,66.71
5246,10000,4754,1.9062,30,0,100,100,7,0,0,0,0,1,1,1,0,41.5
13993,8500,5493,0.6074,30,0,100.0,100,12,1,1,1,0,1,1,1,0,57.94
14899,9500,5399,0.6376,30,100,100.0,100,4,0,0,1,0,1,0,1,1,72.5
7655,10000,2345,1.3063,30,0,100.0,100,8,0,1,0,1,1,1,1,1,59.37
13490,12000,1490,0.8895,30,0,100.0,100,5,1,1,1,1,1,1,1,1,68.96
5108,7500,2392,1.4683,30,100,33.33,100,15,1,1,0,1,0,1,1,0,61.35
11617,6500,5117,0.5595,30,100,50.0,100,16,1,1,1,1,0,1,1,0,63.11
10403,11500,1097,1.1055,100,0,75.0,100,5,1,1,1,1,1,0,1,1,76.82
11936,9000,2936,0.754,30,100,100.0,100,10,0,1,1,0,1,1,1,0,78.91
13986,9500,4486,0.6793,30,0,66.67,100,9,1,1,1,0,1,1,0,0,52.59
14943,9500,5443,0.6357,30,0,50.0,100,9,1,1,1,1,1,1,0,0,50.69
14871,9500,5371,0.6388,30,0,75.0,100,4,1,1,1,1,1,0,1,1,55.28
11855,9000,2855,0.7592,30,0,0.0,100,11,0,1,0,0,1,0,1,0,45.48
13281,7000,6281,0.5271,30,0,100,100,20,0,0,0,0,0,1,1,0,56.46
14873,8500,6373,0.5715,30,0,100.0,100,12,1,0,1,0,1,1,1,0,58.65
10240,9000,1240,0.8789,30,0,66.67,100,10,0,1,1,1,1,1,1,0,58.81
8726,8000,726,0.9168,30,100,50.0,100,13,0,0,1,1,1,1,1,0,76.28
6459,7000,541,1.0838,30,0,100.0,100,14,0,0,1,0,1,1,1,0,68.45
5678,7000,1322,1.2328,100,0,100.0,100,14,1,1,0,0,1,1,1,0,78.95
13172,10500,2672,0.7971,100,100,75.0,100,6,1,1,1,1,1,1,0,1,86.54
5726,11500,5774,2.0084,30,100,50.0,100,5,0,1,1,0,1,0,1,1,44.43
5658,13000,7342,2.2976,30,0,100.0,80,3,0,1,0,0,1,1,1,1,40.59
6830,8500,1670,1.2445,30,0,50.0,100,8,1,1,1,1,1,1,0,0,51.11
12663,7000,5663,0.5528,30,0,50.0,100,20,1,1,1,1,0,1,1,0,49.69
9160,1000,8160,0.1092,30,100,100.0,0,0,1,0,1,0,1,1,1,1,47.11
10177,12000,1823,1.1791,30,100,100.0,100,5,0,1,1,0,1,1,1,1,79.1
13757,8500,5257,0.6179,30,100,100.0,100,12,1,1,1,0,1,1,1,0,74.47
14393,10000,4393,0.6948,30,100,75.0,100,7,1,1,1,1,1,1,1,0,74.42
5043,7000,1957,1.3881,100,0,100,100,20,0,0,0,0,0,1,1,0,73.96
8713,8500,213,0.9756,30,0,66.67,100,12,1,1,0,1,1,1,1,0,66.54
6428,9500,3072,1.4779,30,0,50.0,100,9,1,1,1,1,1,1,0,0,45.98
14659,9500,5159,0.6481,30,0,50.0,100,9,1,0,0,1,1,1,0,0,48.91
12078,9500,2578,0.7866,30,0,100.0,100,9,1,0,0,0,1,1,0,0,62.88
11347,8500,2847,0.7491,30,100,50.0,100,8,1,0,0,1,1,1,0,0,66.61
6628,9500,2872,1.4333,30,0,100,100,9,0,0,0,0,1,1,0,0,60.1
8585,7500,1085,0.8736,30,0,50.0,100,15,1,1,1,1,0,1,1,0,57.75
5546,8500,2954,1.5326,30,0,100.0,100,12,1,1,1,0,1,1,1,0,54.2
7678,7500,178,0.9768,30,0,100,100,15,0,0,0,0,0,1,1,0,69.93
14905,8500,6405,0.5703,30,0,50.0,100,12,1,0,0,1,1,1,1,0,50.35
8221,6500,1721,0.7907,30,0,0.0,100,16,0,0,0,1,0,1,1,0,44.85
14690,11500,3190,0.7828,30,0,75.0,100,5,1,1,1,1,1,0,1,1,61.1
6696,11000,4304,1.6428,30,100,100,100,10,0,0,0,0,1,1,1,1,68.82
14634,7000,7634,0.4783,30,100,100,100,14,0,0,0,0,1,1,1,0,69.07
12797,9000,3797,0.7033,30,100,100,100,11,0,0,0,0,1,0,1,0,77.82
13920,11000,2920,0.7902,30,0,100.0,100,10,1,1,1,1,1,1,1,1,65.68
9054,10000,946,1.1045,30,100,100,100,7,0,0,0,0,1,1,1,0,83.53
12442,1000,11442,0.0804,30,100,100.0,0,0,1,0,1,1,1,1,1,1,43.14
5859,7500,1641,1.2801,30,100,66.67,100,15,1,1,1,0,0,1,1,0,69.23
9471,9500,29,1.0031,100,0,100,100,9,0,0,0,0,1,1,0,0,84.24
13923,6500,7423,0.4669,30,0,100.0,100,16,0,0,1,0,0,1,1,0,53.93
9779,10000,221,1.0226,30,100,100.0,100,8,1,0,1,1,1,1,1,1,82.86
7370,9500,2130,1.289,30,0,0.0,100,9,0,0,0,1,1,1,0,0,40.11
11275,12000,725,1.0643,30,0,100,100,5,0,0,0,0,1,1,1,1,69.53
9596,10000,404,1.0421,30,0,100.0,100,8,0,1,0,0,1,1,1,1,66.87
8152,1000,7152,0.1227,30,0,100,0,0,0,0,0,0,1,1,1,1,27.91
8535,8000,535,0.9373,30,0,100.0,100,13,1,0,0,0,1,1,1,0,68.07
12190,8000,4190,0.6563,30,100,100.0,100,13,1,0,0,0,1,1,1,0,74.12
11354,9500,1854,0.8367,30,0,100,100,9,0,0,0,0,1,1,0,0,67.76
12537,10000,2537,0.7976,30,0,100.0,100,8,1,0,1,1,1,1,1,1,62.07
12616,8500,4116,0.6737,30,0,75.0,100,12,1,1,1,1,1,1,1,0,57.19
9567,11000,1433,1.1498,30,0,100,100,10,0,0,0,0,1,1,1,1,65.33
5449,10500,5051,1.927,30,0,100,100,6,0,0,0,0,1,1,0,1,45.3
10702,10500,202,0.9811,30,100,100,100,6,0,0,0,0,1,1,0,1,86.8
6132,13000,6868,2.12,30,100,100,80,3,0,0,0,0,1,1,1,1,53.72
9213,12000,2787,1.3025,30,100,100.0,100,5,1,1,0,1,1,1,1,1,78.77
6715,12000,5285,1.787,30,0,100.0,100,5,1,1,0,1,1,1,1,1,47.98
14155,9000,5155,0.6358,30,100,100,100,10,0,0,0,0,1,1,1,0,76.31
5942,10500,4558,1.7671,30,0,100.0,100,6,0,1,0,1,1,1,0,1,45.43
9591,7000,2591,0.7299,30,0,50.0,100,14,0,0,1,1,1,1,1,0,52.29
13483,12000,1483,0.89,30,0,100,100,5,0,0,0,0,1,1,1,1,68.97
6541,8000,1459,1.2231,30,0,75.0,100,13,1,1,1,1,1,1,1,0,59.43
5820,10000,4180,1.7182,30,100,100.0,100,8,1,1,1,1,1,1,1,1,61.63
9021,10000,979,1.1085,30,0,100,100,7,0,0,0,0,1,1,1,0,67.59
10351,7000,3351,0.6763,100,0,100,100,20,0,0,0,0,0,1,1,0,75.48
8383,9500,1117,1.1332,30,0,100,100,9,0,0,0,0,1,1,0,0,68.9
11483,10500,983,0.9144,30,100,100.0,100,6,1,1,0,1,1,1,0,1,84.5
12643,12000,643,0.9491,30,0,100,100,5,0,0,0,0,1,1,1,1,70.26
12473,10500,1973,0.8418,30,0,100,100,6,0,0,0,0,1,1,0,1,63.5
14708,1000,13708,0.068,30,0,100.0,0,0,1,0,1,0,1,1,1,1,25.42
11957,7000,4957,0.5854,30,100,66.67,100,14,1,1,0,1,1,1,1,0,67.95
14177,8500,5677,0.5996,30,100,100.0,100,12,1,1,0,0,1,1,1,0,73.65
14668,10500,4168,0.7158,30,0,100.0,100,6,1,1,0,0,1,1,0,1,61.09
9168,12000,2832,1.3089,30,0,100.0,100,5,1,1,0,1,1,1,1,1,58.74
6355,12000,5645,1.8883,30,0,100.0,100,5,1,0,1,1,1,1,1,1,43.55
6212,12000,5788,1.9317,30,100,100.0,100,5,1,0,1,1,1,1,1,1,59.11
10655,6500,4155,0.61,30,0,100,100,16,0,0,0,0,0,1,1,0,60.09
12526,1000,11526,0.0798,30,100,100.0,0,0,1,1,1,1,1,1,1,1,43.12
10080,9000,1080,0.8929,30,0,33.33,100,11,0,1,1,1,1,0,1,0,53.77
11274,9500,1774,0.8426,30,100,100.0,100,4,0,0,0,1,1,0,1,1,83.68
9239,12000,2761,1.2988,30,0,100.0,100,5,0,0,0,1,1,1,1,1,63.58
9582,1000,8582,0.1044,100,0,100.0,0,0,0,0,0,1,1,1,1,1,41.59
11189,7000,4189,0.6256,30,100,66.67,100,14,0,1,1,1,1,1,1,0,69.83
7710,12000,4290,1.5564,30,0,100.0,100,5,1,1,0,0,1,1,1,1,55.88
12217,7500,4717,0.6139,30,0,100,100,15,0,0,0,0,0,1,1,0,59.02
13279,13000,279,0.979,100,0,100.0,80,3,0,0,0,1,1,1,1,1,83.64
10275,10000,275,0.9732,30,0,100,100,8,0,0,0,0,1,1,1,1,72.33
12328,7000,5328,0.5678,30,0,66.67,100,14,1,0,1,1,1,1,1,0,49.09
9074,8500,574,0.9367,30,0,100.0,100,12,1,0,0,0,1,1,1,0,70.24
11273,9000,2273,0.7984,30,0,50.0,100,11,1,1,0,0,1,0,1,0,56.65
8057,10000,1943,1.2412,100,0,100,100,7,0,0,0,0,1,1,1,0,79.76
9632,7000,2632,0.7267,30,100,100,100,20,0,0,0,0,0,1,1,0,78.35
10044,8500,1544,0.8463,30,0,100,100,12,0,0,0,0,1,1,1,0,68.34
14528,6500,8028,0.4474,30,0,100,100,16,0,0,0,0,0,1,1,0,54.94
12608,11000,1608,0.8725,30,100,100.0,100,10,0,1,0,0,1,1,1,1,82.69
8134,11000,2866,1.3523,30,0,100,100,10,0,0,0,0,1,1,1,1,63.38
11517,11000,517,0.9551,30,100,100,100,10,0,0,0,0,1,1,1,1,85.44
7516,7500,16,0.9979,30,0,50.0,100,15,1,1,1,1,0,1,1,0,59.12
5050,11000,5950,2.1782,30,0,100.0,100,10,1,0,0,0,1,1,1,1,42.31
12937,9500,3437,0.7343,30,0,100,100,4,0,0,0,0,1,0,1,1,65.3
7013,8500,1487,1.212,30,100,50.0,100,12,1,0,0,1,1,1,1,0,68.13
9306,8500,806,0.9134,100,0,50.0,100,8,1,0,1,0,1,1,0,0,73.05
11011,13000,1989,1.1806,30,100,100.0,80,3,1,0,0,0,1,1,1,1,77.79
11281,11500,219,1.0194,30,0,100.0,100,5,0,0,0,1,1,0,1,1,72.12
8610,7500,1110,0.8711,30,0,100.0,100,15,0,1,1,0,0,1,1,0,68.47
13747,10000,3747,0.7274,30,0,50.0,100,7,0,1,0,1,1,1,1,0,55.02
7596,12000,4404,1.5798,30,0,100.0,100,5,0,1,1,1,1,1,1,1,53.95
13208,9000,4208,0.6814,30,0,100,100,11,0,0,0,0,1,0,1,0,61.1
10982,9500,1482,0.8651,30,0,100.0,100,9,1,0,0,0,1,1,0,0,64.48
10097,14000,3903,1.3866,30,0,100.0,100,4,1,1,0,0,1,1,1,1,58.67
14989,13000,1989,0.8673,30,0,100,80,3,0,0,0,0,1,1,1,1,66.41
14371,1000,13371,0.0696,100,0,100,0,0,0,0,0,0,1,1,1,1,42.51
6217,9500,3283,1.5281,100,100,66.67,100,4,0,1,1,1,1,0,1,1,79.97
7123,1000,6123,0.1404,100,100,100.0,0,0,0,1,1,0,1,1,1,1,60.27
9082,8500,582,0.9359,100,100,75.0,100,12,1,1,1,1,1,1,1,0,96.01
5942,9500,3558,1.5988,30,0,75.0,100,4,1,1,1,1,1,0,1,1,47.41
9565,14000,4435,1.4637,30,100,100.0,100,4,1,1,1,0,1,1,1,1,69.38
7010,8500,1490,1.2126,30,100,100,100,12,0,0,0,0,1,1,1,0,78.14
11006,10000,1006,0.9086,30,0,50.0,100,7,0,0,1,1,1,1,1,0,60.2
14704,7500,7204,0.5101,30,100,0.0,100,15,1,0,0,0,0,1,1,0,52.24
14347,9000,5347,0.6273,30,0,100,100,10,0,0,0,0,1,1,1,0,57.33
5572,10000,4428,1.7947,30,100,66.67,100,7,1,0,1,1,1,1,1,0,55.64
8609,10000,1391,1.1616,30,100,100.0,100,7,0,1,0,0,1,1,1,0,79.54
14003,14000,3,0.9998,30,100,100.0,100,4,1,0,1,1,1,1,1,1,84.03
6583,10000,3417,1.5191,30,0,100.0,100,8,1,1,0,1,1,1,1,1,53.92
10206,7000,3206,0.6859,30,0,50.0,100,20,1,1,0,0,0,1,1,0,52.63
8499,9500,1001,1.1178,100,0,100,100,4,0,0,0,0,1,0,1,1,83.02
8804,10500,1696,1.1926,30,100,100.0,100,6,1,0,0,1,1,1,0,1,79.93
14335,7000,7335,0.4883,30,0,66.67,100,14,1,0,1,1,1,1,1,0,49.15
11214,10000,1214,0.8917,30,0,100.0,100,8,0,1,0,0,1,1,1,1,69.53
11021,7500,3521,0.6805,100,100,50.0,100,15,1,1,0,0,0,1,1,0,77.45
6850,11000,4150,1.6058,100,100,100.0,100,10,0,1,1,0,1,1,1,1,80.81
14556,7000,7556,0.4809,30,0,50.0,100,20,0,1,0,1,0,1,1,0,44.26
11342,11500,158,1.0139,30,0,100.0,100,5,0,0,1,0,1,0,1,1,68.13
12565,9000,3565,0.7163,30,0,50.0,100,10,0,0,1,1,1,1,1,0,53.68
10946,10000,946,0.9136,30,0,100.0,100,7,0,1,0,0,1,1,1,0,67.24
11407,10000,1407,0.8767,30,100,0.0,100,7,0,0,0,1,1,1,1,0,63.21
11890,8000,3890,0.6728,30,0,0.0,100,13,0,0,0,1,1,1,1,0,43.0
6654,1000,5654,0.1503,30,0,100.0,0,0,0,1,1,1,1,1,1,1,30.57
6703,1000,5703,0.1492,30,0,100.0,0,0,1,1,1,1,1,1,1,1,33.02
7124,10000,2876,1.4037,30,0,100.0,100,7,1,1,0,0,1,1,1,0,61.34
8074,8500,426,1.0528,30,100,100.0,100,12,1,0,1,0,1,1,1,0,84.07
7664,6500,1164,0.8481,30,0,100,100,16,0,0,0,0,0,1,1,0,68.88
7226,6500,726,0.8995,30,100,66.67,100,16,1,1,1,0,0,1,1,0,75.62
6663,8500,1837,1.2757,30,100,0.0,100,12,0,0,0,1,1,1,1,0,54.74
9230,11500,2270,1.2459,100,0,100,100,5,0,0,0,0,1,0,1,1,78.62
9265,8500,765,0.9174,30,0,100.0,100,12,1,0,0,0,1,1,1,0,70.13
13902,9500,4402,0.6834,30,0,33.33,100,9,0,1,1,1,1,1,0,0,47.65
10205,9500,705,0.9309,30,0,66.67,100,4,0,1,1,1,1,0,1,1,61.31
5633,11500,5867,2.0415,30,100,100.0,100,5,1,0,0,1,1,0,1,1,58.4
10720,8500,2220,0.7929,30,100,66.67,100,12,1,0,1,1,1,1,1,0,74.91
5929,11500,5571,1.9396,100,0,50.0,100,5,0,1,0,1,1,0,1,1,43.84
12596,9000,3596,0.7145,30,0,66.67,100,11,1,1,1,0,1,0,1,0,57.88
6180,6500,320,1.0518,30,0,33.33,100,16,1,1,0,1,0,1,1,0,54.51
13865,10500,3365,0.7573,30,0,100.0,100,6,1,0,0,1,1,1,0,1,64.6
12979,10500,2479,0.809,30,0,100,100,6,0,0,0,0,1,1,0,1,65.7
9791,6500,3291,0.6639,30,100,0.0,100,16,1,0,0,1,0,1,1,0,53.39
13194,9000,4194,0.6821,30,0,0.0,100,10,0,0,0,1,1,1,1,0,42.41
8721,13000,4279,1.4907,30,0,100.0,80,3,0,0,0,1,1,1,1,1,53.99
13037,14000,963,1.0739,30,0,100.0,100,4,1,1,1,1,1,1,1,1,70.01
9241,13000,3759,1.4068,30,100,100.0,80,3,1,0,1,0,1,1,1,1,70.23
5305,8500,3195,1.6023,30,0,66.67,100,12,1,0,1,1,1,1,1,0,46.69
9145,8000,1145,0.8748,100,0,75.0,100,13,1,1,1,1,1,1,1,0,76.9
12972,1000,11972,0.0771,30,100,100.0,0,0,0,0,1,0,1,1,1,1,42.83
12251,10000,2251,0.8163,30,0,100,100,8,0,0,0,0,1,1,1,1,67.61
11255,8500,2755,0.7552,30,100,50.0,100,12,0,1,0,1,1,1,1,0,69.31
14115,6500,7615,0.4605,30,0,100,100,16,0,0,0,0,0,1,1,0,57.5
14719,10000,4719,0.6794,30,0,0.0,100,7,0,0,0,1,1,1,1,0,38.5
8979,10000,1021,1.1137,100,100,100,100,7,0,0,0,0,1,1,1,0,94.79
13451,11000,2451,0.8178,30,100,100,100,10,0,0,0,0,1,1,1,1,79.38
12413,9000,3413,0.725,30,0,50.0,100,11,1,1,1,1,1,0,1,0,53.97
14344,10500,3844,0.732,30,0,100.0,100,6,1,0,0,1,1,1,0,1,63.87
13721,11500,2221,0.8381,30,100,100,100,5,0,0,0,0,1,0,1,1,83.57
9460,8500,960,0.8985,30,0,66.67,100,12,1,1,0,1,1,1,1,0,59.92
11419,9500,1919,0.8319,30,0,50.0,100,4,1,1,0,0,1,0,1,1,56.52
13522,10000,3522,0.7395,30,0,100,100,8,0,0,0,0,1,1,1,1,61.21
10993,9500,1493,0.8642,30,0,100,100,4,0,0,0,0,1,0,1,1,67.47
8985,8000,985,0.8904,30,0,75.0,100,13,1,1,1,1,1,1,1,0,59.99
7527,9000,1473,1.1957,30,0,100.0,100,10,1,1,1,0,1,1,1,0,64.41
8493,11000,2507,1.2952,100,0,100.0,100,10,0,1,1,0,1,1,1,1,78.95
14270,11500,2770,0.8059,30,0,100,100,5,0,0,0,0,1,0,1,1,67.54
13587,1000,12587,0.0736,30,0,100.0,0,0,1,1,1,1,1,1,1,1,26.97
11527,8500,3027,0.7374,30,0,50.0,100,8,1,1,1,1,1,1,0,0,51.44
11553,9500,2053,0.8223,30,0,100.0,100,9,0,1,0,0,1,1,0,0,64.57
9518,13000,3482,1.3658,30,100,100.0,80,3,0,0,0,1,1,1,1,1,69.55
5226,7500,2274,1.4351,30,100,50.0,100,15,1,1,1,1,0,1,1,0,62.75
7483,9500,2017,1.2695,30,0,50.0,100,9,1,0,1,0,1,1,0,0,53.1
10893,10000,893,0.918,30,100,100.0,100,8,1,0,0,1,1,1,1,1,82.12
6841,8500,1659,1.2425,30,0,50.0,100,8,0,1,0,1,1,1,0,0,51.85
5805,7000,1195,1.2059,30,0,0.0,100,14,0,0,0,1,1,1,1,0,43.11
14607,8000,6607,0.5477,30,0,100.0,100,13,1,0,1,0,1,1,1,0,54.84
11905,6500,5405,0.546,30,0,50.0,100,16,1,1,0,0,0,1,1,0,46.22
14723,11500,3223,0.7811,100,0,100.0,100,5,1,0,1,1,1,0,1,1,80.97
6792,6500,292,0.957,30,0,100.0,100,16,0,1,0,0,0,1,1,0,70.04
14625,11500,3125,0.7863,30,100,100,100,5,0,0,0,0,1,0,1,1,77.47
12329,8500,3829,0.6894,30,0,50.0,100,12,1,0,0,1,1,1,1,0,50.9
9379,8500,879,0.9063,30,0,50.0,100,8,1,0,1,0,1,1,0,0,58.19
6665,7500,835,1.1253,30,100,33.33,100,15,1,0,1,1,0,1,1,0,66.74
13750,7000,6750,0.5091,30,100,50.0,100,20,0,1,0,1,0,1,1,0,63.3
14125,11000,3125,0.7788,30,0,100.0,100,10,1,1,1,1,1,1,1,1,63.32
12293,11500,793,0.9355,30,0,50.0,100,5,0,1,0,1,1,0,1,1,60.39
8043,11500,3457,1.4298,30,100,100.0,100,5,0,0,1,1,1,0,1,1,74.8
11073,11500,427,1.0386,30,100,100.0,100,5,1,0,0,0,1,0,1,1,85.96
9996,7000,2996,0.7003,100,0,0.0,100,20,0,0,0,1,0,1,1,0,55.59
10733,9500,1233,0.8851,30,0,0.0,100,9,0,0,0,1,1,1,0,0,45.64
9721,9500,221,0.9773,30,100,50.0,100,4,0,1,0,1,1,0,1,1,77.41
11803,14000,2197,1.1861,30,0,100.0,100,4,0,0,1,0,1,1,1,1,63.07
9797,8000,1797,0.8166,100,0,75.0,100,13,1,1,1,1,1,1,1,0,71.77
12572,7000,5572,0.5568,30,100,50.0,100,14,1,0,0,1,1,1,1,0,62.94
7158,13000,5842,1.8161,30,0,100.0,80,3,1,1,1,1,1,1,1,1,46.17
6756,8500,1744,1.2581,100,100,50.0,100,8,1,1,1,1,1,1,0,0,85.23
7638,8000,362,1.0474,30,0,100.0,100,13,1,1,0,0,1,1,1,0,69.3
13729,9000,4729,0.6555,100,0,100,100,10,0,0,0,0,1,1,1,0,72.37
5421,7000,1579,1.2913,30,100,100,100,14,0,0,0,0,1,1,1,0,74.53
13154,7000,6154,0.5322,30,0,100.0,100,14,1,1,1,0,1,1,1,0,55.29
11413,1000,10413,0.0876,30,0,100.0,0,0,1,1,1,1,1,1,1,1,30.98
14131,11000,3131,0.7784,30,0,100.0,100,10,0,1,1,0,1,1,1,1,65.59
10541,8000,2541,0.7589,100,0,66.67,100,13,1,1,0,1,1,1,1,0,69.96
12283,11000,1283,0.8955,30,100,100,100,10,0,0,0,0,1,1,1,1,80.45
13520,11500,2020,0.8506,100,100,100,100,5,0,0,0,0,1,0,1,1,93.3
6811,9000,2189,1.3214,30,0,100,100,10,0,0,0,0,1,1,1,0,60.7
12798,7000,5798,0.547,30,0,100.0,100,20,0,1,1,0,0,1,1,0,59.81
6423,9500,3077,1.4791,30,100,66.67,100,9,1,1,1,0,1,1,0,0,66.86
9753,7500,2253,0.769,30,0,100,100,15,0,0,0,0,0,1,1,0,64.47
6177,1000,5177,0.1619,30,100,100,0,0,0,0,0,0,1,1,1,1,46.49
8004,10500,2496,1.3118,30,100,100,100,6,0,0,0,0,1,1,0,1,75.76
8512,9500,988,1.1161,30,0,50.0,100,9,1,1,1,1,1,1,0,0,58.13
9245,6500,2745,0.7031,30,0,100,100,16,0,0,0,0,0,1,1,0,59.47
13384,11500,1884,0.8592,30,0,66.67,100,5,0,1,1,1,1,0,1,1,58.27
10851,8000,2851,0.7373,30,0,100.0,100,13,1,0,1,0,1,1,1,0,64.6
12849,8000,4849,0.6226,30,0,75.0,100,13,1,1,1,1,1,1,1,0,52.82
8051,7000,1051,0.8695,30,100,66.67,100,14,1,1,0,1,1,1,1,0,77.57
6034,7000,966,1.1601,30,0,100.0,100,14,0,1,1,0,1,1,1,0,65.1
14975,7000,7975,0.4674,30,0,100,100,20,0,0,0,0,0,1,1,0,57.29
5634,13000,7366,2.3074,30,100,100.0,80,3,1,1,1,1,1,1,1,1,52.65
10860,7000,3860,0.6446,30,0,100.0,100,20,0,1,0,0,0,1,1,0,62.63
10511,6500,4011,0.6184,30,100,33.33,100,16,1,0,1,1,0,1,1,0,59.38
14291,14000,291,0.9796,30,0,100.0,100,4,1,1,0,1,1,1,1,1,71.71
8605,14000,5395,1.627,30,0,100.0,100,4,1,1,1,1,1,1,1,1,53.06
9806,10000,194,1.0198,30,100,100.0,100,8,0,1,0,1,1,1,1,1,82.86
14841,1000,13841,0.0674,30,100,100,0,0,0,0,0,0,1,1,1,1,41.39
6723,1000,5723,0.1487,30,0,100,0,0,0,0,0,0,1,1,1,1,32.74
6962,14000,7038,2.0109,30,0,100.0,100,4,0,0,1,1,1,1,1,1,38.23
10228,10500,272,1.0266,30,100,66.67,100,6,1,0,1,1,1,1,0,1,79.28
7399,7000,399,0.9461,30,0,100,100,14,0,0,0,0,1,1,1,0,71.07
5295,9000,3705,1.6997,30,0,100,100,11,0,0,0,0,1,0,1,0,50.4
8014,10000,1986,1.2478,30,0,100.0,100,8,1,0,0,0,1,1,1,1,63.46
8250,9500,1250,1.1515,100,0,100,100,9,0,0,0,0,1,1,0,0,79.43
13062,13000,62,0.9953,30,0,100.0,80,3,1,1,1,1,1,1,1,1,68.36
10737,10000,737,0.9314,100,0,100,100,7,0,0,0,0,1,1,1,0,81.03
8783,9000,217,1.0247,30,0,66.67,100,10,1,0,1,1,1,1,1,0,62.17
5801,6500,699,1.1205,30,100,100,100,16,0,0,0,0,0,1,1,0,80.53
6048,8000,1952,1.3228,30,0,100,100,13,0,0,0,0,1,1,1,0,59.03
8824,9500,676,1.0766,30,0,50.0,100,4,0,1,1,0,1,0,1,1,56.66
12554,9000,3554,0.7169,30,100,33.33,100,11,0,1,1,1,1,0,1,0,65.03
7551,1000,6551,0.1324,30,0,100.0,0,0,0,1,0,0,1,1,1,1,30.15
5361,8000,2639,1.4923,30,100,100.0,100,13,1,0,1,0,1,1,1,0,71.8
14909,9000,5909,0.6037,30,0,100,100,11,0,0,0,0,1,0,1,0,61.92
6265,10000,3735,1.5962,30,0,100.0,100,7,0,1,1,0,1,1,1,0,51.57
14872,12000,2872,0.8069,30,0,100.0,100,5,0,1,0,1,1,1,1,1,62.82
7050,9000,1950,1.2766,30,0,100.0,100,10,0,1,0,0,1,1,1,0,62.26
14025,6500,7525,0.4635,30,0,100.0,100,16,0,1,1,0,0,1,1,0,57.4
11461,8000,3461,0.698,30,0,50.0,100,13,0,1,0,1,1,1,1,0,51.77
13126,10500,2626,0.7999,30,0,50.0,100,6,0,1,1,0,1,1,0,1,53.45
12290,8500,3790,0.6916,30,0,66.67,100,8,1,1,1,0,1,1,0,0,54.96
11074,10500,574,0.9482,100,100,100.0,100,6,1,1,0,1,1,1,0,1,100
5953,10500,4547,1.7638,30,0,66.67,100,6,0,1,1,1,1,1,0,1,38.73
7985,13000,5015,1.6281,30,0,100.0,80,3,0,0,0,1,1,1,1,1,48.65
5260,12000,6740,2.2814,30,0,100.0,100,5,0,0,1,0,1,1,1,1,43.57
12792,12000,792,0.9381,100,0,100.0,100,5,0,0,1,0,1,1,1,1,81.22
14071,8500,5571,0.6041,30,0,100.0,100,12,1,1,1,0,1,1,1,0,57.5
13063,9000,4063,0.689,30,100,66.67,100,10,1,0,1,1,1,1,1,0,72.42
14742,11000,3742,0.7462,30,0,100.0,100,10,1,1,1,1,1,1,1,1,63.04
13063,8500,4563,0.6507,100,100,66.67,100,12,1,1,0,1,1,1,1,0,80.86
11959,9000,2959,0.7526,30,0,50.0,100,11,0,0,1,1,1,0,1,0,51.75
11945,9500,2445,0.7953,30,0,100,100,9,0,0,0,0,1,1,0,0,66.67
12586,10000,2586,0.7945,30,100,100.0,100,8,0,1,0,1,1,1,1,1,80.05
11968,10500,1468,0.8773,30,0,100.0,100,6,1,1,0,1,1,1,0,1,69.24
12557,8500,4057,0.6769,30,0,50.0,100,8,0,1,1,0,1,1,0,0,51.52
7640,9000,1360,1.178,30,0,50.0,100,11,1,1,1,1,1,0,1,0,54.97
10534,7000,3534,0.6645,100,0,75.0,100,14,1,1,1,1,1,1,1,0,72.12
10175,7000,3175,0.688,30,0,50.0,100,20,1,1,1,1,0,1,1,0,50.9
6879,7500,621,1.0903,30,0,33.33,100,15,1,1,0,1,0,1,1,0,53.86
13722,6500,7222,0.4737,30,100,50.0,100,16,1,1,1,1,0,1,1,0,59.39
8711,10000,1289,1.148,30,0,100.0,100,8,1,1,1,0,1,1,1,1,68.56
9330,10500,1170,1.1254,100,0,100.0,100,6,0,1,0,0,1,1,0,1,81.66
10515,10000,515,0.951,30,0,100.0,100,8,1,0,0,0,1,1,1,1,70.91
5555,8000,2445,1.4401,30,0,75.0,100,13,1,1,1,1,1,1,1,0,54.91
12806,10000,2806,0.7809,30,0,100.0,100,8,0,1,0,0,1,1,1,1,63.55
14739,8500,6239,0.5767,30,100,75.0,100,12,1,1,1,1,1,1,1,0,68.33
5734,14000,8266,2.4416,30,0,100.0,100,4,1,0,0,1,1,1,1,1,41.22
8656,8500,156,0.982,30,0,50.0,100,8,1,1,1,1,1,1,0,0,63.05
7572,9500,1928,1.2546,30,0,50.0,100,9,1,1,1,1,1,1,0,0,51.58
14177,10000,4177,0.7054,30,0,66.67,100,7,0,1,1,1,1,1,1,0,55.02
5655,11500,5845,2.0336,30,100,100.0,100,5,1,0,1,1,1,0,1,1,54.18
11171,14000,2829,1.2532,30,0,100.0,100,4,0,1,1,0,1,1,1,1,63.9
5877,9500,3623,1.6165,30,0,50.0,100,4,0,1,0,1,1,0,1,1,41.28
10479,10000,479,0.9543,30,0,100,100,7,0,0,0,0,1,1,1,0,70.7
8264,10000,1736,1.2101,100,0,100.0,100,8,1,1,1,1,1,1,1,1,79.23
14843,12000,2843,0.8085,30,100,100.0,100,5,0,0,1,0,1,1,1,1,83.05
11358,9000,2358,0.7924,100,0,100,100,10,0,0,0,0,1,1,1,0,77.69
5536,14000,8464,2.5289,30,0,100.0,100,4,1,1,1,1,1,1,1,1,41.41
14464,11500,2964,0.7951,30,0,100.0,100,5,1,0,1,0,1,0,1,1,64.15
8844,9000,156,1.0176,30,0,75.0,100,10,1,1,1,1,1,1,1,0,67.43
13908,10500,3408,0.755,30,100,75.0,100,6,1,1,1,1,1,1,0,1,76.05
10799,11500,701,1.0649,30,100,75.0,100,5,1,1,1,1,1,0,1,1,76.21
6552,10000,3448,1.5263,30,100,100.0,100,8,0,1,0,0,1,1,1,1,70.27
10592,9500,1092,0.8969,30,100,75.0,100,4,1,1,1,1,1,0,1,1,76.58
10344,8000,2344,0.7734,30,0,50.0,100,13,0,1,0,1,1,1,1,0,52.91
14459,10500,3959,0.7262,100,0,0.0,100,6,0,0,1,0,1,1,0,1,57.82
8876,14000,5124,1.5773,30,0,100.0,100,4,0,1,1,1,1,1,1,1,50.92
12690,1000,11690,0.0788,30,0,100.0,0,0,1,0,1,1,1,1,1,1,28.02
11606,10000,1606,0.8616,30,0,100.0,100,8,0,1,1,1,1,1,1,1,67.7
11770,8000,3770,0.6797,30,0,50.0,100,13,0,0,1,1,1,1,1,0,53.78
6433,10500,4067,1.6322,30,0,75.0,100,6,1,1,1,1,1,1,0,1,49.87
5018,13000,7982,2.5907,30,0,100.0,80,3,1,0,1,1,1,1,1,1,37.76
9995,14000,4005,1.4007,30,100,100.0,100,4,1,1,1,1,1,1,1,1,74.52
7669,8500,831,1.1084,30,0,50.0,100,12,0,0,1,1,1,1,1,0,57.56
10839,7000,3839,0.6458,100,0,66.67,100,20,0,1,1,1,0,1,1,0,69.47
7404,13000,5596,1.7558,30,0,100.0,80,3,1,0,0,0,1,1,1,1,43.91
14026,9500,4526,0.6773,30,0,66.67,100,9,1,1,1,0,1,1,0,0,53.12
5456,10500,5044,1.9245,100,0,50.0,100,6,1,0,1,0,1,1,0,1,44.52
9438,9000,438,0.9536,30,0,50.0,100,10,0,0,1,1,1,1,1,0,57.73
14371,9500,4871,0.6611,30,0,50.0,100,4,0,1,0,1,1,0,1,1,53.31
12541,7000,5541,0.5582,30,0,100,100,20,0,0,0,0,0,1,1,0,60.2
7894,6500,1394,0.8234,30,100,50.0,100,16,0,1,0,1,0,1,1,0,70.92
7569,7000,569,0.9248,30,100,100.0,100,20,0,0,1,0,0,1,1,0,83.58
7453,12000,4547,1.6101,30,0,100,100,5,0,0,0,0,1,1,1,1,54.82
13219,12000,1219,0.9078,30,0,100,100,5,0,0,0,0,1,1,1,1,70.62
11886,14000,2114,1.1779,30,0,100.0,100,4,0,0,0,1,1,1,1,1,63.98
12519,7000,5519,0.5592,30,0,100,100,20,0,0,0,0,0,1,1,0,54.85
14679,10500,4179,0.7153,30,0,0.0,100,6,0,0,1,0,1,1,0,1,43.62
8396,7000,1396,0.8337,30,0,0.0,100,14,0,0,0,1,1,1,1,0,48.63
12271,8500,3771,0.6927,30,0,66.67,100,12,0,1,1,1,1,1,1,0,54.15
11501,7000,4501,0.6086,30,100,100.0,100,20,0,0,1,0,0,1,1,0,73.93
13914,11000,2914,0.7906,30,0,100.0,100,10,1,1,1,1,1,1,1,1,65.18
5978,1000,4978,0.1673,30,100,100,0,0,0,0,0,0,1,1,1,1,46.31
5022,10500,5478,2.0908,30,0,75.0,100,6,1,1,1,1,1,1,0,1,38.04
9857,6500,3357,0.6594,30,0,0.0,100,16,1,0,0,0,0,1,1,0,38.35
13666,9500,4166,0.6952,100,0,100.0,100,4,1,0,1,0,1,0,1,1,76.89
10942,13000,2058,1.1881,30,100,100.0,80,3,0,1,1,0,1,1,1,1,80.08
9652,10000,348,1.0361,30,0,100.0,100,8,0,1,1,1,1,1,1,1,70.13
6842,6500,342,0.95,100,100,100,100,16,0,0,0,0,0,1,1,0,96.9
7853,13000,5147,1.6554,30,0,100.0,80,3,0,1,1,1,1,1,1,1,50.08
13376,12000,1376,0.8971,30,100,100.0,100,5,1,1,1,1,1,1,1,1,82.53
6730,9000,2270,1.3373,30,0,50.0,100,11,1,1,1,1,1,0,1,0,50.36
13034,9500,3534,0.7289,30,0,100.0,100,9,0,1,0,0,1,1,0,0,65.05
14139,7500,6639,0.5304,100,100,50.0,100,15,0,1,0,1,0,1,1,0,77.35
5706,9500,3794,1.6649,30,0,75.0,100,4,1,1,1,1,1,0,1,1,46.81
9220,10500,1280,1.1388,30,100,66.67,100,6,0,1,1,1,1,1,0,1,72.63
14794,8000,6794,0.5408,30,0,50.0,100,13,0,1,0,1,1,1,1,0,44.96
13636,9500,4136,0.6967,30,0,50.0,100,9,1,0,0,1,1,1,0,0,49.64
14870,9000,5870,0.6052,30,100,0.0,100,11,0,1,0,0,1,0,1,0,57.11
5936,11000,5064,1.8531,100,100,100,100,10,0,0,0,0,1,1,1,1,76.88
13572,10500,3072,0.7737,30,100,100.0,100,6,1,1,0,1,1,1,0,1,79.3
8214,14000,5786,1.7044,30,0,100.0,100,4,0,0,0,1,1,1,1,1,48.29
12829,9000,3829,0.7015,30,0,50.0,100,11,1,1,1,1,1,0,1,0,53.9
13849,9500,4349,0.686,30,0,100,100,9,0,0,0,0,1,1,0,0,61.19
9391,10500,1109,1.1181,30,0,50.0,100,6,0,1,1,0,1,1,0,1,58.2
9449,7000,2449,0.7408,100,0,100,100,14,0,0,0,0,1,1,1,0,74.38
7334,7500,166,1.0226,30,0,50.0,100,15,0,0,1,1,0,1,1,0,59.03
6187,12000,5813,1.9396,30,0,100.0,100,5,0,1,1,0,1,1,1,1,43.92
5295,14000,8705,2.644,30,0,100.0,100,4,1,1,1,1,1,1,1,1,43.0
6421,11500,5079,1.791,30,100,100.0,100,5,1,0,1,0,1,0,1,1,64.48
9492,10000,508,1.0535,30,0,100.0,100,8,1,1,1,1,1,1,1,1,67.28
14498,8500,5998,0.5863,30,0,100,100,12,0,0,0,0,1,1,1,0,58.52
13741,10000,3741,0.7277,30,100,100,100,8,0,0,0,0,1,1,1,1,75.19
11134,7000,4134,0.6287,30,100,100,100,20,0,0,0,0,0,1,1,0,75.42
11398,10000,1398,0.8773,30,0,100.0,100,8,1,1,1,1,1,1,1,1,65.67
11050,11000,50,0.9955,30,100,100.0,100,10,1,1,1,0,1,1,1,1,83.4
11272,6500,4772,0.5767,30,100,50.0,100,16,1,1,1,1,0,1,1,0,63.51
14526,10000,4526,0.6884,30,0,100.0,100,8,1,1,1,1,1,1,1,1,60.86
12159,12000,159,0.9869,30,0,100.0,100,5,1,1,0,0,1,1,1,1,71.13
8055,1000,7055,0.1241,30,0,100,0,0,0,0,0,0,1,1,1,1,29.47
10462,11000,538,1.0514,30,0,100.0,100,10,0,0,1,1,1,1,1,1,71.54
12682,7000,5682,0.552,30,0,50.0,100,20,1,1,1,1,0,1,1,0,48.37
11045,9000,2045,0.8148,30,0,50.0,100,11,1,1,0,0,1,0,1,0,54.96
14085,14000,85,0.994,30,0,100.0,100,4,1,1,1,0,1,1,1,1,70.38
11344,8500,2844,0.7493,30,0,50.0,100,12,1,0,0,1,1,1,1,0,55.03
9653,9000,653,0.9324,30,0,50.0,100,11,1,1,1,1,1,0,1,0,61.25
14361,8000,6361,0.5571,30,0,0.0,100,13,0,0,0,1,1,1,1,0,36.07
9246,9500,254,1.0275,30,0,100.0,100,9,0,1,0,0,1,1,0,0,71.07
5456,12000,6544,2.1994,100,0,100.0,100,5,0,0,1,1,1,1,1,1,55.5
7252,1000,6252,0.1379,30,100,100.0,0,0,1,1,0,1,1,1,1,1,44.58
6439,9500,3061,1.4754,30,0,75.0,100,4,1,1,1,1,1,0,1,1,48.75
10235,10500,265,1.0259,30,0,0.0,100,6,0,0,1,0,1,1,0,1,52.25
11447,10000,1447,0.8736,30,0,50.0,100,7,0,0,1,1,1,1,1,0,57.68
11900,10000,1900,0.8403,30,100,100.0,100,7,0,0,1,0,1,1,1,0,78.37
11257,9000,2257,0.7995,30,0,100.0,100,10,0,1,1,0,1,1,1,0,63.38
7239,12000,4761,1.6577,30,0,100,100,5,0,0,0,0,1,1,1,1,49.06
12203,10000,2203,0.8195,30,0,66.67,100,7,1,0,1,1,1,1,1,0,56.02
14906,11500,3406,0.7715,30,100,66.67,100,5,1,1,1,0,1,0,1,1,72.91
6493,9000,2507,1.3861,30,0,50.0,100,11,1,1,1,1,1,0,1,0,48.08
7388,1000,6388,0.1354,100,100,100.0,0,0,1,1,1,0,1,1,1,1,60.12
8991,7500,1491,0.8342,100,0,50.0,100,15,1,0,1,0,0,1,1,0,70.67
7347,8500,1153,1.1569,30,100,50.0,100,8,1,1,1,1,1,1,0,0,72.77
13496,11000,2496,0.8151,30,100,100.0,100,10,1,1,1,1,1,1,1,1,82.84
13500,10500,3000,0.7778,30,0,75.0,100,6,1,1,1,1,1,1,0,1,56.9
10441,10000,441,0.9578,30,100,100.0,100,7,0,1,0,0,1,1,1,0,84.09
11173,7000,4173,0.6265,30,0,75.0,100,14,1,1,1,1,1,1,1,0,51.99
8839,9000,161,1.0182,30,0,100,100,10,0,0,0,0,1,1,1,0,68.77
13857,12000,1857,0.866,30,0,100.0,100,5,1,1,0,1,1,1,1,1,67.07
7671,11500,3829,1.4992,100,100,100.0,100,5,1,0,1,0,1,0,1,1,86.8
6787,9500,2713,1.3997,30,100,66.67,100,9,1,1,0,1,1,1,0,0,67.96
14893,9000,5893,0.6043,30,100,50.0,100,11,1,1,1,1,1,0,1,0,64.65
5511,9000,3489,1.6331,30,0,100.0,100,10,1,0,0,0,1,1,1,0,49.89
7458,8000,542,1.0727,30,0,66.67,100,13,1,1,0,1,1,1,1,0,64.92
14231,8000,6231,0.5622,30,100,100,100,13,0,0,0,0,1,1,1,0,75.05
5768,10000,4232,1.7337,100,0,100.0,100,8,1,0,0,1,1,1,1,1,65.14
5311,13000,7689,2.4477,30,0,100.0,80,3,1,0,0,0,1,1,1,1,38.28
9817,8500,1317,0.8658,30,0,66.67,100,8,1,1,0,1,1,1,0,0,58.38
11570,1000,10570,0.0864,30,0,100.0,0,0,1,1,1,1,1,1,1,1,27.2
10672,10000,672,0.937,100,0,100.0,100,8,1,0,0,0,1,1,1,1,84.56
6635,14000,7365,2.11,30,0,100.0,100,4,1,1,0,1,1,1,1,1,42.44
14886,11000,3886,0.7389,100,0,100.0,100,10,0,1,1,1,1,1,1,1,74.37
9370,11000,1630,1.174,30,0,100.0,100,10,1,1,1,0,1,1,1,1,66.42
9222,1000,8222,0.1084,30,100,100.0,0,0,1,0,1,0,1,1,1,1,46.95
9643,1000,8643,0.1037,30,0,100.0,0,0,1,1,1,1,1,1,1,1,30.64
13543,6500,7043,0.48,30,0,50.0,100,16,1,1,1,1,0,1,1,0,48.31
11529,7000,4529,0.6072,30,0,0.0,100,20,0,0,0,1,0,1,1,0,41.82
10699,8500,2199,0.7945,30,100,50.0,100,8,1,1,1,1,1,1,0,0,71.97
7996,10000,2004,1.2506,30,100,75.0,100,7,1,1,1,1,1,1,1,0,74.23
8421,6500,1921,0.7719,30,100,50.0,100,16,1,1,1,1,0,1,1,0,70.12
7343,8500,1157,1.1576,30,0,100,100,12,0,0,0,0,1,1,1,0,63.49
14634,10000,4634,0.6833,30,100,100.0,100,7,1,1,1,0,1,1,1,0,75.07
12195,9000,3195,0.738,100,0,100.0,100,10,1,1,1,0,1,1,1,0,76.56
7863,10000,2137,1.2718,30,100,100,100,7,0,0,0,0,1,1,1,0,77.39
9998,11500,1502,1.1502,30,100,100,100,5,0,0,0,0,1,0,1,1,79.17
11433,1000,10433,0.0875,30,100,100,0,0,0,0,0,0,1,1,1,1,42.98
14604,10500,4104,0.719,30,100,0.0,100,6,0,0,1,0,1,1,0,1,58.42
7267,7500,233,1.0321,30,100,100.0,100,15,0,0,1,0,0,1,1,0,83.63
12420,9000,3420,0.7246,30,0,100,100,11,0,0,0,0,1,0,1,0,65.67
7760,10000,2240,1.2887,30,0,100.0,100,8,1,1,1,1,1,1,1,1,63.05
8910,10500,1590,1.1785,30,0,75.0,100,6,1,1,1,1,1,1,0,1,61.18
8778,6500,2278,0.7405,30,100,50.0,100,16,1,0,1,0,0,1,1,0,69.64
9272,14000,4728,1.5099,30,100,100.0,100,4,1,0,0,0,1,1,1,1,70.11
5205,9000,3795,1.7291,30,100,50.0,100,10,0,0,1,1,1,1,1,0,53.06
9788,10000,212,1.0217,30,0,100.0,100,8,0,0,1,0,1,1,1,1,67.74
6055,9500,3445,1.569,30,100,75.0,100,4,1,1,1,1,1,0,1,1,63.21
14467,9500,4967,0.6567,30,100,100,100,4,0,0,0,0,1,0,1,1,76.02
12041,9000,3041,0.7474,30,0,100,100,11,0,0,0,0,1,0,1,0,61.5
9313,7000,2313,0.7516,30,100,50.0,100,20,0,0,1,1,0,1,1,0,68.93
7416,7500,84,1.0113,30,0,33.33,100,15,1,1,0,1,0,1,1,0,59.86
5416,7000,1584,1.2925,30,0,100.0,100,14,0,1,1,0,1,1,1,0,60.98
8771,11000,2229,1.2541,30,0,100.0,100,10,0,0,1,0,1,1,1,1,64.38
10393,9500,893,0.9141,30,100,50.0,100,9,1,1,1,1,1,1,0,0,74.24
10823,14000,3177,1.2935,30,0,100,100,4,0,0,0,0,1,1,1,1,61.44
6745,8000,1255,1.1861,30,100,66.67,100,13,1,0,1,1,1,1,1,0,74.77
9506,8000,1506,0.8416,30,0,50.0,100,13,0,0,1,1,1,1,1,0,58.37
8934,13000,4066,1.4551,30,0,100.0,80,3,1,0,1,1,1,1,1,1,56.4
9955,8500,1455,0.8538,30,0,100,100,8,0,0,0,0,1,1,0,0,66.97
12601,9500,3101,0.7539,30,0,50.0,100,9,1,0,0,1,1,1,0,0,53.04
13576,11000,2576,0.8103,30,100,100.0,100,10,1,1,1,1,1,1,1,1,79.64
11045,1000,10045,0.0905,30,0,100.0,0,0,0,1,0,0,1,1,1,1,27.72
11493,10000,1493,0.8701,30,0,100.0,100,7,1,1,0,0,1,1,1,0,66.77
9969,9500,469,0.953,30,0,100,100,9,0,0,0,0,1,1,0,0,70.49
6042,10000,3958,1.6551,30,0,100.0,100,8,0,0,1,0,1,1,1,1,49.29
6864,7500,636,1.0927,30,100,0.0,100,15,1,0,0,0,0,1,1,0,63.64
12638,10500,2138,0.8308,30,0,100.0,100,6,0,0,0,1,1,1,0,1,64.67
8202,7000,1202,0.8535,30,0,0.0,100,20,1,0,0,0,0,1,1,0,49.41
10289,9000,1289,0.8747,30,100,50.0,100,11,1,1,1,1,1,0,1,0,74.1
13387,9500,3887,0.7096,30,0,75.0,100,4,1,1,1,1,1,0,1,1,55.9
9875,9000,875,0.9114,30,0,100.0,100,11,0,0,1,0,1,0,1,0,66.42
12011,13000,989,1.0823,30,100,100.0,80,3,1,1,1,1,1,1,1,1,81.91
13428,10000,3428,0.7447,30,100,100,100,8,0,0,0,0,1,1,1,1,77.27
6279,14000,7721,2.2297,30,100,100.0,100,4,0,1,0,0,1,1,1,1,58.99
6342,8500,2158,1.3403,30,0,100.0,100,12,1,0,0,0,1,1,1,0,62.63
13489,9500,3989,0.7043,30,100,75.0,100,4,1,1,1,1,1,0,1,1,74.55
8162,7000,1162,0.8576,30,100,100.0,100,14,0,0,1,0,1,1,1,0,81.22
9876,13000,3124,1.3163,30,100,100.0,80,3,0,1,0,0,1,1,1,1,70.56
5022,10000,4978,1.9912,100,0,100.0,100,8,1,1,1,1,1,1,1,1,56.99
7334,11000,3666,1.4999,30,100,100.0,100,10,1,1,0,1,1,1,1,1,69.63
10568,6500,4068,0.6151,30,0,50.0,100,16,0,0,1,1,0,1,1,0,49.55
9899,9000,899,0.9092,30,0,75.0,100,10,1,1,1,1,1,1,1,0,64.95
11024,7500,3524,0.6803,100,0,100,100,15,0,0,0,0,0,1,1,0,78.35
14393,12000,2393,0.8337,100,100,100.0,100,5,1,1,1,0,1,1,1,1,96.87
13244,9500,3744,0.7173,30,100,75.0,100,4,1,1,1,1,1,0,1,1,73.66
5094,12000,6906,2.3557,30,100,100.0,100,5,1,1,1,1,1,1,1,1,57.22
10198,9500,698,0.9316,30,100,66.67,100,9,1,1,1,0,1,1,0,0,77.73
12942,11500,1442,0.8886,30,100,100.0,100,5,0,0,1,0,1,0,1,1,84.69
11366,12000,634,1.0558,30,100,100.0,100,5,1,1,1,0,1,1,1,1,83.22
10713,7000,3713,0.6534,30,0,75.0,100,14,1,1,1,1,1,1,1,0,58.51
11648,10000,1648,0.8585,30,0,100.0,100,8,1,0,1,1,1,1,1,1,69.33
13714,10000,3714,0.7292,100,100,100.0,100,8,1,1,1,0,1,1,1,1,90.43
8789,14000,5211,1.5929,30,100,100.0,100,4,1,0,0,1,1,1,1,1,66.35
13376,9500,3876,0.7102,30,0,50.0,100,9,1,1,1,1,1,1,0,0,51.47
10139,1000,9139,0.0986,100,100,100.0,0,0,1,1,1,1,1,1,1,1,60.56
8382,10000,1618,1.193,30,100,100,100,8,0,0,0,0,1,1,1,1,82.63
10710,7000,3710,0.6536,30,0,100.0,100,14,1,0,1,0,1,1,1,0,60.27
7031,8500,1469,1.2089,30,0,66.67,100,8,1,1,0,1,1,1,0,0,60.58
10460,12000,1540,1.1472,30,100,100.0,100,5,0,1,0,1,1,1,1,1,82.04
10143,7500,2643,0.7394,30,0,0.0,100,15,1,0,0,0,0,1,1,0,43.54
7794,7000,794,0.8981,30,0,50.0,100,20,1,1,1,1,0,1,1,0,60.26
5979,6500,521,1.0871,30,100,100.0,100,16,0,0,1,0,0,1,1,0,83.21
11888,7500,4388,0.6309,30,0,100,100,15,0,0,0,0,0,1,1,0,57.51
8318,9000,682,1.082,30,0,50.0,100,11,1,1,1,1,1,0,1,0,58.3
14591,9000,5591,0.6168,30,100,100,100,10,0,0,0,0,1,1,1,0,76.19
10061,6500,3561,0.6461,100,0,100,100,16,0,0,0,0,0,1,1,0,72.73
13313,6500,6813,0.4882,30,0,66.67,100,16,0,1,1,1,0,1,1,0,47.32
13006,11000,2006,0.8458,30,0,100.0,100,10,0,1,0,1,1,1,1,1,66.88
7752,7000,752,0.903,30,100,50.0,100,20,1,0,1,0,0,1,1,0,76.02
14001,13000,1001,0.9285,30,0,100.0,80,3,1,0,1,1,1,1,1,1,68.71
5228,8500,3272,1.6259,30,0,100.0,100,8,1,0,0,0,1,1,0,0,51.29
12125,6500,5625,0.5361,30,0,50.0,100,16,1,0,1,0,0,1,1,0,44.53
12403,9000,3403,0.7256,30,0,66.67,100,10,1,1,0,1,1,1,1,0,55.92
9303,8500,803,0.9137,30,0,100,100,12,0,0,0,0,1,1,1,0,65.87
14382,9500,4882,0.6605,30,0,50.0,100,9,1,0,0,1,1,1,0,0,53.13
12312,14000,1688,1.1371,30,0,100.0,100,4,1,1,1,1,1,1,1,1,64.32
14135,13000,1135,0.9197,30,0,100.0,80,3,1,0,1,0,1,1,1,1,65.83
13861,10000,3861,0.7214,30,0,100,100,7,0,0,0,0,1,1,1,0,60.28
14940,12000,2940,0.8032,30,0,100.0,100,5,0,0,0,1,1,1,1,1,66.1
11811,8000,3811,0.6773,30,0,75.0,100,13,1,1,1,1,1,1,1,0,59.12
9537,12000,2463,1.2583,100,100,100.0,100,5,0,1,1,1,1,1,1,1,92.24
8472,1000,7472,0.118,30,100,100.0,0,0,1,0,0,0,1,1,1,1,44.82
8363,13000,4637,1.5545,100,100,100.0,80,3,1,1,1,1,1,1,1,1,77.76
5448,11000,5552,2.0191,30,100,100,100,10,0,0,0,0,1,1,1,1,54.65
14857,9000,5857,0.6058,30,100,33.33,100,11,1,1,0,1,1,0,1,0,61.3
7406,9000,1594,1.2152,30,0,66.67,100,10,1,0,1,1,1,1,1,0,55.11
13966,11500,2466,0.8234,30,0,66.67,100,5,0,1,1,1,1,0,1,1,58.83
6866,10000,3134,1.4565,30,0,100,100,7,0,0,0,0,1,1,1,0,57.67
8517,13000,4483,1.5264,30,0,100.0,80,3,1,0,0,1,1,1,1,1,49.57
14500,7000,7500,0.4828,30,0,75.0,100,14,1,1,1,1,1,1,1,0,52.19
13064,7000,6064,0.5358,30,0,50.0,100,20,1,1,1,1,0,1,1,0,45.01
7900,9500,1600,1.2025,30,0,100.0,100,4,1,0,1,0,1,0,1,1,65.91
14716,9500,5216,0.6456,30,0,33.33,100,9,0,1,1,1,1,1,0,0,46.85
9349,7500,1849,0.8022,30,100,50.0,100,15,1,1,1,1,0,1,1,0,71.25
5021,10000,4979,1.9916,30,100,100.0,100,8,1,0,0,1,1,1,1,1,57.17
5102,11000,5898,2.156,30,100,100.0,100,10,0,0,1,0,1,1,1,1,56.52
6144,8500,2356,1.3835,30,0,66.67,100,8,1,1,0,1,1,1,0,0,51.54
7808,10000,2192,1.2807,30,0,50.0,100,7,0,0,1,1,1,1,1,0,54.45
8010,1000,7010,0.1248,30,0,100.0,0,0,1,0,0,0,1,1,1,1,31.05
8288,7500,788,0.9049,30,100,100,100,15,0,0,0,0,0,1,1,0,84.17
6173,14000,7827,2.2679,30,100,100.0,100,4,0,0,0,1,1,1,1,1,53.04
9991,14000,4009,1.4013,30,0,100.0,100,4,1,1,1,1,1,1,1,1,59.21
11927,6500,5427,0.545,30,100,100.0,100,16,0,0,1,0,0,1,1,0,72.3
8535,8000,535,0.9373,100,100,50.0,100,13,0,1,0,1,1,1,1,0,88.57
14457,9000,5457,0.6225,30,0,100,100,11,0,0,0,0,1,0,1,0,56.99
14156,14000,156,0.989,30,100,100.0,100,4,0,1,0,1,1,1,1,1,88.16
6506,8000,1494,1.2296,30,100,100,100,13,0,0,0,0,1,1,1,0,78.38
8599,8500,99,0.9885,30,0,100.0,100,12,1,0,0,0,1,1,1,0,73.62
8675,6500,2175,0.7493,30,0,100.0,100,16,0,1,0,0,0,1,1,0,66.12
11397,6500,4897,0.5703,30,0,33.33,100,16,1,1,0,1,0,1,1,0,42.13
5408,8000,2592,1.4793,30,0,75.0,100,13,1,1,1,1,1,1,1,0,54.13
8403,12000,3597,1.4281,30,0,100.0,100,5,1,0,0,1,1,1,1,1,58.92
6762,8500,1738,1.257,30,100,100,100,12,0,0,0,0,1,1,1,0,78.49
5420,11500,6080,2.1218,30,100,0.0,100,5,0,1,0,0,1,0,1,1,36.74
7771,6500,1271,0.8364,30,100,100.0,100,16,0,1,1,0,0,1,1,0,83.38
13051,7500,5551,0.5747,30,0,100,100,15,0,0,0,0,0,1,1,0,57.91
5601,9000,3399,1.6069,30,100,0.0,100,10,0,0,0,1,1,1,1,0,49.1
14504,13000,1504,0.8963,100,0,100.0,80,3,1,1,1,1,1,1,1,1,76.29
11857,10000,1857,0.8434,30,0,100.0,100,8,1,1,1,1,1,1,1,1,63.94
8751,7000,1751,0.7999,30,0,50.0,100,14,1,0,0,1,1,1,1,0,56.36
14858,9500,5358,0.6394,30,0,100.0,100,9,1,1,0,0,1,1,0,0,58.27
8353,9500,1147,1.1373,30,100,100.0,100,4,1,0,0,0,1,0,1,1,84.25
13573,9500,4073,0.6999,30,100,50.0,100,9,1,1,1,1,1,1,0,0,68.03
11157,9500,1657,0.8515,30,0,100.0,100,4,1,0,0,0,1,0,1,1,68.69
12419,7500,4919,0.6039,30,100,100,100,15,0,0,0,0,0,1,1,0,74.76
11068,9000,2068,0.8132,30,0,50.0,100,11,0,0,1,1,1,0,1,0,54.51
14462,11000,3462,0.7606,100,100,100.0,100,10,1,1,1,1,1,1,1,1,93.76
12825,6500,6325,0.5068,30,0,100.0,100,16,0,1,0,0,0,1,1,0,56.6
7604,7000,604,0.9206,30,0,33.33,100,20,1,0,1,1,0,1,1,0,57.54
11998,9000,2998,0.7501,30,100,100,100,10,0,0,0,0,1,1,1,0,78.81
14871,9500,5371,0.6388,30,0,100.0,100,4,0,0,1,0,1,0,1,1,61.03
12532,7500,5032,0.5985,30,0,0.0,100,15,1,0,0,1,0,1,1,0,41.06
11332,11000,332,0.9707,30,0,100.0,100,10,0,0,1,0,1,1,1,1,67.8
7855,10000,2145,1.2731,30,0,100.0,100,8,1,1,1,1,1,1,1,1,65.55
14734,9000,5734,0.6108,100,100,100.0,100,10,1,0,0,0,1,1,1,0,90.29
8694,11000,2306,1.2652,30,0,100.0,100,10,0,1,1,1,1,1,1,1,61.74
9939,8500,1439,0.8552,30,100,100.0,100,8,1,0,0,0,1,1,0,0,79.0
10058,9500,558,0.9445,30,0,50.0,100,9,1,1,1,1,1,1,0,0,57.79
6763,14000,7237,2.0701,30,100,100,100,4,0,0,0,0,1,1,1,1,58.88
5764,8000,2236,1.3879,30,100,50.0,100,13,0,0,1,1,1,1,1,0,65.52
8627,11500,2873,1.333,30,100,100,100,5,0,0,0,0,1,0,1,1,76.0
9871,11000,1129,1.1144,30,0,100.0,100,10,0,1,0,0,1,1,1,1,66.47
12042,9000,3042,0.7474,30,0,100.0,100,11,0,0,1,0,1,0,1,0,61.38
8727,1000,7727,0.1146,30,0,100.0,0,0,1,1,1,1,1,1,1,1,31.71
14983,1000,13983,0.0667,30,0,100.0,0,0,1,1,0,1,1,1,1,1,26.77
9858,7000,2858,0.7101,30,0,50.0,100,20,1,1,1,1,0,1,1,0,52.28
7324,10000,2676,1.3654,30,100,100.0,100,8,0,1,0,0,1,1,1,1,75.73
8851,13000,4149,1.4688,30,0,100.0,80,3,1,1,0,1,1,1,1,1,51.39
8825,9000,175,1.0198,30,0,66.67,100,10,1,0,1,1,1,1,1,0,62.22
9444,8000,1444,0.8471,30,0,100.0,100,13,1,0,1,0,1,1,1,0,66.27
8505,14000,5495,1.6461,30,0,100.0,100,4,1,1,1,1,1,1,1,1,52.15
9150,6500,2650,0.7104,30,0,0.0,100,16,1,0,0,0,0,1,1,0,43.58
9654,9000,654,0.9323,30,0,66.67,100,11,1,0,1,1,1,0,1,0,59.47
7408,9000,1592,1.2149,30,0,50.0,100,11,1,1,1,1,1,0,1,0,57.08
13303,8500,4803,0.639,30,100,100,100,12,0,0,0,0,1,1,1,0,77.16
13346,11500,1846,0.8617,30,0,100,100,5,0,0,0,0,1,0,1,1,65.62
12353,9000,3353,0.7286,30,100,50.0,100,11,0,0,1,1,1,0,1,0,67.23
7895,8000,105,1.0133,30,100,75.0,100,13,1,1,1,1,1,1,1,0,83.47
5802,10000,4198,1.7235,30,0,100,100,8,0,0,0,0,1,1,1,1,51.85
9850,8500,1350,0.8629,30,0,100.0,100,12,1,1,1,0,1,1,1,0,64.25
7990,8500,510,1.0638,100,0,0.0,100,8,0,0,1,0,1,1,0,0,65.73
9767,13000,3233,1.331,30,0,100.0,80,3,0,1,1,1,1,1,1,1,60.09
8115,8500,385,1.0474,30,0,100.0,100,12,1,0,1,0,1,1,1,0,71.91
14977,10000,4977,0.6677,30,100,100,100,8,0,0,0,0,1,1,1,1,75.65
9257,10000,743,1.0803,30,0,100.0,100,8,1,1,0,1,1,1,1,1,68.67
9052,8500,552,0.939,30,0,100.0,100,12,0,1,0,0,1,1,1,0,67.65
10103,7000,3103,0.6929,100,0,100,100,20,0,0,0,0,0,1,1,0,76.87
8890,9500,610,1.0686,30,0,100.0,100,9,0,1,0,0,1,1,0,0,71.52
9879,8500,1379,0.8604,30,0,66.67,100,8,1,1,0,1,1,1,0,0,60.86
13783,10000,3783,0.7255,30,0,75.0,100,7,1,1,1,1,1,1,1,0,59.36
8242,8500,258,1.0313,30,0,50.0,100,12,0,1,0,1,1,1,1,0,58.44
11273,10000,1273,0.8871,100,100,100.0,100,8,0,1,1,1,1,1,1,1,94.74
12284,10000,2284,0.8141,30,0,100,100,7,0,0,0,0,1,1,1,0,64.77
5861,8500,2639,1.4503,30,0,100,100,12,0,0,0,0,1,1,1,0,59.12
12050,7000,5050,0.5809,30,0,100.0,100,14,1,0,0,0,1,1,1,0,57.11
11706,9000,2706,0.7688,30,0,100,100,11,0,0,0,0,1,0,1,0,64.72
6218,9000,2782,1.4474,30,0,50.0,100,10,1,0,0,1,1,1,1,0,49.69
14958,7500,7458,0.5014,30,100,50.0,100,15,0,0,1,1,0,1,1,0,60.18
11161,1000,10161,0.0896,30,0,100.0,0,0,1,1,1,1,1,1,1,1,28.28
10397,14000,3603,1.3465,30,0,100.0,100,4,0,0,1,0,1,1,1,1,63.52
5917,10000,4083,1.69,30,0,100.0,100,8,0,1,1,1,1,1,1,1,52.93
8398,7000,1398,0.8335,30,0,50.0,100,20,1,1,1,1,0,1,1,0,54.03
12866,9000,3866,0.6995,30,0,100.0,100,11,1,0,1,0,1,0,1,0,63.1
11800,8000,3800,0.678,30,0,100.0,100,13,0,0,1,0,1,1,1,0,63.42
5426,8500,3074,1.5665,30,0,66.67,100,8,1,1,1,0,1,1,0,0,48.56
5700,9000,3300,1.5789,30,0,0.0,100,11,0,1,0,1,1,0,1,0,36.58
9395,11000,1605,1.1708,30,100,100.0,100,10,1,1,0,1,1,1,1,1,79.44
10081,6500,3581,0.6448,30,0,100,100,16,0,0,0,0,0,1,1,0,61.18
5164,7000,1836,1.3555,30,0,75.0,100,14,1,1,1,1,1,1,1,0,52.87
8348,10000,1652,1.1979,30,0,100.0,100,7,1,0,0,0,1,1,1,0,65.47
13614,8500,5114,0.6244,30,100,50.0,100,8,1,1,1,1,1,1,0,0,64.69
5250,9000,3750,1.7143,30,0,33.33,100,11,1,1,0,1,1,0,1,0,36.98
10836,8500,2336,0.7844,30,100,100.0,100,12,0,1,0,0,1,1,1,0,76.92
11555,10500,1055,0.9087,30,100,100.0,100,6,1,1,0,0,1,1,0,1,83.46
14199,10000,4199,0.7043,30,0,75.0,100,7,1,1,1,1,1,1,1,0,58.87
10783,10500,283,0.9738,30,100,75.0,100,6,1,1,1,1,1,1,0,1,77.31
9551,11000,1449,1.1517,30,0,100.0,100,10,1,0,1,1,1,1,1,1,66.43
9941,8000,1941,0.8047,30,100,100.0,100,13,1,0,0,0,1,1,1,0,82.67
13467,9500,3967,0.7054,30,0,100,100,9,0,0,0,0,1,1,0,0,61.0
7991,11000,3009,1.3765,30,0,100.0,100,10,1,0,1,1,1,1,1,1,59.96
7326,7000,326,0.9555,30,100,100.0,100,14,0,1,1,0,1,1,1,0,85.67
9603,11500,1897,1.1975,30,0,75.0,100,5,1,1,1,1,1,0,1,1,61.04
14473,8500,5973,0.5873,30,0,100,100,8,0,0,0,0,1,1,0,0,60.33
12803,8500,4303,0.6639,100,0,75.0,100,12,1,1,1,1,1,1,1,0,71.62
13702,6500,7202,0.4744,30,0,100,100,16,0,0,0,0,0,1,1,0,52.97
11277,1000,10277,0.0887,30,0,100.0,0,0,1,1,1,1,1,1,1,1,28.53
9084,10000,916,1.1008,30,100,50.0,100,7,0,0,1,1,1,1,1,0,75.66
7784,7500,284,0.9635,30,0,100,100,15,0,0,0,0,0,1,1,0,72.28
7623,8500,877,1.115,30,100,66.67,100,12,1,1,0,1,1,1,1,0,77.7
13482,9000,4482,0.6676,30,100,66.67,100,10,1,1,0,1,1,1,1,0,66.63
10791,8000,2791,0.7414,100,0,75.0,100,13,1,1,1,1,1,1,1,0,74.7
7409,11500,4091,1.5522,30,100,100.0,100,5,1,0,0,1,1,0,1,1,71.28
6126,14000,7874,2.2853,30,100,100.0,100,4,0,1,0,1,1,1,1,1,53.04
13200,7000,6200,0.5303,100,0,50.0,100,14,0,0,1,1,1,1,1,0,62.6
5214,9500,4286,1.822,30,100,100,100,9,0,0,0,0,1,1,0,0,60.25
7665,1000,6665,0.1305,30,0,100.0,0,0,1,0,1,0,1,1,1,1,30.34
14400,11000,3400,0.7639,30,0,100,100,10,0,0,0,0,1,1,1,1,66.03
12169,9000,3169,0.7396,30,0,33.33,100,11,1,1,0,1,1,0,1,0,49.86
5226,12000,6774,2.2962,100,0,100.0,100,5,0,1,1,1,1,1,1,1,55.3
9074,9000,74,0.9918,30,100,0.0,100,11,0,1,0,0,1,0,1,0,65.24
11749,1000,10749,0.0851,30,100,100.0,0,0,1,0,0,1,1,1,1,1,44.1
6035,1000,5035,0.1657,100,0,100.0,0,0,1,0,0,1,1,1,1,1,42.85
8462,14000,5538,1.6545,30,100,100.0,100,4,0,0,1,0,1,1,1,1,68.36
12654,7000,5654,0.5532,30,0,100.0,100,14,0,0,1,0,1,1,1,0,58.79
8986,1000,7986,0.1113,30,0,100.0,0,0,1,0,1,1,1,1,1,1,31.32
5480,9000,3520,1.6423,30,0,0.0,100,10,0,0,0,1,1,1,1,0,30.97
11225,8000,3225,0.7127,30,0,100,100,13,0,0,0,0,1,1,1,0,61.73
10793,9500,1293,0.8802,30,100,50.0,100,9,0,1,0,1,1,1,0,0,70.61
8656,9000,344,1.0397,30,100,66.67,100,11,1,0,1,1,1,0,1,0,75.78
6301,9500,3199,1.5077,30,100,100.0,100,4,0,0,0,1,1,0,1,1,72.97
8050,14000,5950,1.7391,30,0,100.0,100,4,1,0,1,0,1,1,1,1,47.24
14116,11500,2616,0.8147,30,100,75.0,100,5,1,1,1,1,1,0,1,1,73.05
11310,13000,1690,1.1494,100,0,100.0,80,3,1,0,1,1,1,1,1,1,77.56
9621,8500,1121,0.8835,100,0,50.0,100,12,0,0,1,1,1,1,1,0,70.51
14651,9500,5151,0.6484,30,100,50.0,100,9,0,1,0,1,1,1,0,0,67.15
7444,8500,1056,1.1419,30,100,100,100,12,0,0,0,0,1,1,1,0,79.29
13032,8500,4532,0.6522,30,0,66.67,100,12,0,1,1,1,1,1,1,0,55.36
8210,10000,1790,1.218,30,0,100.0,100,8,1,1,1,1,1,1,1,1,62.38
5502,11500,5998,2.0901,30,0,75.0,100,5,1,1,1,1,1,0,1,1,35.09
5237,14000,8763,2.6733,30,0,100.0,100,4,1,1,1,1,1,1,1,1,42.34
10685,10000,685,0.9359,100,0,100,100,7,0,0,0,0,1,1,1,0,82.24
5089,7000,1911,1.3755,30,0,50.0,100,14,0,1,0,1,1,1,1,0,48.79
13276,1000,12276,0.0753,30,100,100.0,0,0,1,1,1,1,1,1,1,1,42.09
9987,12000,2013,1.2016,30,100,100.0,100,5,1,1,1,1,1,1,1,1,77.04
7822,11500,3678,1.4702,30,0,50.0,100,5,1,1,0,0,1,0,1,1,48.82
6196,9000,2804,1.4526,30,100,100.0,100,10,1,0,1,0,1,1,1,0,74.37
11527,10500,1027,0.9109,30,100,100,100,6,0,0,0,0,1,1,0,1,86.22
11675,13000,1325,1.1135,30,100,100.0,80,3,1,0,1,1,1,1,1,1,80.02
5861,7000,1139,1.1943,30,0,0.0,100,20,0,0,0,1,0,1,1,0,44.21
7477,13000,5523,1.7387,30,100,100.0,80,3,0,0,1,0,1,1,1,1,62.7
7794,10500,2706,1.3472,100,0,75.0,100,6,1,1,1,1,1,1,0,1,71.68
11096,6500,4596,0.5858,30,100,100,100,16,0,0,0,0,0,1,1,0,75.5
10339,8500,1839,0.8221,30,0,66.67,100,12,1,0,1,1,1,1,1,0,61.69
8642,11500,2858,1.3307,30,0,0.0,100,5,0,1,0,0,1,0,1,1,43.93
5592,9500,3908,1.6989,30,0,66.67,100,9,1,1,1,0,1,1,0,0,42.55
6252,7000,748,1.1196,30,0,50.0,100,20,1,1,1,1,0,1,1,0,57.94
5613,8500,2887,1.5143,30,0,100.0,100,12,0,1,0,0,1,1,1,0,57.61
10423,9500,923,0.9114,30,0,50.0,100,9,1,1,1,1,1,1,0,0,55.35
11175,8500,2675,0.7606,30,0,50.0,100,12,1,0,0,1,1,1,1,0,50.89
7228,14000,6772,1.9369,30,0,100.0,100,4,0,1,0,0,1,1,1,1,45.86
6294,11500,5206,1.8271,100,100,100,100,5,0,0,0,0,1,0,1,1,72.24
5482,10000,4518,1.8242,30,0,100.0,100,7,0,1,0,0,1,1,1,0,49.2
13167,7500,5667,0.5696,100,0,0.0,100,15,1,0,0,0,0,1,1,0,53.52
11632,10500,1132,0.9027,30,0,100.0,100,6,0,1,0,1,1,1,0,1,66.26
9669,13000,3331,1.3445,30,0,100,80,3,0,0,0,0,1,1,1,1,55.08
6519,6500,19,0.9971,30,0,33.33,100,16,1,0,1,1,0,1,1,0,59.96
10039,1000,9039,0.0996,30,0,100.0,0,0,1,1,1,1,1,1,1,1,29.23
13616,9500,4116,0.6977,30,0,100.0,100,4,1,0,0,0,1,0,1,1,61.24
8698,10000,1302,1.1497,30,100,66.67,100,7,0,1,1,1,1,1,1,0,74.9
5790,7000,1210,1.209,30,0,100.0,100,20,0,0,1,0,0,1,1,0,65.89
7685,8500,815,1.1061,30,0,50.0,100,8,1,1,1,1,1,1,0,0,56.72
9433,7000,2433,0.7421,100,0,100.0,100,14,0,1,0,0,1,1,1,0,75.41
13243,7500,5743,0.5663,30,0,50.0,100,15,0,1,0,1,0,1,1,0,47.15
13825,10500,3325,0.7595,30,0,75.0,100,6,1,1,1,1,1,1,0,1,61.37
10232,8500,1732,0.8307,30,0,100.0,100,12,0,0,1,0,1,1,1,0,67.28
5499,7500,2001,1.3639,30,0,33.33,100,15,1,0,1,1,0,1,1,0,44.43
7654,7000,654,0.9146,30,0,66.67,100,20,1,1,1,0,0,1,1,0,62.77
11886,8500,3386,0.7151,30,100,100,100,8,0,0,0,0,1,1,0,0,75.33
9427,8500,927,0.9017,100,0,66.67,100,12,0,1,1,1,1,1,1,0,75.98
7247,1000,6247,0.138,30,100,100.0,0,0,1,0,1,0,1,1,1,1,43.21
5844,9500,3656,1.6256,30,100,66.67,100,4,1,1,1,0,1,0,1,1,60.2
12181,1000,11181,0.0821,30,0,100.0,0,0,1,1,1,0,1,1,1,1,29.74
6114,9000,2886,1.472,30,100,100.0,100,10,1,0,0,0,1,1,1,0,71.21
6333,14000,7667,2.2106,30,100,100.0,100,4,1,1,1,0,1,1,1,1,55.73
5653,11500,5847,2.0343,100,100,100.0,100,5,0,0,1,0,1,0,1,1,68.94
12382,7000,5382,0.5653,30,0,50.0,100,20,0,0,1,1,0,1,1,0,45.99
13251,13000,251,0.9811,30,100,100.0,80,3,1,1,0,0,1,1,1,1,83.97
13279,8500,4779,0.6401,30,0,75.0,100,12,1,1,1,1,1,1,1,0,55.33
8421,11500,3079,1.3656,30,0,75.0,100,5,1,1,1,1,1,0,1,1,53.0
12139,9000,3139,0.7414,30,100,100.0,100,11,1,0,0,0,1,0,1,0,75.91
10226,13000,2774,1.2713,100,100,100.0,80,3,1,1,1,1,1,1,1,1,89.04
13214,8500,4714,0.6433,30,0,75.0,100,12,1,1,1,1,1,1,1,0,53.64
6499,1000,5499,0.1539,30,0,100.0,0,0,1,1,1,1,1,1,1,1,29.69
8132,7500,632,0.9223,30,0,50.0,100,15,1,1,1,1,0,1,1,0,56.42
8912,9000,88,1.0099,30,100,100.0,100,10,1,0,0,0,1,1,1,0,86.96
14649,11500,3149,0.785,30,100,100.0,100,5,1,0,1,1,1,0,1,1,78.41
13386,1000,12386,0.0747,30,100,100.0,0,0,1,0,0,1,1,1,1,1,46.22
11000,10000,1000,0.9091,30,0,50.0,100,7,0,1,0,1,1,1,1,0,61.04
7490,1000,6490,0.1335,30,100,100.0,0,0,1,1,1,1,1,1,1,1,42.92
14973,7500,7473,0.5009,30,100,100.0,100,15,0,0,1,0,0,1,1,0,68.69
6240,7000,760,1.1218,100,0,100.0,100,20,0,1,0,0,0,1,1,0,79.95
6518,11500,4982,1.7643,30,0,100.0,100,5,0,0,0,1,1,0,1,1,46.0
14557,9000,5557,0.6183,30,0,66.67,100,11,1,0,1,1,1,0,1,0,52.2
11098,14000,2902,1.2615,30,0,100.0,100,4,0,1,1,1,1,1,1,1,63.01
11391,9500,1891,0.834,30,0,66.67,100,9,1,1,0,1,1,1,0,0,57.76
10350,11500,1150,1.1111,30,0,100.0,100,5,1,0,0,0,1,0,1,1,68.16
6479,11000,4521,1.6978,100,0,100.0,100,10,0,0,1,0,1,1,1,1,63.19
7669,9500,1831,1.2388,30,100,33.33,100,9,0,1,1,1,1,1,0,0,68.01
9462,14000,4538,1.4796,30,0,100.0,100,4,1,0,0,1,1,1,1,1,54.05
13425,10000,3425,0.7449,30,0,100.0,100,7,1,0,1,0,1,1,1,0,62.44
8379,8500,121,1.0144,30,0,100,100,8,0,0,0,0,1,1,0,0,71.41
10490,10000,490,0.9533,30,0,100.0,100,7,0,1,1,0,1,1,1,0,66.9
12846,11500,1346,0.8952,30,0,100.0,100,5,0,0,1,0,1,0,1,1,68.18
11806,8000,3806,0.6776,100,0,100.0,100,13,1,1,1,0,1,1,1,0,75.25
9489,8000,1489,0.8431,30,100,100.0,100,13,1,1,0,0,1,1,1,0,83.71
7892,10000,2108,1.2671,30,0,100.0,100,8,1,1,1,1,1,1,1,1,60.29
7432,7000,432,0.9419,30,0,50.0,100,20,1,1,1,1,0,1,1,0,58.58
11651,7000,4651,0.6008,30,100,75.0,100,14,1,1,1,1,1,1,1,0,70.87
14694,13000,1694,0.8847,100,0,100.0,80,3,1,1,1,1,1,1,1,1,77.06
6864,1000,5864,0.1457,30,0,100.0,0,0,1,0,0,1,1,1,1,1,31.14
6837,11000,4163,1.6089,30,0,100.0,100,10,1,0,0,1,1,1,1,1,51.42
14585,6500,8085,0.4457,30,100,50.0,100,16,1,1,1,1,0,1,1,0,61.87
7370,9500,2130,1.289,30,100,50.0,100,9,1,1,1,1,1,1,0,0,68.46
9804,11500,1696,1.173,30,100,100.0,100,5,1,0,0,0,1,0,1,1,80.84
9387,9500,113,1.012,30,0,33.33,100,9,1,0,1,1,1,1,0,0,60.24
13601,7000,6601,0.5147,100,0,100.0,100,20,0,1,0,0,0,1,1,0,71.8
10779,6500,4279,0.603,100,0,0.0,100,16,0,0,0,1,0,1,1,0,52.92
11225,12000,775,1.069,30,0,100.0,100,5,1,1,0,0,1,1,1,1,69.05
14697,9000,5697,0.6124,30,0,75.0,100,10,1,1,1,1,1,1,1,0,52.62
7427,14000,6573,1.885,30,0,100.0,100,4,1,1,1,1,1,1,1,1,45.16
11865,7000,4865,0.59,100,0,100.0,100,14,1,1,0,0,1,1,1,0,70.97
10477,10000,477,0.9545,30,0,100.0,100,8,0,1,1,1,1,1,1,1,72.34
7172,9000,1828,1.2549,30,100,33.33,100,11,1,1,0,1,1,0,1,0,62.77
12675,10500,2175,0.8284,30,0,50.0,100,6,0,0,1,1,1,1,0,1,53.39
14466,7000,7466,0.4839,100,0,50.0,100,20,1,1,1,1,0,1,1,0,60.36
8053,9500,1447,1.1797,30,0,50.0,100,9,0,1,1,0,1,1,0,0,55.5
13727,13000,727,0.947,30,0,100.0,80,3,0,1,0,1,1,1,1,1,68.39
9934,11000,1066,1.1073,30,0,100.0,100,10,0,0,1,1,1,1,1,1,70.58
11188,12000,812,1.0726,30,0,100.0,100,5,1,1,1,1,1,1,1,1,68.93
9241,9000,241,0.9739,30,0,100,100,10,0,0,0,0,1,1,1,0,69.87
8048,10000,1952,1.2425,30,0,100.0,100,7,0,1,0,0,1,1,1,0,60.9
10684,9500,1184,0.8892,100,100,66.67,100,9,1,1,0,1,1,1,0,0,91.68
5070,10500,5430,2.071,30,0,100,100,6,0,0,0,0,1,1,0,1,39.03
9150,11000,1850,1.2022,30,0,100.0,100,10,0,0,0,1,1,1,1,1,62.37
14051,10500,3551,0.7473,30,0,0.0,100,6,0,0,1,0,1,1,0,1,40.7
5025,10500,5475,2.0896,30,0,100.0,100,6,1,0,0,1,1,1,0,1,40.63
11641,10000,1641,0.859,30,0,66.67,100,7,1,0,1,1,1,1,1,0,60.18
5551,9500,3949,1.7114,30,0,50.0,100,4,0,1,0,1,1,0,1,1,41.92
11854,11500,354,0.9701,100,0,100.0,100,5,1,0,1,1,1,0,1,1,86.24
10348,11000,652,1.063,30,0,100.0,100,10,1,0,1,1,1,1,1,1,66.71
13282,12000,1282,0.9035,30,0,100.0,100,5,0,1,1,0,1,1,1,1,65.25
8187,10500,2313,1.2825,30,0,100.0,100,6,0,1,0,0,1,1,0,1,63.13
5859,14000,8141,2.3895,30,100,100.0,100,4,0,0,1,1,1,1,1,1,55.49
14578,10500,4078,0.7203,30,0,50.0,100,6,0,1,1,0,1,1,0,1,50.49
11268,12000,732,1.065,30,100,100.0,100,5,1,1,1,1,1,1,1,1,84.1
6209,11500,5291,1.8522,30,0,66.67,100,5,1,1,0,1,1,0,1,1,36.79
13728,7000,6728,0.5099,30,0,50.0,100,20,0,0,1,1,0,1,1,0,48.74
10864,14000,3136,1.2887,30,0,100.0,100,4,0,1,1,0,1,1,1,1,64.95
6145,8500,2355,1.3832,30,100,100,100,12,0,0,0,0,1,1,1,0,75.12
10727,9000,1727,0.839,30,0,100,100,11,0,0,0,0,1,0,1,0,68.53
7059,14000,6941,1.9833,30,0,100.0,100,4,1,1,1,1,1,1,1,1,44.32
9875,10000,125,1.0127,30,100,66.67,100,7,1,0,1,1,1,1,1,0,81.81
13061,6500,6561,0.4977,30,100,50.0,100,16,1,1,1,1,0,1,1,0,61.09
11063,11000,63,0.9943,30,100,100.0,100,10,0,1,0,1,1,1,1,1,86.14
6095,9500,3405,1.5587,30,0,100,100,9,0,0,0,0,1,1,0,0,56.62
10796,10000,796,0.9263,30,0,100,100,8,0,0,0,0,1,1,1,1,65.9
12266,12000,266,0.9783,30,0,100,100,5,0,0,0,0,1,1,1,1,69.05
8933,9000,67,1.0075,30,0,100,100,11,0,0,0,0,1,0,1,0,68.37
8924,10000,1076,1.1206,30,0,100.0,100,8,0,1,1,1,1,1,1,1,65.82
7248,10000,2752,1.3797,30,0,100.0,100,8,0,1,1,1,1,1,1,1,57.15
7345,7500,155,1.0211,30,0,100.0,100,15,0,1,0,0,0,1,1,0,71.31
11387,8500,2887,0.7465,30,100,100,100,12,0,0,0,0,1,1,1,0,80.2
13316,9000,4316,0.6759,30,0,100,100,11,0,0,0,0,1,0,1,0,59.22
11251,12000,749,1.0666,30,0,100.0,100,5,0,0,1,0,1,1,1,1,71.64
8423,14000,5577,1.6621,30,0,100,100,4,0,0,0,0,1,1,1,1,48.51
7498,9500,2002,1.267,30,0,50.0,100,9,0,1,0,1,1,1,0,0,55.57
6094,1000,5094,0.1641,30,100,100.0,0,0,1,0,1,1,1,1,1,1,43.67
7388,8500,1112,1.1505,30,100,100.0,100,8,0,1,0,0,1,1,0,0,80.48
9511,13000,3489,1.3668,30,100,100.0,80,3,1,1,0,0,1,1,1,1,71.28
8213,9000,787,1.0958,30,0,100.0,100,10,0,1,0,0,1,1,1,0,69.18
5985,11000,5015,1.8379,30,0,100.0,100,10,1,1,1,1,1,1,1,1,44.14
8659,8500,159,0.9816,30,100,75.0,100,12,1,1,1,1,1,1,1,0,82.23
8007,11500,3493,1.4362,30,100,100.0,100,5,1,0,1,1,1,0,1,1,72.09
6443,6500,57,1.0088,30,0,100,100,16,0,0,0,0,0,1,1,0,68.86
7432,9500,2068,1.2783,30,0,0.0,100,4,0,1,0,0,1,0,1,1,41.27
9263,11500,2237,1.2415,30,0,100,100,5,0,0,0,0,1,0,1,1,65.86
6956,8000,1044,1.1501,30,0,66.67,100,13,1,0,1,1,1,1,1,0,59.47
7753,8000,247,1.0319,100,0,75.0,100,13,1,1,1,1,1,1,1,0,78.84
8666,8500,166,0.9808,30,0,100,100,8,0,0,0,0,1,1,0,0,70.16
9646,11000,1354,1.1404,30,100,100.0,100,10,0,1,1,0,1,1,1,1,83.36
10463,7500,2963,0.7168,30,0,33.33,100,15,1,0,1,1,0,1,1,0,50.4
12419,7000,5419,0.5637,30,0,50.0,100,14,0,0,1,1,1,1,1,0,49.18
12511,10000,2511,0.7993,30,100,100,100,7,0,0,0,0,1,1,1,0,81.61
14044,10500,3544,0.7477,30,0,0.0,100,6,0,0,1,0,1,1,0,1,44.86
7673,12000,4327,1.5639,30,100,100.0,100,5,1,1,1,1,1,1,1,1,67.53
8218,8000,218,0.9735,30,100,66.67,100,13,1,1,0,1,1,1,1,0,78.51
8632,7500,1132,0.8689,30,100,0.0,100,15,0,0,0,1,0,1,1,0,63.26
6226,11500,5274,1.8471,30,0,66.67,100,5,1,1,1,0,1,0,1,1,41.83
11084,10000,1084,0.9022,30,100,0.0,100,7,0,0,0,1,1,1,1,0,61.35
5155,10500,5345,2.0369,30,0,100,100,6,0,0,0,0,1,1,0,1,42.45
14521,11500,3021,0.792,30,0,75.0,100,5,1,1,1,1,1,0,1,1,61.14
5160,1000,4160,0.1938,30,0,100.0,0,0,0,1,1,1,1,1,1,1,32.31
13175,14000,825,1.0626,30,0,100.0,100,4,0,1,1,1,1,1,1,1,70.28
11994,9000,2994,0.7504,30,0,100,100,11,0,0,0,0,1,0,1,0,65.66
14005,13000,1005,0.9282,30,0,100.0,80,3,0,1,0,1,1,1,1,1,67.52
13006,10500,2506,0.8073,30,100,100,100,6,0,0,0,0,1,1,0,1,78.97
10142,7000,3142,0.6902,30,0,50.0,100,14,1,0,0,1,1,1,1,0,53.14
5046,10500,5454,2.0809,30,0,66.67,100,6,0,1,1,1,1,1,0,1,31.35
14393,13000,1393,0.9032,30,100,100.0,80,3,1,0,1,1,1,1,1,1,80.98
5023,10000,4977,1.9908,100,100,100,100,8,0,0,0,0,1,1,1,1,72.51
11717,14000,2283,1.1948,30,0,100.0,100,4,0,0,1,0,1,1,1,1,63.29
11838,10500,1338,0.887,30,0,50.0,100,6,0,1,1,0,1,1,0,1,55.63
8206,8500,294,1.0358,30,0,100.0,100,12,0,1,0,0,1,1,1,0,72.89
11981,8000,3981,0.6677,30,0,50.0,100,13,1,0,0,1,1,1,1,0,53.94
8623,1000,7623,0.116,30,100,100.0,0,0,1,1,1,1,1,1,1,1,41.6
11005,1000,10005,0.0909,30,0,100.0,0,0,1,1,1,1,1,1,1,1,28.61
13621,11000,2621,0.8076,30,0,100.0,100,10,1,0,0,1,1,1,1,1,65.24
14093,9000,5093,0.6386,30,0,50.0,100,11,1,1,0,0,1,0,1,0,50.3
10353,14000,3647,1.3523,30,100,100,100,4,0,0,0,0,1,1,1,1,77.7
12517,8500,4017,0.6791,30,0,50.0,100,8,1,1,1,1,1,1,0,0,53.03
13521,7500,6021,0.5547,30,100,50.0,100,15,0,0,1,1,0,1,1,0,61.6
9391,8000,1391,0.8519,100,0,50.0,100,13,0,1,0,1,1,1,1,0,72.38
9326,7000,2326,0.7506,30,100,100.0,100,14,1,0,0,0,1,1,1,0,80.99
12778,8500,4278,0.6652,30,0,100,100,8,0,0,0,0,1,1,0,0,58.92
7970,12000,4030,1.5056,30,0,100.0,100,5,1,0,0,1,1,1,1,1,57.65
8376,7000,1376,0.8357,30,100,0.0,100,14,0,0,0,1,1,1,1,0,62.8
9458,13000,3542,1.3745,30,0,100.0,80,3,1,1,1,1,1,1,1,1,56.49
5353,12000,6647,2.2417,30,0,100.0,100,5,1,1,0,1,1,1,1,1,39.34
13080,13000,80,0.9939,30,100,100.0,80,3,1,0,1,1,1,1,1,1,85.53
11327,8500,2827,0.7504,30,0,100,100,12,0,0,0,0,1,1,1,0,62.44
10110,9000,1110,0.8902,30,0,50.0,100,10,0,1,0,1,1,1,1,0,59.15
9722,10500,778,1.08,30,100,100.0,100,6,1,0,0,0,1,1,0,1,81.69
14564,10000,4564,0.6866,30,0,100.0,100,8,0,1,0,1,1,1,1,1,59.13
7922,12000,4078,1.5148,30,100,100.0,100,5,1,0,0,1,1,1,1,1,71.68
9529,14000,4471,1.4692,30,100,100.0,100,4,1,1,1,1,1,1,1,1,70.52
8297,9500,1203,1.145,30,100,100,100,9,0,0,0,0,1,1,0,0,81.44
9478,7000,2478,0.7386,30,0,0.0,100,14,0,0,0,1,1,1,1,0,41.69
8454,14000,5546,1.656,30,0,100.0,100,4,0,1,0,0,1,1,1,1,50.34
10128,12000,1872,1.1848,30,100,100.0,100,5,0,1,1,0,1,1,1,1,79.92
13045,8500,4545,0.6516,30,0,100.0,100,12,0,1,0,0,1,1,1,0,63.55
9693,8500,1193,0.8769,30,100,100.0,100,8,0,1,0,0,1,1,0,0,84.06
13719,9500,4219,0.6925,30,0,100,100,9,0,0,0,0,1,1,0,0,64.65
12024,7000,5024,0.5822,30,0,0.0,100,20,0,0,0,1,0,1,1,0,38.52
10910,8000,2910,0.7333,30,0,100,100,13,0,0,0,0,1,1,1,0,64.85
8779,10000,1221,1.1391,30,100,100,100,8,0,0,0,0,1,1,1,1,83.12
14003,8000,6003,0.5713,30,0,100.0,100,13,1,1,1,0,1,1,1,0,57.41
10717,14000,3283,1.3063,30,0,100.0,100,4,1,0,1,0,1,1,1,1,62.08
14833,6500,8333,0.4382,30,0,50.0,100,16,0,1,0,1,0,1,1,0,43.01
5106,10000,4894,1.9585,30,0,100.0,100,8,1,1,1,1,1,1,1,1,41.02
12861,10000,2861,0.7775,30,100,100.0,100,8,1,0,0,1,1,1,1,1,77.94
9435,11000,1565,1.1659,30,0,100.0,100,10,1,1,0,0,1,1,1,1,65.01
8597,11500,2903,1.3377,30,0,66.67,100,5,1,1,0,1,1,0,1,1,53.43
9605,7000,2605,0.7288,30,100,0.0,100,14,0,0,0,1,1,1,1,0,60.66
9543,14000,4457,1.467,30,0,100,100,4,0,0,0,0,1,1,1,1,56.69
13963,13000,963,0.931,30,0,100.0,80,3,1,1,1,1,1,1,1,1,66.88
9926,9500,426,0.9571,30,100,100,100,9,0,0,0,0,1,1,0,0,82.27
8104,10000,1896,1.234,30,0,100.0,100,8,0,1,0,1,1,1,1,1,64.47
8166,8500,334,1.0409,30,100,50.0,100,8,1,1,1,1,1,1,0,0,74.78
8655,9500,845,1.0976,30,100,100,100,4,0,0,0,0,1,0,1,1,80.36
6289,11500,5211,1.8286,30,0,66.67,100,5,0,1,1,1,1,0,1,1,39.55
10525,6500,4025,0.6176,30,100,100,100,16,0,0,0,0,0,1,1,0,75.13
10563,10000,563,0.9467,30,100,100.0,100,8,0,0,1,0,1,1,1,1,85.33
14892,12000,2892,0.8058,30,100,100.0,100,5,0,1,0,0,1,1,1,1,80.9
8560,8500,60,0.993,30,0,50.0,100,8,1,0,1,0,1,1,0,0,62.04
9748,9500,248,0.9746,30,100,50.0,100,4,1,1,0,0,1,0,1,1,76.74
6481,11000,4519,1.6973,30,100,100.0,100,10,1,1,1,1,1,1,1,1,65.65
14398,10000,4398,0.6945,100,0,100,100,8,0,0,0,0,1,1,1,1,74.58
11693,14000,2307,1.1973,30,0,100.0,100,4,0,1,1,0,1,1,1,1,67.86
9191,8500,691,0.9248,100,100,50.0,100,8,1,1,1,1,1,1,0,0,88.92
7888,10000,2112,1.2677,30,100,100.0,100,7,1,0,1,0,1,1,1,0,78.38
12633,9000,3633,0.7124,30,100,75.0,100,10,1,1,1,1,1,1,1,0,72.85
10551,8500,2051,0.8056,30,100,66.67,100,12,0,1,1,1,1,1,1,0,75.84
10679,9500,1179,0.8896,30,100,0.0,100,9,0,0,1,0,1,1,0,0,59.96
14571,9500,5071,0.652,30,0,100.0,100,4,1,0,1,0,1,0,1,1,59.06
9211,10000,789,1.0857,100,0,66.67,100,7,1,1,0,1,1,1,1,0,76.95
14262,12000,2262,0.8414,30,0,100.0,100,5,0,1,1,1,1,1,1,1,65.99
8624,11500,2876,1.3335,30,100,100.0,100,5,0,0,0,1,1,0,1,1,76.04
12136,10000,2136,0.824,30,100,100.0,100,7,1,0,1,0,1,1,1,0,80.72
14080,6500,7580,0.4616,30,100,33.33,100,16,1,0,1,1,0,1,1,0,57.99
9061,10000,939,1.1036,30,0,100.0,100,8,0,1,0,0,1,1,1,1,67.44
10297,8500,1797,0.8255,30,100,100,100,12,0,0,0,0,1,1,1,0,78.31
10488,8500,1988,0.8105,30,0,100.0,100,8,1,1,0,0,1,1,0,0,68.15
11627,7500,4127,0.6451,30,0,50.0,100,15,1,1,0,0,0,1,1,0,50.47
8131,1000,7131,0.123,30,100,100.0,0,0,1,0,0,0,1,1,1,1,44.42
6646,8500,1854,1.279,30,0,66.67,100,12,0,1,1,1,1,1,1,0,57.31
12257,9500,2757,0.7751,100,100,50.0,100,4,1,1,0,0,1,0,1,1,86.15
5345,10000,4655,1.8709,30,100,100.0,100,8,1,1,0,0,1,1,1,1,58.76
6541,9500,2959,1.4524,30,0,75.0,100,4,1,1,1,1,1,0,1,1,50.3
5607,12000,6393,2.1402,30,0,100,100,5,0,0,0,0,1,1,1,1,43.03
5296,9000,3704,1.6994,30,0,0.0,100,11,0,1,0,1,1,0,1,0,30.4
6287,11000,4713,1.7496,30,100,100.0,100,10,1,0,1,0,1,1,1,1,65.8
10815,8500,2315,0.7859,30,100,50.0,100,12,1,0,0,1,1,1,1,0,68.75
14838,7000,7838,0.4718,30,0,100.0,100,14,0,0,1,0,1,1,1,0,54.76
7400,14000,6600,1.8919,30,100,100.0,100,4,0,0,1,0,1,1,1,1,62.18
9402,12000,2598,1.2763,30,100,100.0,100,5,0,1,0,1,1,1,1,1,77.01
7542,10000,2458,1.3259,30,100,100,100,8,0,0,0,0,1,1,1,1,77.4
8221,7500,721,0.9123,30,0,50.0,100,15,1,1,1,1,0,1,1,0,58.61
14379,7000,7379,0.4868,30,0,66.67,100,20,1,1,1,0,0,1,1,0,49.79
10332,11500,1168,1.113,30,0,75.0,100,5,1,1,1,1,1,0,1,1,59.61
8843,8500,343,0.9612,30,0,100.0,100,12,1,0,0,0,1,1,1,0,72.17
8003,10000,1997,1.2495,30,0,50.0,100,7,1,0,0,1,1,1,1,0,50.52
11869,9500,2369,0.8004,30,100,0.0,100,9,0,0,1,0,1,1,0,0,58.69
8946,11500,2554,1.2855,30,0,100,100,5,0,0,0,0,1,0,1,1,62.64
9681,7500,2181,0.7747,30,0,100.0,100,15,0,1,1,0,0,1,1,0,65.49
10087,10000,87,0.9914,30,0,100,100,8,0,0,0,0,1,1,1,1,70.78
9060,7500,1560,0.8278,30,100,33.33,100,15,1,1,0,1,0,1,1,0,65.62
13425,9000,4425,0.6704,30,0,100.0,100,11,1,0,0,0,1,0,1,0,61.44
8130,7500,630,0.9225,30,0,50.0,100,15,1,1,1,1,0,1,1,0,58.04
10058,10000,58,0.9942,30,100,100.0,100,8,1,1,1,0,1,1,1,1,87.91
8261,10000,1739,1.2105,100,0,100.0,100,7,1,0,1,0,1,1,1,0,80.19
6315,1000,5315,0.1584,30,0,100.0,0,0,1,1,1,1,1,1,1,1,28.81
6098,9000,2902,1.4759,100,0,75.0,100,10,1,1,1,1,1,1,1,0,63.93
8541,7000,1541,0.8196,30,0,75.0,100,14,1,1,1,1,1,1,1,0,62.03
7737,9000,1263,1.1632,30,0,66.67,100,11,1,0,1,1,1,0,1,0,62.32
12019,6500,5519,0.5408,30,0,66.67,100,16,0,1,1,1,0,1,1,0,50.51
7939,11000,3061,1.3856,30,0,100.0,100,10,1,1,1,1,1,1,1,1,61.71
7993,8000,7,1.0009,30,100,75.0,100,13,1,1,1,1,1,1,1,0,79.48
11058,9000,2058,0.8139,30,0,0.0,100,10,0,0,0,1,1,1,1,0,46.16
9055,11500,2445,1.27,30,100,75.0,100,5,1,1,1,1,1,0,1,1,73.19
11391,8000,3391,0.7023,30,0,100.0,100,13,1,1,0,0,1,1,1,0,59.31
7678,8500,822,1.1071,30,0,100,100,12,0,0,0,0,1,1,1,0,67.36
5308,11000,5692,2.0723,30,0,100.0,100,10,1,1,1,1,1,1,1,1,39.51
8498,8500,2,1.0002,30,0,100,100,8,0,0,0,0,1,1,0,0,70.59
6264,10000,3736,1.5964,30,100,100.0,100,7,1,0,1,0,1,1,1,0,67.19
13431,7000,6431,0.5212,30,100,100.0,100,14,0,1,0,0,1,1,1,0,73.93
12667,10000,2667,0.7895,30,0,100.0,100,7,1,0,1,0,1,1,1,0,62.58
14781,12000,2781,0.8119,100,100,100.0,100,5,1,1,0,0,1,1,1,1,96.8
11985,8500,3485,0.7092,30,100,50.0,100,12,0,0,1,1,1,1,1,0,66.88
9609,13000,3391,1.3529,30,0,100.0,80,3,0,1,1,1,1,1,1,1,56.3
9663,9500,163,0.9831,30,0,50.0,100,9,0,1,0,1,1,1,0,0,61.75
5336,12000,6664,2.2489,100,100,100.0,100,5,0,0,1,0,1,1,1,1,71.62
12468,8500,3968,0.6817,30,100,100,100,12,0,0,0,0,1,1,1,0,75.35
8478,12000,3522,1.4154,30,100,100.0,100,5,1,1,1,1,1,1,1,1,72.19
10383,10000,383,0.9631,30,0,100.0,100,7,1,1,0,0,1,1,1,0,72.24
11007,7000,4007,0.636,30,0,50.0,100,20,1,1,1,1,0,1,1,0,51.24
8963,10000,1037,1.1157,30,0,100.0,100,8,0,0,1,0,1,1,1,1,65.63
8024,13000,4976,1.6201,30,0,100.0,80,3,1,1,1,1,1,1,1,1,47.19
6247,9500,3253,1.5207,30,100,50.0,100,9,1,0,0,1,1,1,0,0,57.89
11359,10000,1359,0.8804,30,0,100.0,100,8,0,0,1,1,1,1,1,1,67.97
6020,9500,3480,1.5781,30,0,100.0,100,4,0,0,1,0,1,0,1,1,55.97
10457,8000,2457,0.765,30,0,100,100,13,0,0,0,0,1,1,1,0,66.16
11233,1000,10233,0.089,100,100,100.0,0,0,1,1,1,1,1,1,1,1,59.53
14864,9000,5864,0.6055,30,0,33.33,100,11,1,1,0,1,1,0,1,0,47.96
10818,9500,1318,0.8782,30,100,100,100,9,0,0,0,0,1,1,0,0,85.33
12230,1000,11230,0.0818,100,0,100.0,0,0,1,0,1,1,1,1,1,1,39.8
12826,9000,3826,0.7017,30,100,100,100,11,0,0,0,0,1,0,1,0,78.73
5475,7500,2025,1.3699,30,100,50.0,100,15,1,1,1,1,0,1,1,0,67.69
14915,7500,7415,0.5028,30,0,66.67,100,15,1,1,1,0,0,1,1,0,49.76
9528,9000,528,0.9446,30,100,75.0,100,10,1,1,1,1,1,1,1,0,79.8
11335,8000,3335,0.7058,30,0,100,100,13,0,0,0,0,1,1,1,0,63.81
7349,10500,3151,1.4288,30,0,50.0,100,6,1,0,1,0,1,1,0,1,46.23
9123,7000,2123,0.7673,100,0,100,100,20,0,0,0,0,0,1,1,0,76.78
9122,10500,1378,1.1511,30,0,75.0,100,6,1,1,1,1,1,1,0,1,63.84
6587,10500,3913,1.594,30,0,100.0,100,6,0,1,0,1,1,1,0,1,54.59
14715,6500,8215,0.4417,30,0,100.0,100,16,0,1,0,0,0,1,1,0,56.5
5277,12000,6723,2.274,30,0,100.0,100,5,1,0,0,0,1,1,1,1,42.88
7282,10000,2718,1.3732,30,0,66.67,100,7,1,0,1,1,1,1,1,0,52.66
14929,10000,4929,0.6698,30,0,100.0,100,7,0,1,1,0,1,1,1,0,61.65
10832,7000,3832,0.6462,30,0,100.0,100,14,1,1,0,0,1,1,1,0,61.91
10652,11000,348,1.0327,30,0,100.0,100,10,1,0,0,0,1,1,1,1,71.53
9302,8500,802,0.9138,30,100,100,100,8,0,0,0,0,1,1,0,0,84.56
7702,7000,702,0.9089,30,0,100.0,100,14,0,0,1,0,1,1,1,0,70.1
13568,10000,3568,0.737,30,0,100.0,100,8,0,0,1,1,1,1,1,1,65.9
10970,10500,470,0.9572,30,0,100.0,100,6,0,1,0,0,1,1,0,1,71.37
14848,10500,4348,0.7072,30,0,75.0,100,6,1,1,1,1,1,1,0,1,55.6
10463,9500,963,0.908,30,100,66.67,100,9,1,1,0,1,1,1,0,0,75.22
10875,8500,2375,0.7816,100,0,100.0,100,12,0,1,0,0,1,1,1,0,81.25
